"Name","Pokedex Number","Type1","Type2","Classification","Height (m)","Weight (kg)","Abilities","Generation","Legendary Status","Ecology"
"Bulbasaur","1","Grass","Poison","Seed Pokémon","0.7","6.9","Overgrow, Chlorophyll","1","No","Bulbasaur are commonly found in grasslands and forests, often near bodies of water. They are herbivores, primarily consuming plant matter and absorbing nutrients from sunlight through the bulb on their back. Bulbasaur are social Pokémon, often living in small groups and displaying a calm and gentle nature."
"Ivysaur","2","Grass","Poison","Seed Pokémon","1","13","Overgrow, Chlorophyll","1","No","Ivysaur inhabit forests and grasslands. They are herbivores that consume plant matter. As the bud on their back grows larger, they spend more time basking in the sun to aid in photosynthesis. They tend to be solitary, though they tolerate the presence of other Ivysaur. Ivysaur are generally calm but can become territorial during the blooming season."
"Venusaur","3","Grass","Poison","Seed Pokémon","2","100","Overgrow, Chlorophyll","1","No","Venusaur live in dense forests and jungles, thriving in areas with abundant sunlight and moisture. They are herbivores and derive energy from photosynthesis, using the large flower on their back. Venusaur are solitary creatures but gather during the blooming season, releasing a pleasant aroma that attracts other Pokémon. They are calm and benevolent, often sharing their energy with weakened Pokémon."
"Charmander","4","Fire","","Lizard Pokémon","0.6","8.5","Blaze, Solar-power","1","No","Charmander are found in rocky areas and mountainous regions with warm climates. They are omnivorous, feeding on insects, berries, and occasionally small animals. Charmander are typically solitary and prefer to keep to themselves. They have a fiery personality and are known for their strong-willed and determined nature."
"Charmeleon","5","Fire","","Flame Pokémon","1.1","19","Blaze, Solar-power","1","No","Charmeleon inhabit rocky and volcanic areas with hot climates. They are carnivorous, preying on small mammals and birds. Charmeleon are solitary Pokémon with a more aggressive temperament compared to Charmander. They are known for their competitive nature, constantly seeking to prove their strength and power."
"Charizard","6","Fire","Flying","Flame Pokémon","1.7","90.5","Blaze, Solar-power","1","No","Charizard inhabit mountainous regions and volcanic areas, often nesting on high peaks. They are omnivorous, feeding on a variety of foods including fruits, small animals, and occasionally volcanic rocks for minerals. Charizard are solitary creatures and are fiercely independent. They are known for their pride and can be quite aggressive, especially if provoked, seeking strong opponents to test their might."
"Squirtle","7","Water","","Tiny Turtle Pokémon","0.5","9","Torrent, Rain-dish","1","No","Squirtle are commonly found near freshwater sources such as ponds, rivers, and lakes. They are omnivorous, feeding on aquatic plants, algae, and small crustaceans. Squirtle often live in small groups and are known for their playful and mischievous nature. They enjoy squirting water at unsuspecting passersby and are generally friendly and sociable Pokémon."
"Wartortle","8","Water","","Turtle Pokémon","1","22.5","Torrent, Rain-dish","1","No","Wartortle inhabit freshwater environments like lakes and rivers. They are omnivorous, consuming aquatic plants and small aquatic creatures. Wartortle are solitary Pokémon and tend to be cautious and wary of their surroundings. They are known for their wisdom and longevity, with some Wartortle living for over a century. They are revered for their flowing tail, which is a symbol of good luck and longevity."
"Blastoise","9","Water","","Shellfish Pokémon","1.6","85.5","Torrent, Rain-dish","1","No","Blastoise inhabit coastal regions and islands, preferring marine environments. They are carnivorous, feeding on fish, crustaceans, and other marine life. Blastoise are solitary Pokémon, and are known for their power and resilience. They are calm and protective, often acting as guardians of their territory."
"Caterpie","10","Bug","","Worm Pokémon","0.3","2.9","Shield-dust, Run-away","1","No","Caterpie are found in forests, grasslands, and gardens, often dwelling on leaves and branches of trees. They are herbivores, feeding primarily on plant leaves and using their strong jaws to munch through foliage. Caterpie are typically solitary creatures and have a docile and timid nature. They are known for their vibrant green coloration and are often seen as harmless and gentle Pokémon."
"Metapod","11","Bug","","Cocoon Pokémon","0.7","9.9","Shed-skin","1","No","Metapod inhabit forests and wooded areas, often attached to tree trunks or branches. They are in a pupal stage and do not actively feed. Metapod are solitary Pokémon and spend most of their time motionless, conserving energy as they undergo metamorphosis. They have a hardened exoskeleton and are vulnerable to predators during this stage. They are patient and resilient, awaiting the transformation into their final form."
"Butterfree","12","Bug","Flying","Butterfly Pokémon","1.1","32","Compound-eyes, Tinted-lens","1","No","Butterfree live in forests, meadows, and gardens, often near flowering plants. They feed on nectar from flowers, using their long proboscis to extract nutrients. Butterfree are social Pokémon and gather in large groups during mating season. They are gentle and graceful creatures, known for their vibrant wings and are considered symbols of beauty and transformation."
"Weedle","13","Bug","Poison","Hairy Bug Pokémon","0.3","3.2","Shield-dust, Run-away","1","No","Weedle are found in forests, grasslands, and wooded areas. They are herbivores that consume leaves and other plant matter. Weedle are typically solitary and are known for their timid nature, using their poisonous stinger as a defense mechanism. They camouflage among foliage to avoid detection."
"Kakuna","14","Bug","Poison","Cocoon Pokémon","0.6","10","Shed-skin","1","No","Kakuna inhabit forests and wooded areas, similar to Weedle. They are in a pupal stage, attaching themselves to trees to undergo metamorphosis. Kakuna are sedentary, remaining motionless while they develop into Beedrill, and they are solitary creatures during this pupal stage."
"Beedrill","15","Bug","Poison","Poison Bee Pokémon","1","29.5","Swarm, Sniper","1","No","Beedrill frequent forests and grasslands, and they often nest in colonies. They are carnivorous, preying on smaller insects and other invertebrates. Beedrill are social Pokémon, living in groups led by a Queen Beedrill. They can be aggressive, using their venomous stingers to defend their territory and nests."
"Pidgey","16","Normal","Flying","Tiny Bird Pokémon","0.3","1.8","Keen-eye, Tangled-feet, Big-pecks","1","No","Pidgey are commonly found in grassy fields and forests near human settlements. They form small flocks and forage for seeds and berries. Pidgey are generally docile and easily approachable, making them popular among novice trainers."
"Pidgeotto","17","Normal","Flying","Bird Pokémon","1.1","30","Keen-eye, Tangled-feet, Big-pecks","1","No","Pidgeotto are found in forests and woodlands, often nesting in tall trees. They are territorial and hunt for smaller prey such as Wurmple and Caterpie. Pidgeotto are more assertive than Pidgey and require a trainer with a confident demeanor."
"Pidgeot","18","Normal","Flying","Bird Pokémon","1.5","39.5","Keen-eye, Tangled-feet, Big-pecks","1","No","Pidgeot soar over vast plains and mountainous regions. They are apex predators, capable of hunting larger prey like Magikarp and Pidove. Pidgeot are proud and majestic, forming strong bonds with trainers who earn their respect through strength and kindness."
"Rattata","19","Normal","","Mouse Pokémon","0.3","3.5","Run-away, Guts, Hustle","1","No","Rattata thrive in urban environments, fields, and forests, scavenging for food. They have a diet consisting of berries, nuts, and discarded food items. Highly adaptable, Rattata are known for their ability to quickly reproduce. These Pokémon are often considered pests due to their large numbers and tendency to invade human settlements."
"Raticate","20","Normal","","Mouse Pokémon","0.7","18.5","Run-away, Guts, Hustle","1","No","Raticate are adaptable and inhabit diverse environments, including urban areas and forests. They are nocturnal predators, feeding on various foods, including berries, nuts, and small animals. Known for their large teeth that constantly grow, Raticate need to gnaw on hard objects to keep them filed down. These Pokémon are highly intelligent and can be quite territorial."
"Spearow","21","Normal","Flying","Tiny Bird Pokémon","0.3","2","Keen-eye, Sniper","1","No","Spearow live in grasslands and fields, often near farms and ranches, where they feed on insects and seeds. These Pokémon have a habit of pecking at the ground in search of food. Spearow are territorial and can be aggressive, especially when defending their nests. They form flocks, led by a more powerful Spearow."
"Fearow","22","Normal","Flying","Beak Pokémon","1.2","38","Keen-eye, Sniper","1","No","Fearow are typically found in open fields, mountains, and rocky terrains. They are solitary hunters, preying on smaller Pokémon and insects. Fearow are known for their exceptional flying speed and agility. Their long beaks are well-suited for snatching prey from both land and water. These Pokémon are proud and aloof."
"Ekans","23","Poison","","Snake Pokémon","2","6.9","Intimidate, Shed-skin, Unnerve","1","No","Ekans inhabit grasslands, forests, and rocky areas, often blending into the environment with their patterned skin. They feed on small rodents and insects, constricting their prey before consuming it. Solitary hunters, Ekans are commonly found basking in the sun during the day and are more active during the night."
"Arbok","24","Poison","","Cobra Pokémon","3.5","65","Intimidate, Shed-skin, Unnerve","1","No","Arbok prefer tropical and subtropical climates, inhabiting forests and jungles. These Pokémon are solitary predators, feeding on small mammals and birds. Arbok are known for the intimidating patterns on their hoods, which they use to scare off potential threats. They are nocturnal and can be quite aggressive."
"Pikachu","25","Electric","","Mouse Pokémon","0.4","6","Static, Lightning-rod","1","No","Pikachu are found in forests, meadows, and occasionally near human settlements. They typically live in small groups and communicate using electrical signals. Pikachu eat berries, nuts, and fruits, storing electricity in their cheek pouches. Friendly and curious, Pikachu are known for their playful behavior and willingness to bond with humans."
"Raichu","26","Electric","","Mouse Pokémon","0.8","30","Static, Lightning-rod","1","No","Raichu are commonly found in forests, grasslands, and urban areas. These Pokémon tend to be solitary and are more active during the day. They consume berries, nuts, and seeds, charging their bodies with electricity. Raichu can store large amounts of electricity, sometimes needing to discharge excess energy to avoid overloads. While usually calm, Raichu can become aggressive when threatened."
"Sandshrew","27","Ground","","Mouse Pokémon","0.6","12","Sand-veil, Sand-rush","1","No","Sandshrew typically reside in arid and semi-arid environments, such as deserts and rocky terrains. They burrow underground to escape extreme heat and predators. These Pokémon primarily eat insects and roots, using their claws to dig them up. Solitary creatures, Sandshrew are known for their shy nature, often curling into a ball when threatened."
"Sandslash","28","Ground","","Mouse Pokémon","1","29.5","Sand-veil, Sand-rush","1","No","Sandslash prefer arid and mountainous regions, where they dig elaborate tunnels for shelter and hibernation. They hunt for insects and small Pokémon, using their sharp claws and thick scales for defense. Sandslash are mostly solitary creatures, fiercely defending their territories from intruders. They can also curl into a spiked ball to protect themselves."
"Nidoran-f","29","Poison","","Poison Pin Pokémon","0.4","7","Poison-point, Rivalry, Hustle","1","No","Nidoran♀ can be found in grassy plains and fields, often living in colonies with other Nidoran. These Pokémon primarily feed on berries and plant roots. They have a gentle nature but can become defensive when protecting their young or territory. Nidoran♀ communicate using a variety of calls and scents."
"Nidorina","30","Poison","","Poison Pin Pokémon","0.8","20","Poison-point, Rivalry, Hustle","1","No","Nidorina are typically found in grasslands and plains, living in herds with other Nidoran. These Pokémon forage for berries and roots, often wandering long distances in search of food. Nidorina are maternal and protective of their young, displaying more assertiveness than Nidoran♀. They use their horns for defense and communication."
"Nidoqueen","31","Poison","Ground","Drill Pokémon","1.3","60","Poison-point, Rivalry, Sheer-force","1","No","Nidoqueen are often found in grasslands and plains, establishing complex tunnel systems. They are herbivores, consuming roots, berries, and leafy plants. Nidoqueen are social creatures, living in small family groups led by the strongest female. They are known for their protective nature, especially towards their young."
"Nidoran-m","32","Poison","","Poison Pin Pokémon","0.5","9","Poison-point, Rivalry, Hustle","1","No","Nidoran-m are commonly found in grassy areas and fields. They are omnivores, feeding on seeds, insects, and berries. These Pokémon tend to be solitary, marking their territory with their toxic horn. They are often cautious and easily startled."
"Nidorino","33","Poison","","Poison Pin Pokémon","0.9","19.5","Poison-point, Rivalry, Hustle","1","No","Nidorino are found in fields and plains. They are primarily herbivores but occasionally eat insects. Nidorino tend to be solitary and are territorial, often engaging in battles with other Nidorino. They are known for their aggressive nature."
"Nidoking","34","Poison","Ground","Drill Pokémon","1.4","62","Poison-point, Rivalry, Sheer-force","1","No","Nidoking inhabit grassy plains and savannas, digging deep burrows for shelter. They are omnivores, with a diet consisting of plants, roots, and small animals. Nidoking are territorial and solitary, fiercely defending their domain. They are aggressive and powerful."
"Clefairy","35","Fairy","","Fairy Pokémon","0.6","7.5","Cute-charm, Magic-guard, Friend-guard","1","No","Clefairy live in mountainous regions, particularly in areas with lunar energy. They are herbivores, consuming berries and fruits. Clefairy are social and live in groups, often dancing under the moonlight. They are shy and gentle Pokémon."
"Clefable","36","Fairy","","Fairy Pokémon","1.3","40","Cute-charm, Magic-guard, Unaware","1","No","Clefable are found in quiet, mountainous areas, preferring locations with high concentrations of moonlight. They primarily consume forest fruits and berries, often seeking out the sweetest varieties. Clefable are social creatures, living in small, tight-knit groups. They are known for their gentle nature and soothing presence."
"Vulpix","37","Fire","","Fox Pokémon","0.6","9.9","Flash-fire, Drought","1","No","Vulpix are commonly found in grasslands and forests near volcanic areas. They are omnivores, eating berries, insects, and small rodents. Vulpix are social and live in small packs. They are known for their playful and mischievous personality."
"Ninetales","38","Fire","","Fox Pokémon","1.1","19.9","Flash-fire, Drought","1","No","Ninetales are found in mountainous regions and grasslands, especially near sources of natural fire. They are carnivores, hunting small animals. Ninetales are solitary and highly intelligent. They are known for their elegance and wisdom."
"Jigglypuff","39","Normal","Fairy","Balloon Pokémon","0.5","5.5","Cute-charm, Competitive, Friend-guard","1","No","Jigglypuff inhabit grassy areas and forests. They are herbivores, eating berries and sweet fruits. Jigglypuff are generally solitary but can gather in small groups. They are known for their singing abilities and their tendency to draw on the faces of those who fall asleep during their performances."
"Wigglytuff","40","Normal","Fairy","Balloon Pokémon","1","12","Cute-charm, Competitive, Frisk","1","No","Wigglytuff inhabit lush forests and meadows. They are omnivores, eating berries, fruits, and small insects. Wigglytuff are social creatures, living in small, friendly groups. They are known for their soft, plush fur and gentle nature."
"Zubat","41","Poison","Flying","Bat Pokémon","0.8","7.5","Inner-focus, Infiltrator","1","No","Zubat live in dark caves and forests, avoiding sunlight. They are hematophagous, feeding on the blood of other creatures. Zubat are social and live in large colonies. They navigate using echolocation and are most active at night."
"Golbat","42","Poison","Flying","Bat Pokémon","1.6","55","Inner-focus, Infiltrator","1","No","Golbat reside in dark caves and ruins, avoiding sunlight. They are hematophagous, consuming blood from other creatures. Golbat are social and live in colonies. They navigate using echolocation and are most active during the night. They are known for their stealth and ability to sneak up on prey."
"Oddish","43","Grass","Poison","Weed Pokémon","0.5","5.4","Chlorophyll, Run-away","1","No","Oddish are found in grassy fields and forests. They are primarily herbivores, absorbing nutrients from the soil and consuming sunlight through their leaves. Oddish are social, often congregating in groups. They are known for their nocturnal behavior, burying themselves in the soil during the day."
"Gloom","44","Grass","Poison","Weed Pokémon","0.8","8.6","Chlorophyll, Stench","1","No","Gloom inhabit forests and damp areas. They are primarily herbivores, absorbing nutrients from the soil and feeding on decaying matter. Gloom are often solitary. They are known for their foul odor, which attracts prey."
"Vileplume","45","Grass","Poison","Flower Pokémon","1.2","18.6","Chlorophyll, Effect-spore","1","No","Vileplume inhabit lush forests and meadows. They are herbivores, absorbing nutrients from the soil and pollinating other plants. Vileplume are often solitary, using their large petals to attract prey. They are known for their vibrant colors and strong pollen."
"Paras","46","Bug","Grass","Mushroom Pokémon","0.3","5.4","Effect-spore, Dry-skin, Damp","1","No","Paras inhabit damp, dark forests, often found beneath decaying logs where they feed on tree roots. They have a symbiotic relationship with the mushroom growing on their back, which leeches nutrients from the Pokémon. These mushrooms can also release spores for reproduction. Paras are generally solitary, although several may gather in areas rich in food. They tend to be shy and docile."
"Parasect","47","Bug","Grass","Mushroom Pokémon","1","29.5","Effect-spore, Dry-skin, Damp","1","No","Parasect are commonly found in forests with damp, shaded environments, where they can sustain themselves by absorbing nutrients from tree roots and the forest floor. They are primarily solitary, driven by the giant mushroom on their back. The mushroom dictates their actions, making them zombie-like. They are known to swarm forests, stripping them bare to feed the fungus."
"Venonat","48","Bug","Poison","Insect Pokémon","1","30","Compound-eyes, Tinted-lens, Run-away","1","No","Venonat are nocturnal Pokémon, often found in forests and grasslands. They are attracted to bright lights and gather around streetlamps or illuminated buildings at night. They have a diet consisting primarily of insects, which they locate using their large compound eyes. Venonat are solitary hunters, often seen fluttering around in search of prey. They are known for their calm demeanor."
"Venomoth","49","Bug","Poison","Poison Moth Pokémon","1.5","12.5","Shield-dust, Tinted-lens, Wonder-skin","1","No","Venomoth are nocturnal Pokémon found in forests and grasslands, often near bodies of water. They feed on plant sap and pollen, using their wings to dust these materials. They navigate using their scales as sonar and can release poisonous powder as a defense mechanism. They tend to be solitary creatures except during mating season."
"Diglett","50","Ground","","Mole Pokémon","0.2","0.8","Sand-veil, Arena-trap, Sand-force","1","No","Diglett live underground in burrows, typically found in fields and gardens. They feed on plant roots and insects they find in the soil. Diglett create networks of tunnels, aerating the soil and supporting plant growth. They tend to live in small groups and are rarely seen above ground."
"Dugtrio","51","Ground","","Mole Pokémon","0.7","33.3","Sand-veil, Arena-trap, Sand-force","1","No","Dugtrio live underground in intricate networks of tunnels, primarily in fields and rocky terrains. They feed on roots and small insects, creating tunnels that aerate the soil. Dugtrio often collaborate within their trio, exhibiting coordinated behavior for digging and foraging. They tend to live in small, tight-knit groups."
"Meowth","52","Normal","","Scratch Cat Pokémon","0.4","4.2","Pickup, Technician, Unnerve","1","No","Meowth are commonly found in urban areas, scavenging for food and shiny objects. They are nocturnal and often seen prowling rooftops and alleys. Their diet includes scraps and discarded food items. Meowth are social creatures, often forming gangs and engaging in playful fights. They are known for their cunning and love of collecting coins."
"Persian","53","Normal","","Classy Cat Pokémon","1","32","Limber, Technician, Unnerve","1","No","Persian are commonly found in urban areas, often kept as pets by wealthy trainers. They prefer clean environments and are meticulously groomed. Their diet includes high-quality cat food and treats. Persian are solitary creatures, preferring to be alone and showing a regal demeanor. They are known for their elegance and charm."
"Psyduck","54","Water","","Duck Pokémon","0.8","19.6","Damp, Cloud-nine, Swift-swim","1","No","Psyduck live in freshwater environments, such as lakes and ponds, where they hunt for aquatic plants and small fish. They are clumsy and often cause accidental chaos. Psyduck tend to live in small groups, and their personalities vary. Some are forgetful and spacey, while others are stressed and prone to headaches."
"Golduck","55","Water","","Duck Pokémon","1.7","76.6","Damp, Cloud-nine, Swift-swim","1","No","Golduck inhabit freshwater environments, like lakes and rivers, feeding on fish and aquatic plants. They are skilled swimmers and are often found diving to great depths. Golduck live in small, loose groups and are known for their intelligence and graceful movements. They can be territorial and are generally calm unless provoked."
"Mankey","56","Fighting","","Pig Monkey Pokémon","0.5","28","Vital-spirit, Anger-point, Defiant","1","No","Mankey are typically found in mountainous and rocky terrains, living in trees, they feed on berries and fruits. They are highly territorial and known for their volatile tempers. Mankey live in small groups, constantly competing for dominance. They are easily agitated and prone to fits of rage."
"Primeape","57","Fighting","","Pig Monkey Pokémon","1","32","Vital-spirit, Anger-point, Defiant","1","No","Primeape inhabit mountainous regions, living in caves, feeding on plants and berries, they are territorial and extremely aggressive. Primeape are solitary Pokémon and spend most of their time seeking a strong opponent. Known to chase anyone who makes them angry."
"Growlithe","58","Fire","","Puppy Pokémon","0.7","19","Intimidate, Flash-fire, Justified","1","No","Growlithe are found in grassy plains and rocky terrains, living in small packs and maintaining watch over their territory, Growlithe are extremely loyal, courageous, and protective Pokémon, which makes them suitable partners for trainers. Growlithe are typically energetic."
"Arcanine","59","Fire","","Legendary Pokémon","1.9","155","Intimidate, Flash-fire, Justified","1","No","Arcanine inhabit grassy plains and rocky terrains, often guarding their territory alongside their pack. Arcanine are known for their loyalty and speed and are often employed as assistance for people. While Arcanine are known to travel on their own, they are generally found within packs, following an Alpha. Arcanine are extremely loyal and willing to sacrifice themselves."
"Poliwag","60","Water","","Tadpole Pokémon","0.6","12.4","Water-absorb, Damp, Swift-swim","1","No","Poliwag live in freshwater environments such as ponds and rivers. They swim using their long tails and are often seen near the water's surface. Poliwag are social creatures and live in large groups, swimming together in search of food. They filter feed on algae and microorganisms."
"Poliwhirl","61","Water","","Tadpole Pokémon","1","20","Water-absorb, Damp, Swift-swim","1","No","Poliwhirl is found in freshwater habitats like rivers and lakes. They feed on small aquatic plants and insects. They are social creatures, often seen in small groups. Poliwhirl are known to be playful and energetic, enjoying swimming and splashing around."
"Poliwrath","62","Water","Fighting","Tadpole Pokémon","1.3","54","Water-absorb, Damp, Swift-swim","1","No","Poliwrath inhabits freshwater environments, preferring areas with dense vegetation for hunting. They have a carnivorous diet, feeding on fish and other small aquatic creatures. Poliwrath are solitary hunters, fiercely defending their territory. They are known for their powerful muscles and competitive nature."
"Abra","63","Psychic","","Psi Pokémon","0.9","19.5","Synchronize, Inner-focus, Magic-guard","1","No","Abra is rarely found in the wild, preferring to teleport to safe locations when sensing danger. Their diet is unknown, as they spend most of their time sleeping and using their psychic abilities. Abra are typically solitary and are known for their elusive nature and high intelligence."
"Kadabra","64","Psychic","","Psi Pokémon","1.3","56.5","Synchronize, Inner-focus, Magic-guard","1","No","Kadabra are often found in urban environments, using their psychic abilities to assist people. They have a varied diet, eating fruits, nuts, and occasionally small prey. Kadabra are solitary Pokémon, focusing on honing their psychic powers. They are known for their calm demeanor and telekinetic abilities."
"Alakazam","65","Psychic","","Psi Pokémon","1.5","48","Synchronize, Inner-focus, Magic-guard","1","No","Alakazam are typically found in quiet, secluded areas where they can meditate and focus their psychic energy. They do not need to consume food, as their minds provide all the energy they require. Alakazam are highly intelligent and solitary, dedicating their lives to mastering their psychic abilities."
"Machop","66","Fighting","","Superpower Pokémon","0.8","19.5","Guts, No-guard, Steadfast","1","No","Machop typically lives in mountainous regions, training to improve their strength and fighting skills. They have a protein-rich diet, eating nuts, berries, and occasionally small Pokémon. Machop often live in small groups, sparring and training together. They are known for their eagerness to train and friendly competition."
"Machoke","67","Fighting","","Superpower Pokémon","1.5","70.5","Guts, No-guard, Steadfast","1","No","Machoke are commonly found in gyms and training centers, constantly working to build their muscles. They have a diet consisting of protein-rich foods like meat and nuts. Machoke are often seen training with others, helping them improve their skills. They are known for their tough and disciplined nature."
"Machamp","68","Fighting","","Superpower Pokémon","1.6","130","Guts, No-guard, Steadfast","1","No","Machamp lives in mountainous areas and forests, where they train their fighting skills. They eat a variety of foods, including fruits, berries, and meat. Machamp are often solitary, spending their time honing their strength. They are known for their chivalry and desire to protect the weak."
"Bellsprout","69","Grass","Poison","Flower Pokémon","0.7","4","Chlorophyll, Gluttony","1","No","Bellsprout can be found in lush forests and grasslands, where they absorb sunlight and nutrients through their leaves. They have a carnivorous diet, using their vines to capture unsuspecting insects. Bellsprout are usually solitary, blending in with the surrounding vegetation. They are known for their docile nature and ability to digest almost anything."
"Weepinbell","70","Grass","Poison","Flycatcher Pokémon","1","6.4","Chlorophyll, Gluttony","1","No","Weepinbell dwells in dense jungles and forests, often hanging from tree branches to ambush prey. They secrete a sweet scent to attract insects, which they then devour. Weepinbell are typically solitary hunters. They are known for their cunning and their ability to dissolve their prey with acidic fluids."
"Victreebel","71","Grass","Poison","Flycatcher Pokémon","1.7","15.5","Chlorophyll, Gluttony","1","No","Victreebel can be found in dense rainforests, where they use their enticing aroma to lure unsuspecting prey into their gaping mouths. Their diet consists of insects, small Pokémon, and even larger prey if they can manage to trap them. Victreebel are solitary hunters, patiently waiting for their next meal. They are known for their aggressive behavior and ability to digest almost anything."
"Tentacool","72","Water","Poison","Jellyfish Pokémon","0.9","45.5","Clear-body, Liquid-ooze, Rain-dish","1","No","Tentacool inhabits shallow coastal waters and coral reefs, where they drift along with the ocean currents. They feed on small fish and algae, using their tentacles to stun their prey. Tentacool are often found in large groups, creating dangerous swarms for swimmers. They are known for their venomous sting and tendency to react defensively when threatened."
"Tentacruel","73","Water","Poison","Jellyfish Pokémon","1.6","55","Clear-body, Liquid-ooze, Rain-dish","1","No","Tentacruel lives in deep ocean waters and coastal regions. They can be found near coral reefs or shipwrecks, ambushing prey from the shadows. Tentacruel use their tentacles to ensnare and poison their prey before consuming them. Tentacruel can be aggressive if they feel their territory is being challenged."
"Geodude","74","Rock","Ground","Rock Pokémon","0.4","20","Rock-head, Sturdy, Sand-veil","1","No","Geodude lives in mountainous regions and rocky terrains. The skin is extremely hard due to the terrain. Geodude usually stay in groups."
"Graveler","75","Rock","Ground","Rock Pokémon","1","105","Rock-head, Sturdy, Sand-veil","1","No","Graveler tends to live in mountainous regions along other Geodude, but will leave the group to go live on its own when it evolves."
"Golem","76","Rock","Ground","Megaton Pokémon","1.4","300","Rock-head, Sturdy, Sand-veil","1","No","Golems are typically found in mountainous regions, where they blend in with the rocky terrain. They feed on rocks and minerals, which they crush with their immense strength. Golems are solitary creatures, and are known for their protective nature. They are often found defending their territory from intruders."
"Ponyta","77","Fire","","Fire Horse Pokémon","1","30","Run-away, Flash-fire, Flame-body","1","No","Ponyta are commonly found in grasslands and plains. Their diet consists of grasses and berries. Ponyta are herd animals and often travel in groups. These Pokémon are known to be energetic and friendly."
"Rapidash","78","Fire","","Fire Horse Pokémon","1.7","95","Run-away, Flash-fire, Flame-body","1","No","Rapidash inhabits grassy plains and open fields, galloping at tremendous speeds. Its diet consists primarily of grasses and foliage. Rapidash are known to be competitive and display great courage and are commonly found in the wild with herds of Ponyta."
"Slowpoke","79","Water","Psychic","Dopey Pokémon","1.2","36","Oblivious, Own-tempo, Regenerator","1","No","Slowpoke inhabit freshwater environments such as ponds and rivers. They subsist on aquatic plants and small fish, though they are not particularly active hunters. Slowpoke are often found in groups, exhibiting a docile and relaxed nature."
"Slowbro","80","Water","Psychic","Hermit Crab Pokémon","1.6","78.5","Oblivious, Own-tempo, Regenerator","1","No","Slowbro frequents coastal regions, both freshwater and saltwater habitats. It shares a symbiotic relationship with Shellder, which clamps onto its tail. Slowbro's diet is supplemented by Shellder's hunting efforts, and they generally display a calm and somewhat dim-witted demeanor."
"Magnemite","81","Electric","Steel","Magnet Pokémon","0.3","6","Magnet-pull, Sturdy, Analytic","1","No","Magnemite are usually found in power plants, substations, and other areas with strong electromagnetic fields, from which they obtain energy. They consume electricity as their primary source of sustenance. They often gather in groups. Magnemite are generally curious and inquisitive, but can also be mischievous."
"Magneton","82","Electric","Steel","Magnet Pokémon","1","60","Magnet-pull, Sturdy, Analytic","1","No","Magneton are often found in areas with strong electromagnetic fields, like power plants and substations. These Pokémon consume electricity. Magneton typically forms packs consisting of three Magnemite. Magneton are known for their ability to disrupt electronic devices."
"Farfetchd","83","Normal","Flying","Wild Duck Pokémon","0.8","15","Keen-eye, Inner-focus, Defiant","1","No","Farfetch'd can be found in grasslands and wetlands, where they forage for food, usually plants. They carry a leek stalk with them at all times. They feed on seeds, berries, and insects. Farfetch'd are typically solitary, and are territorial, using their leek to defend themselves and are often seen with their trademark leek."
"Doduo","84","Normal","Flying","Twin Bird Pokémon","1.4","39.2","Run-away, Early-bird, Tangled-feet","1","No","Doduo are commonly found in grassy plains and savannas, where they roam in small flocks. They feed on seeds, berries, and insects. Doduo are known for their incredible speed. These Pokémon often display an energetic and somewhat skittish temperament."
"Dodrio","85","Normal","Flying","Triple Bird Pokémon","1.8","85.2","Run-away, Early-bird, Tangled-feet","1","No","Dodrio inhabits open plains and grasslands, forming flocks to hunt and forage. They primarily feed on insects, seeds, and berries. Dodrio are known for their keen senses, vigilance, and remarkable running speed. They are typically skittish and alert, with each head often displaying a different personality."
"Seel","86","Water","","Sea Lion Pokémon","1.1","90","Thick-fat, Hydration, Ice-body","1","No","Seel lives in cold waters, typically near icebergs and arctic regions. It consumes fish and marine plants. Seel are often found in groups, are friendly and playful. They are typically docile, and rely on their blubber for protection in frigid environments."
"Dewgong","87","Water","Ice","Sea Lion Pokémon","1.7","120","Thick-fat, Hydration, Ice-body","1","No","Dewgong are found in arctic oceans and icy waters, dwelling near icebergs and frozen landscapes. Their diet consists of fish, seaweed, and other marine organisms. Dewgong are known to be calm, graceful, and solitary, they are typically seen floating leisurely in icy seas."
"Grimer","88","Poison","","Sludge Pokémon","0.9","30","Stench, Sticky-hold, Poison-touch","1","No","Grimer frequents polluted waters and industrial areas. It feeds on sludge and waste. Grimer are solitary and nocturnal creatures. These Pokémon adapt well to harsh conditions."
"Muk","89","Poison","","Sludge Pokémon","1.2","30","Stench, Sticky-hold, Poison-touch","1","No","Muk inhabits polluted waters and industrial zones, where it feeds on sludge, toxins, and other waste materials. Muk are typically solitary creatures with aggressive tendencies. These Pokémon possess a high tolerance for environmental hazards."
"Shellder","90","Water","","Bivalve Pokémon","0.3","4","Shell-armor, Skill-link, Overcoat","1","No","Shellder typically inhabits coastal waters and seabeds. They feed on algae and plankton, filtering nutrients from the water. Shellder are solitary creatures with a defensive nature, sheltering within their hard shells."
"Cloyster","91","Water","Ice","Bivalve Pokémon","1.5","132.5","Shell-armor, Skill-link, Overcoat","1","No","Cloyster primarily lives in cold ocean waters and is often found near icebergs or underwater caves. It feeds on plankton and small fish, filtering the water with its hard shell. Cloyster is typically solitary, protecting itself by clamping its shell shut, making it very difficult to attack."
"Gastly","92","Ghost","Poison","Gas Pokémon","1.3","0.1","Levitate","1","No","Gastly lives in caves, graveyards, and other dark, damp places. It is a nocturnal Pokémon and feeds on the life force of other creatures, sometimes causing them to faint. Gastly often floats aimlessly, using its gaseous body to drift through narrow spaces. It is often found in groups, creating eerie and unsettling environments."
"Haunter","93","Ghost","Poison","Gas Pokémon","1.6","0.1","Levitate","1","No","Haunter prefers dark, abandoned buildings and forests where it can easily hide and surprise its prey. It is a nocturnal hunter and feeds on the life force of other creatures, using its gaseous hands to pass through walls. Haunter often travels in small groups, playing pranks and causing mischief. Its common personality traits include being mischievous and cunning."
"Gengar","94","Ghost","Poison","Shadow Pokémon","1.5","40.5","Cursed-body","1","No","Gengar tends to inhabit shadows and dark places in urban environments, such as abandoned buildings and alleys. It enjoys playing pranks and causing mischief, often lurking in shadows to surprise unsuspecting individuals. Gengar is a solitary creature but may sometimes form small groups. It is known for its mischievous and sometimes malevolent personality traits."
"Onix","95","Rock","Ground","Rock Snake Pokémon","8.8","210","Rock-head, Sturdy, Weak-armor","1","No","Onix dwells in caves and rocky terrain, where it tunnels through the earth and feeds on minerals and underground springs. Onix is a solitary creature, preferring to live alone in its tunnels. Common personality traits include being stubborn and territorial."
"Drowzee","96","Psychic","","Hypnosis Pokémon","1","32.4","Insomnia, Forewarn, Inner-focus","1","No","Drowzee inhabits grassy plains, woodlands, and urban areas, often venturing near human settlements. It consumes dreams for sustenance, using its long nose to locate sleeping individuals. Drowzee is a solitary Pokémon and has a calm and relaxed demeanor."
"Hypno","97","Psychic","","Hypnosis Pokémon","1.6","75.6","Insomnia, Forewarn, Inner-focus","1","No","Hypno frequents grasslands, forests, and urban environments, often wandering near populated areas in search of prey. It uses its pendulum to induce sleep in its victims and then consumes their dreams. Hypno is generally a solitary creature but may sometimes form small groups. Common personality traits include being calm and manipulative."
"Krabby","98","Water","","River Crab Pokémon","0.4","6.5","Hyper-cutter, Shell-armor, Sheer-force","1","No","Krabby is commonly found near beaches and riverbanks. It feeds on algae and organic waste that it scavenges from the seafloor. Krabby is generally solitary but may congregate during mating season. Its common personality traits include being territorial."
"Kingler","99","Water","","Pincer Pokémon","1.3","60","Hyper-cutter, Shell-armor, Sheer-force","1","No","Kingler dwells in coastal areas, including beaches and tidal pools. It consumes shellfish and other crustaceans that it crushes with its powerful pincer. Kingler is a solitary Pokémon, fiercely guarding its territory. Its common personality traits include being territorial and aggressive."
"Voltorb","100","Electric","","Ball Pokémon","0.5","10.4","Soundproof, Static, Aftermath","1","No","Voltorb inhabits power plants and other industrial facilities, where it absorbs electrical energy. It is solitary and known to explode if agitated. The common personality traits are erratic and volatile."
"Electrode","101","Electric","","Ball Pokémon","1.2","66.6","Soundproof, Static, Aftermath","1","No","Electrode dwells in power plants and other industrial facilities, where it absorbs electrical energy. It lives alone and is prone to exploding. The common personality traits are reckless and energetic."
"Exeggcute","102","Grass","Psychic","Egg Pokémon","0.4","2.5","Chlorophyll, Harvest","1","No","Exeggcute live in tropical forests and jungles. They eat the nutrients from the soil. They travel in groups of six."
"Exeggutor","103","Grass","Psychic","Coconut Pokémon","2","120","Chlorophyll, Harvest","1","No","Exeggutor prefer tropical and subtropical climates, thriving in dense forests and grassy plains. It absorbs sunlight for energy. It is solitary but is seen with groups of Exeggcute sometimes. The personality is usually gentle and protective."
"Cubone","104","Ground","","Lonely Pokémon","0.4","6.5","Rock-head, Lightning-rod, Battle-armor","1","No","Cubone commonly dwells in rocky terrains, desolate landscapes, and remote mountainous regions. It sustains itself on roots, berries, and occasionally small insects. Cubone typically leads a solitary existence, wandering aimlessly in search of its lost mother. Its behavior tends to be lonesome and timid."
"Marowak","105","Ground","","Bone Keeper Pokémon","1","45","Rock-head, Lightning-rod, Battle-armor","1","No","Marowak lives in rocky terrain and cave systems. It feeds on roots, berries, and insects, using its bone club to unearth food. It tends to live solitary but sometimes joins a small group with other Marowak. Its personality is defensive and caring."
"Hitmonlee","106","Fighting","","Kicking Pokémon","1.5","49.8","Limber, Reckless, Unburden","1","No","Hitmonlee are commonly found in mountainous regions and rocky terrains. They are solitary creatures, preferring to train alone and hone their kicking skills. Their diet consists mainly of berries and other plant-based foods, although they occasionally supplement their diet with insects. Hitmonlee are known for their relentless determination and disciplined training regimen."
"Hitmonchan","107","Fighting","","Punching Pokémon","1.4","50.2","Keen-eye, Iron-fist, Inner-focus","1","No","Hitmonchan are often found in urban areas and training dojos, where they hone their punching skills. They tend to live in small groups with other Hitmonchan. Their diet mainly consists of protein-rich foods to fuel their training, often including meat and nuts. Hitmonchan are known for their discipline and strategic approach to battles."
"Lickitung","108","Normal","","Licking Pokémon","1.2","65.5","Own-tempo, Oblivious, Cloud-nine","1","No","Lickitung primarily inhabit grasslands, forests, and caves where they can find plenty of insects, their main food source, to lick up with their long tongues. They are solitary Pokemon. They use their long tongue for practically everything: capturing food, grooming, and exploration of the surrounding environment. Lickitung are known for being playful."
"Koffing","109","Poison","","Poison Gas Pokémon","0.6","1","Levitate, Neutralizing-gas, Stench","1","No","Koffing is commonly found in industrial areas and polluted environments where they feed on various chemical compounds and waste products. They often float around in groups. These Pokemon have a propensity for mischief."
"Weezing","110","Poison","","Poison Gas Pokémon","1.2","9.5","Levitate, Neutralizing-gas, Stench","1","No","Weezing inhabits areas with heavy pollution, such as factories and industrial zones. They live in pairs, with the two Koffing-like components of their body working in symbiosis. Weezing absorb and metabolize various toxic gases and chemicals from the environment, releasing them in a less harmful form. Known to be mischievous Pokemon."
"Rhyhorn","111","Ground","Rock","Spikes Pokémon","1","115","Lightning-rod, Rock-head, Reckless","1","No","Rhyhorn inhabits rocky terrain and open plains where it forages for plants and minerals. They are solitary Pokemon, known for charging at anything. Their diet includes tough vegetation, rocks, and mineral-rich soil.  Their skin is incredibly tough, allowing them to withstand impacts."
"Rhydon","112","Ground","Rock","Drill Pokémon","1.9","120","Lightning-rod, Rock-head, Reckless","1","No","Rhydon are found in rough terrain like rocky plains and mountains. They are typically solitary creatures. Rhydon consume rocks and minerals to maintain the hardness of their armor, grinding them with their powerful jaws. Rhydon are known to be protective of their territory and aggressive towards intruders."
"Chansey","113","Normal","","Egg Pokémon","1.1","34.6","Natural-cure, Serene-grace, Healer","1","No","Chansey inhabit grassy plains and meadows, often near human settlements. They are social creatures and live in small groups. Chansey are omnivorous, consuming both plants and insects. Known to be kind."
"Tangela","114","Grass","","Vine Pokémon","1","35","Chlorophyll, Leaf-guard, Regenerator","1","No","Tangela is found in tropical and temperate grasslands. Tangela camouflage themselves among the dense vegetation. Its diet is composed of plant matter, Tangela absorbs nutrients from the soil and the sun to sustain itself. Tangela tend to be gentle."
"Kangaskhan","115","Normal","","Parent Pokémon","2.2","80","Early-bird, Scrappy, Inner-focus","1","No","Kangaskhan inhabit grassy plains and forests where they can easily find food for themselves and their offspring. They live in small family groups. Kangaskhan are omnivores, eating various fruits, berries, and small animals. Known for fiercely protecting their offspring."
"Horsea","116","Water","","Dragon Pokémon","0.4","8","Swift-swim, Sniper, Damp","1","No","Horsea typically inhabit coastal waters and coral reefs. They live in schools. Horsea feed on plankton and small crustaceans. They have a mild temperament, using a spray of ink to get away."
"Seadra","117","Water","","Dragon Pokémon","1.2","25","Poison-point, Sniper, Damp","1","No","Seadra inhabit coastal waters and coral reefs where they can find shelter among the aquatic plants and rock formations. They live in small groups. Seadra are carnivorous, preying on small fish and crustaceans. Seadra are protective of their territory and can be aggressive towards intruders."
"Goldeen","118","Water","","Goldfish Pokémon","0.6","15","Swift-swim, Water-veil, Lightning-rod","1","No","Goldeen is most often found in freshwater rivers and ponds, feeding on small aquatic plants and insects. They school together."
"Seaking","119","Water","","Goldfish Pokémon","1.3","39","Swift-swim, Water-veil, Lightning-rod","1","No","Seaking dwell in freshwater rivers, lakes, and ponds. They school together. Seaking consume aquatic plants, algae, and small fish. Highly territorial and will ram anything that enters their territory."
"Staryu","120","Water","","Star Shape Pokémon","0.8","34.5","Illuminate, Natural-cure, Analytic","1","No","Staryu live in marine environments. It is nocturnal and is generally seen alone."
"Starmie","121","Water","Psychic","Mysterious Pokémon","1.1","80","Illuminate, Natural-cure, Analytic","1","No","Starmie are found in clear waters. They are solitary and known for their beauty. They feed on small aquatic organisms."
"Mr-mime","122","Psychic","Fairy","Barrier Pokémon","1.3","54.5","Soundproof, Filter, Technician","1","No","Mr. Mime are typically found in urban areas, mimicking their surroundings. They are solitary Pokémon, known for their ability to create invisible walls with pantomime."
"Scyther","123","Bug","Flying","Mantis Pokémon","1.5","56","Swarm, Technician, Steadfast","1","No","Scyther lives in grassy areas and forests. They are solitary hunters, preying on small Bug-type Pokémon. Known for being fierce and territorial."
"Jynx","124","Ice","Psychic","Human Shape Pokémon","1.4","40.6","Oblivious, Forewarn, Dry-skin","1","No","Jynx lives in cold, snowy areas and can be found in groups. They communicate through a mysterious language. Jynx is known for its elegant appearance and affinity for dance."
"Electabuzz","125","Electric","","Electric Pokémon","1.1","30","Static, Vital-spirit","1","No","Electabuzz are commonly found near power plants and other electrical sources. They are solitary, and known to compete fiercely for electrical energy, often causing blackouts."
"Magmar","126","Fire","","Spitfire Pokémon","1.3","44.5","Flame-body, Vital-spirit","1","No","Magmar is found in volcanic areas. They are solitary and known for their fiery nature and love of heat. They feed on energy from magma."
"Pinsir","127","Bug","","Stag Beetle Pokémon","1.5","55","Hyper-cutter, Mold-breaker, Moxie","1","No","Pinsir lives in forests. They are solitary Pokémon known for their powerful horns. They use their horns to battle and forage for food, such as tree sap."
"Tauros","128","Normal","","Wild Bull Pokémon","1.4","88.4","Intimidate, Anger-point, Sheer-force","1","No","Tauros lives in plains. They live in herds and known for their aggressive temperament and powerful charges."
"Magikarp","129","Water","","Fish Pokémon","0.9","10","Swift-swim, Rattled","1","No","Magikarp lives in bodies of water and is weak swimmer. They eat microscopic plankton."
"Gyarados","130","Water","Flying","Atrocious Pokémon","6.5","235","Intimidate, Moxie","1","No","Gyarados lives in lakes and seas. They are solitary and very destructive with their hyper beams. Gyarados eats many variety of fish."
"Lapras","131","Water","Ice","Transport Pokémon","2.5","220","Water-absorb, Shell-armor, Hydration","1","No","Lapras are gentle Pokémon that live in cold seas. They live in small groups, are known for transporting humans across water and feeds on fish."
"Ditto","132","Normal","","Transform Pokémon","0.3","4","Limber, Imposter","1","No","Ditto are solitary. Because it transforms, its diet and habitat adapts."
"Eevee","133","Normal","","Evolution Pokémon","0.3","6.5","Run-away, Adaptability, Anticipation","1","No","Eevee are adaptable, and are known to live in almost all the types of land biomes. It is solitary, it's very sociable with trainers. It will eat almost anything offered."
"Vaporeon","134","Water","","Bubble Jet Pokémon","1","29","Water-absorb, Hydration","1","No","Vaporeon live near freshwater lakes and rivers. They are a sociable species who lives in pods and feed on aquatic animals."
"Jolteon","135","Electric","","Lightning Pokémon","0.8","24.5","Volt-absorb, Quick-feet","1","No","Jolteon lives in urban areas. They are solitary pokemon that can charge static electricity with its fur."
"Flareon","136","Fire","","Flame Pokémon","0.9","25","Flash-fire, Guts","1","No","Flareon are commonly found in populated areas, particularly near cities. They are carnivores, hunting small rodents and other animals. They tend to be solitary."
"Porygon","137","Normal","","Virtual Pokémon","0.8","36.5","Trace, Download, Analytic","1","No","Porygon are virtual Pokemon, and thus have no natural habitat. They exist entirely within computer systems. They have no diet or natural social structure, as they are artificial creations."
"Omanyte","138","Rock","Water","Spiral Pokémon","0.4","7.5","Swift-swim, Shell-armor, Weak-armor","1","No","Omanyte are ancient Pokémon, long extinct, found in the deepest parts of the ocean. It feeds on sea vegetation and microorganisms that live on the ocean floor. Their social behavior is currently unknown, as they are extinct."
"Omastar","139","Rock","Water","Spiral Pokémon","1","35","Swift-swim, Shell-armor, Weak-armor","1","No","Omastar are an ancient Pokemon, long extinct, and inhabited oceans around the world. They are ambush predators and are solitary creatures. Their diet consists of shellfish."
"Kabuto","140","Rock","Water","Shellfish Pokémon","0.5","11.5","Swift-swim, Battle-armor, Weak-armor","1","No","Kabuto are an ancient Pokémon, long extinct, that resided in shallow waters along beaches and coastlines. They filter microorganisms from the sand. Their social behavior is currently unknown, as they are extinct."
"Kabutops","141","Rock","Water","Shellfish Pokémon","1.3","40.5","Swift-swim, Battle-armor, Weak-armor","1","No","Kabutops are an ancient Pokémon, long extinct. Kabutops were predators that resided in rivers and hunted smaller fish. Kabutops tend to be solitary."
"Aerodactyl","142","Rock","Flying","Fossil Pokémon","1.8","59","Rock-head, Pressure, Unnerve","1","No","Aerodactyl are an ancient Pokémon, long extinct. It occupied mountainous regions where it could freely fly and hunt. They eat fish, bird Pokemon and insects and are generally solitary."
"Snorlax","143","Normal","","Sleeping Pokémon","2.1","460","Immunity, Thick-fat, Gluttony","1","No","Snorlax are commonly found in forests and grasslands near areas with plentiful food sources. Snorlax consume pretty much anything. They live solitary."
"Articuno","144","Ice","Flying","Freeze Pokémon","1.7","55.4","Pressure, Snow-cloak","1","Yes","Articuno typically reside in cold, isolated environments such as snowy mountains and ice caves. They feed on small fish, as well as airborne insects and rodents. Articuno are solitary creatures."
"Zapdos","145","Electric","Flying","Electric Pokémon","1.6","52.6","Pressure, Static","1","Yes","Zapdos typically reside in thunderclouds. They will descend during thunderstorms to feast on the energy from lightning. They are commonly solitary, only appearing when a large thunderstorm is present."
"Moltres","146","Fire","Flying","Flame Pokémon","2","60","Pressure, Flame-body","1","Yes","Moltres are typically found in volcanic regions. They primarily hunt by soaring through the sky and looking for small prey items to incinerate with their intense heat. They tend to be solitary, though occasionally found in pairs during the mating season."
"Dratini","147","Dragon","","Dragon Pokémon","1.8","3.3","Shed-skin, Marvel-scale","1","No","Dratini are commonly found in bodies of water. They can usually be seen around lakes and rivers. It feeds on water plants, and small aquatic animals and lives in schools."
"Dragonair","148","Dragon","","Dragon Pokémon","4","16.5","Shed-skin, Marvel-scale","1","No","Dragonair are typically found near bodies of water. They have a peaceful and benevolent disposition, known to create gentle breezes and calm storms. They usually are solitary but have been known to appear in pairs."
"Dragonite","149","Dragon","Flying","Dragon Pokémon","2.2","210","Inner-focus, Multiscale","1","No","Dragonite inhabit secluded islands and coastal areas. It delivers lost and drowning people from the sea to land. It is a kindhearted Pokémon that leads lost and foundering ships to shore."
"Mewtwo","150","Psychic","","Genetic Pokémon","2","122","Pressure, Unnerve","1","Yes","Mewtwo is a genetically engineered Pokémon that can be found in isolated, abandoned laboratories or caves. Its diet mainly consist of any available energy. They are often seen alone as they struggle with their own identity."
"Mew","151","Psychic","","New Species Pokémon","0.4","4","Synchronize","1","Yes","Mew is a Mythical Pokémon, believed to possess the DNA of all Pokémon, allowing it to learn any move. It is exceptionally rare and elusive, residing in remote and hidden locations, typically solitary but curious about the world and its inhabitants."
"Chikorita","152","Grass","","Leaf Pokémon","0.9","6.4","Overgrow, Leaf-guard","2","No","Chikorita are typically found in grassy plains and forests. They are solitary creatures, peacefully photosynthesizing in sunny areas and are known to be quite timid and gentle.  Their diet mainly consists of sunlight and fresh leaves."
"Bayleef","153","Grass","","Leaf Pokémon","1.2","15.8","Overgrow, Leaf-guard","2","No","Bayleef are generally found in forests, where they enjoy the company of other Pokémon. They are often seen near meadows and clearings where they bask in sunlight.  Bayleef is known for its soothing aroma that calms those nearby, and its diet consists of various plants and berries."
"Meganium","154","Grass","","Herb Pokémon","1.8","100.5","Overgrow, Leaf-guard","2","No","Meganium is primarily found in lush, open grasslands and flowering meadows. They live in small herds, where they care for one another, spreading revitalizing scents. These scents, reminiscent of various flowers, have the power to soothe aggressive feelings in those nearby, therefore promoting peace and calmness, making them essential members of their ecosystem.  Their diet mostly consists of sunlight and water."
"Cyndaquil","155","Fire","","Fire Mouse Pokémon","0.5","7.9","Blaze, Flash-fire","2","No","Cyndaquil are often found in grassy areas or mountainous regions with volcanic activity. They are typically solitary and shy, preferring quiet, warm environments.  Cyndaquil is known for igniting the flames on its back to express its mood and to defend against threats and mainly eats firestones and dry, combustible materials like twigs and dried grass."
"Quilava","156","Fire","","Volcano Pokémon","0.9","19","Blaze, Flash-fire","2","No","Quilava tends to live in rocky terrains near volcanic areas or hot springs, reflecting its adaptation to warmer conditions. This Pokemon is also relatively solitary. Quilava feeds mostly on energy-rich foods like volcanic stones and combustible materials and its evolved anatomy enables it to spew fire and smoke with greater control."
"Typhlosion","157","Fire","","Volcano Pokémon","1.7","79.5","Blaze, Flash-fire","2","No","Typhlosion inhabit volcanic regions and mountainous terrains. They are solitary creatures that are highly territorial and protective of their surroundings. When angered, Typhlosion erupts into intense flames and explosive power, and their fiery aura makes them greatly feared.  Typhlosion feeds mainly on volcanic rocks and energy-dense materials."
"Totodile","158","Water","","Big Jaw Pokémon","0.6","9.5","Torrent, Sheer-force","2","No","Totodile is found near bodies of water, such as rivers and lakes. They are known to be playful and mischievous, often biting anything that moves. Totodile eats anything, being highly omnivorous with an inclination for both aquatic plants and animals."
"Croconaw","159","Water","","Big Jaw Pokémon","1.1","25","Torrent, Sheer-force","2","No","Croconaw can be located in swamps, rivers, and marshes. While still mischievous, they're more cautious than Totodile, with a powerful bite to attack intruders. Croconaw will mostly feed on plantlife to absorb minerals, as well as eat whatever it can find when it comes across it, with a preferance of the same type of water-bound Pokemon it lives alongside. The swamps it lives in must be healthy for it to get all of the nutrients it needs."
"Feraligatr","160","Water","","Big Jaw Pokémon","2.3","88.8","Torrent, Sheer-force","2","No","Feraligatr is mainly found in bodies of water like lakes and rivers. Feraligatr is carnivorous in diet, primarily feeding on aquatic prey with a strong and powerful body for defense."
"Sentret","161","Normal","","Scout Pokémon","0.8","6","Run-away, Keen-eye, Frisk","2","No","Sentret are commonly found in grassy fields and forests. They are known to be very cautious and often live in groups to keep watch for danger, and their diets consist primarily of nuts and berries."
"Furret","162","Normal","","Long Body Pokémon","1.8","32.5","Run-away, Keen-eye, Frisk","2","No","Furret are often found in grasslands and caves, using their slender bodies to navigate tight spaces. They are typically social, living in colonies, and mainly eat seeds, nuts, and small insects."
"Hoothoot","163","Normal","Flying","Owl Pokémon","0.7","21.2","Insomnia, Keen-eye, Tinted-lens","2","No","Hoothoot live in forests and dark groves, remaining quiet and still during the day and becoming active at night. Hoothoot often congregates in pairs and has an internal clock that it relies on to stay punctual, and the owl mostly eat small insects, which it hunts using its night vision."
"Noctowl","164","Normal","Flying","Owl Pokémon","1.6","40.8","Insomnia, Keen-eye, Tinted-lens","2","No","Noctowl reside in old-growth forests, with the ability to hunt silently and navigate in low-light conditions. They often live in mated pairs, sharing hunting grounds, and feeds primarily on small rodents and bugs."
"Ledyba","165","Bug","Flying","Five Star Pokémon","1","10.8","Swarm, Early-bird, Rattled","2","No","Ledyba are found in forests and meadows, traveling in groups to spread their patterned aroma in the sunlight. Ledyba can communicate among eachother based on this pattern, so when one is not up to standards the Ledyba are easily taken advantage of. They can only eat a small amount of food, and will eat various berries that allow for higher sun intake to promote energy when they are flying."
"Ledian","166","Bug","Flying","Five Star Pokémon","1.4","35.6","Swarm, Early-bird, Iron-fist","2","No","Ledian are typically found in forests and grasslands. They feed on tree sap and pollen, often congregating around flowering plants. Ledian are social creatures, often living in groups to protect each other."
"Spinarak","167","Bug","Poison","String Spit Pokémon","0.5","8.5","Swarm, Insomnia, Sniper","2","No","Spinarak typically inhabit forests and dark caves, creating webs to catch their prey. They are nocturnal hunters, feeding on small insects and occasionally berries. Solitary creatures, Spinarak are most active during the night."
"Ariados","168","Bug","Poison","Long Leg Pokémon","1.1","33.5","Swarm, Insomnia, Sniper","2","No","Ariados are commonly found in forests and mountainous regions, where they build intricate webs to trap prey. They feed primarily on insects and small Pokémon. Ariados tend to be solitary hunters, ambushing their prey with potent venom."
"Crobat","169","Poison","Flying","Bat Pokémon","1.8","75","Inner-focus, Infiltrator","2","No","Crobat typically inhabit caves and dark forests, where they can fly and navigate with ease. They are nocturnal creatures and feed on the blood of Pokémon and occasionally humans. Crobat live in colonies with strong social structures."
"Chinchou","170","Water","Electric","Angler Pokémon","0.5","12","Volt-absorb, Illuminate, Water-absorb","2","No","Chinchou prefer to inhabit deep ocean waters, where they use their glowing antennae to attract prey. They feed on small fish and aquatic invertebrates. Chinchou are solitary creatures, often seen swimming alone in the dark depths."
"Lanturn","171","Water","Electric","Light Pokémon","1.2","22.5","Volt-absorb, Illuminate, Water-absorb","2","No","Lanturn are found in deep ocean environments, using their bright bioluminescence to navigate and attract prey. They feed on fish, crustaceans, and other marine organisms. Lanturn are solitary creatures, preferring the isolation of the deep sea."
"Pichu","172","Electric","","Tiny Mouse Pokémon","0.3","2","Static, Lightning-rod","2","No","Pichu typically lives in forests and urban areas, often near human settlements. They feed on berries and other plant matter. Pichu are very social and love to be around others and are usually found together."
"Cleffa","173","Fairy","","Star Shape Pokémon","0.3","3","Cute-charm, Magic-guard, Friend-guard","2","No","Cleffa are found in mountainous regions, especially near meteor crash sites. They are said to feed on starlight and dust particles in the air. Cleffa are typically seen in groups, often dancing and playing together under the night sky."
"Igglybuff","174","Normal","Fairy","Balloon Pokémon","0.3","1","Cute-charm, Competitive, Friend-guard","2","No","Igglybuff inhabit grassy plains and meadows. They feed on berries and plant nectar. These Pokemon love to sing and are not afraid to do it in front of people. Their sociable nature makes them comfortable with new situations and strangers."
"Togepi","175","Fairy","","Spike Ball Pokémon","0.3","1.5","Hustle, Serene-grace, Super-luck","2","No","Togepi are usually found in peaceful and secluded locations, often near forests or meadows. They feed on nutrients absorbed from the ground through their feet. Togepi are considered to be symbols of good luck and are often kept as pets."
"Togetic","176","Fairy","Flying","Happiness Pokémon","0.6","3.2","Hustle, Serene-grace, Super-luck","2","No","Togetic inhabits forests and mountainous regions, preferring areas with clean air. They feed on berries and seeds found in the forest. Togetic are known to bring happiness and are attracted to kind-hearted people."
"Natu","177","Psychic","Flying","Tiny Bird Pokémon","0.2","2","Synchronize, Early-bird, Magic-bounce","2","No","Natu live in arid regions, often found in savannas and deserts. They feed on insects and seeds. Solitary and reclusive, Natu tend to avoid human contact and spend much of their time perched atop trees."
"Xatu","178","Psychic","Flying","Mystic Pokémon","1.5","15","Synchronize, Early-bird, Magic-bounce","2","No","Xatu typically reside in tropical and subtropical forests, often building nests high in the trees. They are herbivorous, consuming fruits and nuts. Solitary creatures, Xatu are known for their calm and meditative nature."
"Mareep","179","Electric","","Wool Pokémon","0.6","7.8","Static, Plus","2","No","Mareep are typically found in grassy fields and meadows, often near farms or ranches. They feed on grass and other vegetation. Mareep are docile and gentle creatures, often herded by farmers for their wool."
"Flaaffy","180","Electric","","Wool Pokémon","0.8","13.3","Static, Plus","2","No","Flaaffy typically inhabits grassy plains and meadows. They are docile and tend to graze. They are docile and friendly, often living near human settlements."
"Ampharos","181","Electric","","Light Pokémon","1.4","61.5","Static, Plus","2","No","Ampharos are typically found in grasslands and savannas where they graze on the local vegetation. These Pokemon are solitary creatures that prefer to live alone. They are known to be calm and gentle, and often enjoy basking in the sunlight."
"Bellossom","182","Grass","","Flower Pokémon","0.4","5.8","Chlorophyll, Healer","2","No","Bellossom often lives in meadows, gathering in large numbers. They are usually active during the day, moving with the sun. These Pokémon have a close relationship, usually living in groups or in pairs, usually seen to be joyful and energetic."
"Marill","183","Water","Fairy","Aqua Mouse Pokémon","0.4","8.5","Thick-fat, Huge-power, Sap-sipper","2","No","Marill tend to live near ponds and streams, typically found in grasslands and forests near water sources. They live in groups. These Pokemon are known to be curious and playful."
"Azumarill","184","Water","Fairy","Aqua Rabbit Pokémon","0.8","28.5","Thick-fat, Huge-power, Sap-sipper","2","No","Azumarill live in and around freshwater rivers and lakes. They live in small groups, generally active during the day. These Pokémon are known to be caring and friendly with each other."
"Sudowoodo","185","Rock","","Imitation Pokémon","1.2","38","Sturdy, Rock-head, Rattled","2","No","Sudowoodo are most commonly found on roadsides and within rocky areas. They tend to live solitary. The Pokemon are known to be shy and reserved."
"Politoed","186","Water","","Frog Pokémon","1.1","33.9","Water-absorb, Damp, Drizzle","2","No","Politoed lives in ponds and lakes, primarily tropical locations. Usually living in groups. They are known for being charismatic and sociable among themselves and others."
"Hoppip","187","Grass","Flying","Cottonweed Pokémon","0.4","0.5","Chlorophyll, Leaf-guard, Infiltrator","2","No","Hoppip are commonly found in fields and meadows, using the wind to float from place to place. They live alone but sometimes gathers. It's personality are carefree and optimistic and enjoys traveling with the breeze."
"Skiploom","188","Grass","Flying","Cottonweed Pokémon","0.6","1","Chlorophyll, Leaf-guard, Infiltrator","2","No","Skiploom is commonly found in grasslands and meadows with flowers. Usually live in small groups. The Pokemon tend to be positive and cheerful, enjoying sunbathing."
"Jumpluff","189","Grass","Flying","Cottonweed Pokémon","0.8","3","Chlorophyll, Leaf-guard, Infiltrator","2","No","Jumpluff lives in open fields and meadows. Usually live in big groups. Jumpluff are playful and peaceful, carried by the wind in groups. When it finds wind it enjoys, it will start creating families there."
"Aipom","190","Normal","","Long Tail Pokémon","0.8","11.5","Run-away, Pickup, Skill-link","2","No","Aipom commonly lives in forests, found in temperate or tropical regions. Usually live alone. They have playful, and mischievous behaviour and have a tendency to get into trouble due to their curiosity."
"Sunkern","191","Grass","","Seed Pokémon","0.3","1.8","Chlorophyll, Solar-power, Early-bird","2","No","Sunkern live in grassy fields with few trees and shrubs and in warm and sunny climates. They usually live in solitude. Sunkern are energetic during the day and are seen to be weak because of this trait."
"Sunflora","192","Grass","","Sun Pokémon","0.8","8.5","Chlorophyll, Solar-power, Early-bird","2","No","Sunflora live in sunny, open grasslands, seeking direct sunlight and absorbing its energy. Generally live alone or in small groups and they have a calm, cheerful nature."
"Yanma","193","Bug","Flying","Clear Wing Pokémon","1.2","38","Speed-boost, Compound-eyes, Frisk","2","No","Yanma often inhabit wetland environments near lakes and rivers. Yanma is solitary but also seen as living in small colonies in warmer months and they show a bold nature when hunting for their prey."
"Wooper","194","Water","Ground","Water Fish Pokémon","0.4","8.5","Damp, Water-absorb, Unaware","2","No","Wooper are found in ponds and rivers with muddy beds. They live solitary lives and are passive creatures, burying themselves in mud in the wintertime."
"Quagsire","195","Water","Ground","Water Fish Pokémon","1.4","75","Damp, Water-absorb, Unaware","2","No","Quagsire inhabit the edges of ponds and rivers with muddy or marshy banks. Living either solitary or in pairs. Quagsire are calm and can be clumsy at times due to their lack of awareness, though they tend to be passive."
"Espeon","196","Psychic","","Sun Pokémon","0.9","26.5","Synchronize, Magic-bounce","2","No","Espeon are crepuscular Pokémon, most active during the twilight hours of dawn and dusk. They are highly intelligent and possess strong psychic abilities, using them to sense the emotions of others and predict the weather. Espeon prefer to live in urban areas, often forming close bonds with their trainers."
"Umbreon","197","Dark","","Moonlight Pokémon","1","27","Synchronize, Inner-focus","2","No","Umbreon are nocturnal Pokémon that thrive in dark environments. They are calm and collected, often found meditating in the moonlight. The rings on their bodies glow when exposed to the moon's energy, a process used for communication with other Umbreon. They are solitary creatures, only gathering to mate."
"Murkrow","198","Dark","Flying","Darkness Pokémon","0.5","2.1","Insomnia, Super-luck, Prankster","2","No","Murkrow are mischievous Pokémon that are attracted to shiny objects, often stealing them and hiding them in their nests. They are social creatures, forming large flocks that roam urban areas at night. Murkrow are known to bring misfortune, so people often avoid them."
"Slowking","199","Water","Psychic","Royal Pokémon","2","79.5","Oblivious, Own-tempo, Regenerator","2","No","Slowking live near bodies of water, particularly in coastal areas. They are highly intelligent, possessing the ability to learn and understand human languages. Slowking are calm and thoughtful Pokémon, often spending their days pondering complex problems."
"Misdreavus","200","Ghost","","Screech Pokémon","0.7","1","Levitate","2","No","Misdreavus are nocturnal Pokémon that enjoy playing pranks on unsuspecting people. They are mischievous and enjoy scaring others with their eerie cries. Misdreavus are solitary creatures, often found haunting abandoned buildings and forests."
"Unown","201","Psychic","","Symbol Pokémon","0.5","5","Levitate","2","No","Unown reside in ancient ruins and caves, where they are believed to hold a connection to other dimensions. They are solitary Pokémon, rarely seen interacting with each other. Unown are mysterious and enigmatic creatures, with little known about their true purpose."
"Wobbuffet","202","Psychic","","Patient Pokémon","1.3","28.5","Shadow-tag, Telepathy","2","No","Wobbuffet are gentle and patient Pokémon that prefer to avoid conflict. They are often found in forests and caves, where they spend their days quietly reflecting. Wobbuffet are loyal to their trainers and will protect them from harm at all costs."
"Girafarig","203","Normal","Psychic","Long Neck Pokémon","1.5","41.5","Inner-focus, Early-bird, Sap-sipper","2","No","Girafarig are herbivores that inhabit savannas and grasslands. They are social creatures, living in herds with a strict social hierarchy. The tail on their body has a separate brain that can react to threats independently, providing a defense mechanism."
"Pineco","204","Bug","","Bagworm Pokémon","0.6","7.2","Sturdy, Overcoat","2","No","Pineco live in forests, camouflaging themselves as pine cones to avoid predators. They are solitary Pokémon, spending their days hanging from tree branches. Pineco cover themselves with a sticky substance that hardens over time, providing protection from harm."
"Forretress","205","Bug","Steel","Bagworm Pokémon","1.2","125.8","Sturdy, Overcoat","2","No","Forretress live in mountainous areas, creating nests inside caves. They are solitary Pokémon, rarely seen interacting with each other. Forretress are slow and deliberate, taking their time to carefully assess their surroundings. They eat metal ores, which hardens their bodies."
"Dunsparce","206","Normal","","Land Snake Pokémon","1.5","14","Serene-grace, Run-away, Rattled","2","No","Dunsparce live in caves and dark forests, spending most of their time underground. They are solitary Pokémon, rarely seen in groups. Dunsparce are timid and shy, preferring to avoid contact with humans and other Pokémon. They typically eat plant roots and berries."
"Gligar","207","Ground","Flying","Fly Scorpion Pokémon","1.1","64.8","Hyper-cutter, Sand-veil, Immunity","2","No","Gligar live in mountainous areas, gliding between rocky cliffs in search of food. They are nocturnal predators, feeding on small rodents and insects. Gligar are social creatures, living in small packs led by a dominant individual."
"Steelix","208","Steel","Ground","Iron Snake Pokémon","9.2","400","Rock-head, Sturdy, Sheer-force","2","No","Steelix live in deep underground caves and tunnels, where they spend their lives consuming iron ore. They are solitary Pokémon, rarely seen interacting with each other. Steelix are aggressive and territorial, attacking any intruders that venture into their domain."
"Snubbull","209","Fairy","","Fairy Pokémon","0.6","7.8","Intimidate, Run-away, Rattled","2","No","Snubbull live in urban areas, often found near humans. They are social creatures, forming close bonds with their trainers. Snubbull are friendly and affectionate, despite their intimidating appearance."
"Granbull","210","Fairy","","Fairy Pokémon","1.4","48.7","Intimidate, Quick-feet, Rattled","2","No","Granbull live in mountainous areas, where they roam in search of food. They are solitary Pokémon, rarely seen in groups. Granbull are territorial and aggressive, using their powerful jaws to defend their territory from intruders."
"Qwilfish","211","Water","Poison","Balloon Pokémon","0.5","3.9","Poison-point, Swift-swim, Intimidate","2","No","Qwilfish inhabits oceans and seas, often found near coastal areas. It is a solitary Pokémon, not usually seen in groups. Its diet consists mainly of small fish and crustaceans. Qwilfish is known for its prickly exterior and defensive nature. It inflates its body and shoots poisonous quills when threatened."
"Scizor","212","Bug","Steel","Pincer Pokémon","1.8","118","Swarm, Technician, Light-metal","2","No","Scizor is commonly found in forests and grasslands. They are solitary creatures, preferring to live and hunt alone. Their diet consists primarily of small insects and occasionally other Bug-type Pokémon. Scizor are known for their tactical intelligence, battling with the precision of a trained swordsman."
"Shuckle","213","Bug","Rock","Mold Pokémon","0.6","20.5","Sturdy, Gluttony, Contrary","2","No","Shuckle typically lives in caves and rocky areas where it can find a stable environment. It is solitary and spends its days collecting berries and storing them inside its shell. These berries ferment into a nutritious juice, which Shuckle consumes slowly. This Pokémon is known for its extremely high defensive stats, making it nearly impenetrable."
"Heracross","214","Bug","Fighting","Single Horn Pokémon","1.5","54","Swarm, Guts, Moxie","2","No","Heracross lives in forests, feeding on tree sap and fruit. It is known to be solitary, although during mating season, individuals might gather. This Pokémon displays a strong and determined personality, often battling fiercely to protect its territory or find food."
"Sneasel","215","Dark","Ice","Sharp Claw Pokémon","0.9","28","Inner-focus, Keen-eye, Pickpocket","2","No","Sneasel lives in cold, mountainous regions. They hunt in packs, preying on bird Pokémon eggs, as well as small rodents and insects. They have a cunning and sly nature."
"Teddiursa","216","Normal","","Little Bear Pokémon","0.6","8.8","Pickup, Quick-feet, Honey-gather","2","No","Teddiursa live in forests and mountainous areas, where they primarily forage for food. It is a solitary Pokemon except for the young, which stay with their mothers until they are mature. Teddiursa loves honey, which it often collects from Combee hives. Teddiursa are cute Pokémon with friendly and playful temperaments."
"Ursaring","217","Normal","","Hibernator Pokémon","1.8","125.8","Guts, Quick-feet, Unnerve","2","No","Ursaring dwells in deep forests where they forage for food. These Pokémon live a solitary life and are very protective of their territory. They feed on fruits, berries, fish, and occasionally small Pokémon. Ursaring have aggressive and territorial tendencies."
"Slugma","218","Fire","","Lava Pokémon","0.7","35","Magma-armor, Flame-body, Weak-armor","2","No","Slugma are usually found near volcanoes and hot springs, feeding on volcanic minerals and other heat-related sources. These Pokémon typically live alone or in small clusters around heat sources, being largely solitary in nature. They tend to be lethargic, moving slowly."
"Magcargo","219","Fire","Rock","Lava Pokémon","0.8","55","Magma-armor, Flame-body, Weak-armor","2","No","Magcargo makes its home near volcanic craters and lava flows. They feed on rocks and minerals found in these volcanic areas. They are solitary in nature. Magcargo is a relatively calm and slow-moving creature."
"Swinub","220","Ice","Ground","Pig Pokémon","0.4","6.5","Oblivious, Snow-cloak, Thick-fat","2","No","Swinub are commonly found in cold, snowy regions, using their sensitive snouts to locate food under the snow. They travel in herds for warmth and protection. They dig for roots, berries, and occasionally small insects. Swinub have a keen sense of smell that helps them to navigate and find food."
"Piloswine","221","Ice","Ground","Swine Pokémon","1.1","55.8","Oblivious, Snow-cloak, Thick-fat","2","No","Piloswine lives in cold, snowy environments, where it digs in the snow with its snout to find food. Piloswine travel in herds for warmth and protection. It is known for its thick coat of fur and tusks. They use their tusks to dig for roots and other plant matter. Piloswine can have short-tempered and impulsive personalities."
"Corsola","222","Water","Rock","Coral Pokémon","0.6","5","Hustle, Natural-cure, Regenerator","2","No","Corsola inhabits warm, shallow ocean waters where coral reefs are plentiful. It often gathers in groups, creating vibrant, living reefs. Corsola feeds on plankton and nutrients found in seawater. Its gentle nature makes it a favorite among divers, but pollution can harm them."
"Remoraid","223","Water","","Jet Pokémon","0.6","12","Hustle, Sniper, Moody","2","No","Remoraid can be found in oceans and seas, commonly attaching itself to larger Pokémon like Mantine for protection and to scavenge food. It is often seen in groups around its host. Remoraid filter-feed on plankton and small particles in the water. The Pokemon tend to have a symbiotic relationship with other Pokemon, providing protection to their host and scavenging food."
"Octillery","224","Water","","Jet Pokémon","0.9","28.5","Suction-cups, Sniper, Moody","2","No","Octillery lives in underwater caves and reefs. Usually solitary, they are very territorial and intelligent Pokémon. They eat crustaceans, fish and other water Pokemon. They have crafty personality traits."
"Delibird","225","Ice","Flying","Delivery Pokémon","0.9","16","Vital-spirit, Hustle, Insomnia","2","No","Delibird typically lives in cold, snowy regions, often nesting on icy cliffs. They live in small groups and have a cooperative nature. They store food in their tail sack, primarily berries and seeds. Delibird are known for sharing its food with those in need, even humans."
"Mantine","226","Water","Flying","Kite Pokémon","2.1","220","Swift-swim, Water-absorb, Water-veil","2","No","Mantine are commonly found in warm ocean waters, often gliding near the surface. They feed on plankton and small fish. They are social creatures and are often seen swimming in groups, occasionally associating with schools of Remoraid for protection."
"Skarmory","227","Steel","Flying","Armor Bird Pokémon","1.7","50.5","Keen-eye, Sturdy, Weak-armor","2","No","Skarmory inhabit mountainous regions with rocky terrain, using their sharp wings to navigate narrow passages. They primarily feed on iron-rich rocks and minerals. Skarmory are solitary hunters, often seen patrolling their territory from high vantage points."
"Houndour","228","Dark","Fire","Dark Pokémon","0.6","10.8","Early-bird, Flash-fire, Unnerve","2","No","Houndour typically reside in dark forests and rocky areas, where they hunt in packs. They communicate with each other using barks and howls. Houndour feed on small mammals and have a playful yet mischievous personality, often engaging in minor acts of vandalism."
"Houndoom","229","Dark","Fire","Dark Pokémon","1.4","35","Early-bird, Flash-fire, Unnerve","2","No","Houndoom prefer to live in volcanic regions and desolate landscapes, thriving in harsh conditions. They are nocturnal hunters, preying on larger Pokémon. Houndoom are known for their menacing appearance and cruel behavior, often seen as symbols of fear and darkness."
"Kingdra","230","Water","Dragon","Dragon Pokémon","1.8","152","Swift-swim, Sniper, Damp","2","No","Kingdra can be found in deep underwater caves and ocean trenches. They are solitary Pokémon, defending their territory aggressively. Kingdra feed on marine vegetation and small fish. They are known for their graceful swimming and powerful hydrokinetic abilities."
"Phanpy","231","Ground","","Long Nose Pokémon","0.5","33.5","Pickup, Sand-veil","2","No","Phanpy typically lives in grasslands and savannahs, forming herds with other Phanpy. They are herbivorous, consuming grasses and roots. Phanpy have a playful and energetic nature, enjoying activities like rolling down hills and squirting water with their trunks."
"Donphan","232","Ground","","Armor Pokémon","1.1","120","Sturdy, Sand-veil","2","No","Donphan reside in rocky mountains and arid landscapes, where they use their sturdy bodies to navigate challenging terrains. They feed on tough vegetation and mineral deposits. Donphan are solitary creatures, defending their territories fiercely. They have a calm demeanor but can become aggressive if provoked."
"Porygon2","233","Normal","","Virtual Pokémon","0.6","32.5","Trace, Download, Analytic","2","No","Porygon2 is usually found in technological environments such as research labs, digital spaces, and computer networks, where they are primarily monitored by their creators. Lacking natural needs, it thrives on processing data and learning. As a result of its artificial creation, Porygon2 is mostly kept solitary, and is known to exhibit docile behavior, often curious about its surroundings."
"Stantler","234","Normal","","Big Horn Pokémon","1.4","71.2","Intimidate, Frisk, Sap-sipper","2","No","Stantler live in forests and meadows, forming herds during mating season. They are herbivores, grazing on grasses, leaves, and berries. Stantler possess hypnotic powers that they use for defense and communication. They are generally docile, but become skittish when threatened."
"Smeargle","235","Normal","","Painter Pokémon","1.2","58","Own-tempo, Technician, Moody","2","No","Smeargle prefer urban areas and art studios, where they find inspiration for their paintings. They are omnivorous, consuming a variety of foods found in urban settings. Smeargle are solitary artists, expressing themselves through colorful graffiti-like markings on walls and rocks. Their personalities are diverse, reflecting their ever-changing artistic styles."
"Tyrogue","236","Fighting","","Scuffle Pokémon","0.7","21","Guts, Steadfast, Vital-spirit","2","No","Tyrogue live in mountainous regions where they train, often challenging other strong Pokemon or training alongside trainers to hone their martial art skills. They eat high protein diet to maintain a muscular physique. They are solitary fighters that always seeking battles to improve."
"Hitmontop","237","Fighting","","Handstand Pokémon","1.4","48","Intimidate, Technician, Steadfast","2","No","Hitmontop can be found training in forests or in martial art dojos. They train everyday perfecting their fighting skills, and consume a very high-protein diet. They're quite solitary always striving for improvement and seeking fair battles."
"Smoochum","238","Ice","Psychic","Kiss Pokémon","0.4","6","Oblivious, Forewarn, Hydration","2","No","Smoochum are found primarily near hot springs in colder regions, they stay together and rely on a diet of berries to avoid predation, and often squabble amongst themselves to show dominance within their group."
"Elekid","239","Electric","","Electric Pokémon","0.6","23.5","Static, Vital-spirit","2","No","Elekid live near power plants, feeding on electricity through the wires and conduits near the plant. They stay in small groups where they compete to be the one to receive the biggest electrical shock, leading to conflicts that are dangerous for those nearby."
"Magby","240","Fire","","Live Coal Pokémon","0.7","21.4","Flame-body, Vital-spirit","2","No","Magby is typically found near volcanos. Magby tend to eat soft to medium hard volcanic rock to aid in their digestion. Magby stay in groups, as they are usually solitary and do not interact often."
"Miltank","241","Normal","","Milk Cow Pokémon","1.2","75.5","Thick-fat, Scrappy, Sap-sipper","2","No","Miltank are typically found in grassy plains and farmlands, where they graze on fresh grass and produce nutrient-rich milk. They are social creatures, often living in small herds. Miltank are known for their gentle nature and are often cared for by humans for their milk, which is a key component of many health remedies."
"Blissey","242","Normal","","Happiness Pokémon","1.5","46.8","Natural-cure, Serene-grace, Healer","2","No","Blissey inhabit serene and secluded areas such as forests and meadows, where they can freely express their caring nature. They are gentle and compassionate Pokemon, known for their ability to share happiness and healing. Blissey are typically solitary, but they are always ready to help those in need, offering them special Blissey eggs to promote well-being."
"Raikou","243","Electric","","Thunder Pokémon","1.9","178","Pressure, Inner-focus","2","Yes","Raikou is a nomadic Pokémon that roams the grasslands and savannas in search of thunderstorms, from which it draws its immense power. Raikou are typically solitary, known for their intense speed and unpredictable nature. They are fiercely independent and prefer to avoid human contact, only revealing themselves when a powerful storm is brewing."
"Entei","244","Fire","","Volcano Pokémon","2.1","198","Pressure, Inner-focus","2","Yes","Entei are typically found in volcanic regions and mountainous terrain, where they draw strength from the Earth's core. They are solitary creatures with fiery tempers, often creating eruptions and intense heat wherever they roam. Entei embodies the passion of magma, and its roar can trigger volcanic activity."
"Suicune","245","Water","","Aurora Pokémon","2","187","Pressure, Inner-focus","2","Yes","Suicune travels tirelessly around the world, purifying polluted water sources and ensuring balance in aquatic ecosystems. They are solitary and often found near pristine lakes or rivers, where they seem to reflect on their purpose. Suicune's elegant movements and calm demeanor make it a revered figure among those who respect nature."
"Larvitar","246","Rock","Ground","Rock Skin Pokémon","0.6","72","Guts, Sand-veil","2","No","Larvitar typically live in mountainous regions, consuming soil and rocks to grow stronger. They are solitary and have a tough outer shell, which protects them from predators. Larvitar has a voracious appetite and can eat its weight in soil daily, preparing it for its evolution into Pupitar."
"Pupitar","247","Rock","Ground","Hard Shell Pokémon","1.2","152","Shed-skin","2","No","Pupitar create a hard, protective cocoon within rocky areas, often found deep within caves. They are solitary during this pupal stage, building pressure inside their shells to prepare for the next evolution. Pupitar is a resilient Pokemon, capable of withstanding extreme conditions while it undergoes its metamorphosis."
"Tyranitar","248","Rock","Dark","Armor Pokémon","2","202","Sand-stream, Unnerve","2","No","Tyranitar inhabit mountainous regions and desolate landscapes, where they claim territories with their immense power. They are solitary Pokemon, known for their aggression and tendency to destroy the environment. Tyranitar are fiercely territorial and will fiercely protect their domain from intruders."
"Lugia","249","Psychic","Flying","Diving Pokémon","5.2","216","Pressure, Multiscale","2","Yes","Lugia dwell deep in the ocean's trenches to avoid causing storms, only surfacing occasionally during calm weather. They are typically solitary and have a calming presence that can quell conflicts. Lugia's habitat reflects its role as a guardian of the seas and is rarely seen by humans."
"Ho-oh","250","Fire","Flying","Rainbow Pokémon","3.8","199","Pressure, Regenerator","2","Yes","Ho-Oh typically inhabits the skies above mountains and can only be seen by pure-hearted trainers. They are solitary creatures associated with hope and rebirth, bringing life and color to their surroundings. Ho-Oh are revered as symbols of peace and renewal and are said to bring good fortune to those who witness their magnificent plumage."
"Celebi","251","Psychic","Grass","Time Travel Pokémon","0.6","5","Natural-cure","2","Yes","Celebi reside in lush forests with ancient trees, where they act as guardians of the forest and its inhabitants. They are solitary Pokemon, and only appear when peace and balance are at stake. Celebi has the ability to travel through time, which allows it to protect the forest from ecological threats throughout history."
"Treecko","252","Grass","","Wood Gecko Pokémon","0.5","5","Overgrow, Unburden","3","No","Treecko typically lives in dense forests, making its home within the trees and shrubbery. It is a solitary Pokemon and uses its tail to gauge humidity, allowing it to find the best habitats. Treecko is known for its calm demeanor and preference for remaining hidden, only engaging when necessary."
"Grovyle","253","Grass","","Wood Gecko Pokémon","0.9","21.6","Overgrow, Unburden","3","No","Grovyle resides in deep jungles, using its well-developed legs to leap from branch to branch. It is a solitary Pokemon that actively protects its territory from intruders. Grovyle's heightened sense of smell and agility make it an adept hunter of insect Pokemon."
"Sceptile","254","Grass","","Forest Pokémon","1.7","52.2","Overgrow, Unburden","3","No","Sceptile make their homes in lush rainforests, using the trees as a vantage point for observation. They are solitary creatures that live peacefully among the dense foliage. Sceptile has a strong connection with the forest, drawing strength from it and acting as a protector of the environment."
"Torchic","255","Fire","","Chick Pokémon","0.4","2.5","Blaze, Speed-boost","3","No","Torchic typically inhabits grassy fields near forested areas. They are social and tend to follow their Trainer closely, seeking warmth and protection. Torchic have a small flame sac inside their bodies that keeps them constantly warm, often snuggling close to people and Pokemon."
"Combusken","256","Fire","Fighting","Young Fowl Pokémon","0.9","19.5","Blaze, Speed-boost","3","No","Combusken typically inhabits grasslands and forests, often near volcanic areas due to its affinity for fire. They are solitary creatures and feed on insects and berries. Their personality is often described as competitive and eager to train."
"Blaziken","257","Fire","Fighting","Blaze Pokémon","1.9","52","Blaze, Speed-boost","3","No","Blaziken lives in mountainous regions and forests, often seeking out warmer climates. They are solitary Pokémon with a diet consisting of meat and nuts. They are known for their bravery and fighting spirit."
"Mudkip","258","Water","","Mud Fish Pokémon","0.4","7.6","Torrent, Damp","3","No","Mudkip lives in swamps and wetlands, preferring damp environments. They are group-living Pokémon, often seen in small schools. They consume aquatic plants and small insects, and have a gentle and playful personality."
"Marshtomp","259","Water","Ground","Mud Fish Pokémon","0.7","28","Torrent, Damp","3","No","Marshtomp resides in swamps and muddy areas. They are solitary, often found patrolling their territory. Their diet consists of fish and crustaceans. They are known to be cautious and observant."
"Swampert","260","Water","Ground","Mud Fish Pokémon","1.5","81.9","Torrent, Damp","3","No","Swampert can be found near coastlines and beaches, constructing nests in sandy areas. They are solitary leaders, protecting their territory. Swampert consume seaweed and shellfish. They are very protective and calm."
"Poochyena","261","Dark","","Bite Pokémon","0.5","13.6","Run-away, Quick-feet, Rattled","3","No","Poochyena inhabits grassy plains and forests, often forming small packs. Their diet primarily consists of small rodents and berries. They display a cowardly yet mischievous behavior."
"Mightyena","262","Dark","","Bite Pokémon","1","37","Intimidate, Quick-feet, Moxie","3","No","Mightyena lives in plains and savannas, commanding their territory. They are pack-living, establishing a strict hierarchy. Mightyena feed on larger prey like Tauros, showing an intimidating and loyal personality."
"Zigzagoon","263","Normal","","Tiny Raccoon Pokémon","0.4","17.5","Pickup, Gluttony, Quick-feet","3","No","Zigzagoon populates forests and grassy areas, foraging for food. They often travel in small groups, playfully meandering. Their diet includes nuts and berries. They are known to be curious and carefree."
"Linoone","264","Normal","","Rushing Pokémon","0.5","32.5","Pickup, Gluttony, Quick-feet","3","No","Linoone dwells in open fields and roadways. They live in small packs and are incredibly fast. They eat scraps and small berries, known to be impulsive and competitive."
"Wurmple","265","Bug","","Worm Pokémon","0.3","3.6","Shield-dust, Run-away","3","No","Wurmple lives in forests and wooded areas. They are solitary Pokémon that feed on leaves. They are defenseless but often hungry."
"Silcoon","266","Bug","","Cocoon Pokémon","0.6","10","Shed-skin","3","No","Silcoon lives in forests, wrapped around tree branches. They are solitary creatures during this transformation. Silcoon sustain themselves using nutrients stored inside, showcasing patience."
"Beautifly","267","Bug","Flying","Butterfly Pokémon","1","28.4","Swarm, Rivalry","3","No","Beautifly dwells in flower gardens and meadows. They are group-living, fluttering from flower to flower. They feed on pollen and nectar, known for their colorful wings."
"Cascoon","268","Bug","","Cocoon Pokémon","0.7","11.5","Shed-skin","3","No","Cascoon lives in forests, similar to Silcoon, clinging onto branches. They are solitary and reliant on internal resources for their metamorphosis. Cascoon exhibit stillness and vulnerability."
"Dustox","269","Bug","Poison","Poison Moth Pokémon","1.2","31.6","Shield-dust, Compound-eyes","3","No","Dustox inhabits forests and swamps, seeking out dim areas. They are solitary, flying during nighttime. Dustox feed on tree sap, demonstrating a mysterious nature."
"Lotad","270","Water","Grass","Water Weed Pokémon","0.5","2.6","Swift-swim, Rain-dish, Own-tempo","3","No","Lotad thrives in ponds and lakes, often found floating on the water's surface. They are group-living and coexist harmoniously. They eat aquatic plants and decaying vegetation, known for their cheerful disposition."
"Lombre","271","Water","Grass","Jolly Pokémon","1.2","32.5","Swift-swim, Rain-dish, Own-tempo","3","No","Lombre typically inhabits freshwater ponds and rivers. It is a social Pokémon, often found in groups, and is known for its jolly and playful nature. They primarily feed on aquatic plants and algae."
"Ludicolo","272","Water","Grass","Carefree Pokémon","1.5","55","Swift-swim, Rain-dish, Own-tempo","3","No","Ludicolo thrives in rainforests and near bodies of water. They live in groups, often dancing and celebrating after rainfall. Their diet mainly consists of aquatic plants and fruits, and they are known for their carefree and cheerful personality."
"Seedot","273","Grass","","Acorn Pokémon","0.5","4","Chlorophyll, Early-bird, Pickpocket","3","No","Seedot lives in forests, often hanging from tree branches. It is a solitary Pokémon and feeds on tree sap. It is known for its shy and cautious behavior, often startling easily."
"Nuzleaf","274","Grass","Dark","Wily Pokémon","1","28","Chlorophyll, Early-bird, Pickpocket","3","No","Nuzleaf inhabits forests and caves. It is a solitary Pokémon that enjoys playing pranks. Its diet includes berries and nuts, and it is known for its wily and mischievous personality."
"Shiftry","275","Grass","Dark","Wicked Pokémon","1.3","59.6","Chlorophyll, Wind-rider, Pickpocket","3","No","Shiftry resides in deep forests, acting as guardians of the woods. They live in small family groups and communicate through whistling sounds. Shiftry consumes berries and smaller Pokémon and are known for their commanding and sometimes intimidating presence."
"Taillow","276","Normal","Flying","Tiny Swallow Pokémon","0.3","2.3","Guts, Scrappy","3","No","Taillow are found in fields and grassy plains. These Pokémon live in flocks and can be quite aggressive, standing up to much larger opponents if their territory is threatened. Taillow primarily feed on insects and berries, showing great courage."
"Swellow","277","Normal","Flying","Swallow Pokémon","0.7","19.8","Guts, Scrappy","3","No","Swellow frequents open skies and meadows, known for its swift and graceful flight. Living in flocks, they hunt for prey with impressive speed and agility, mainly feeding on flying insects. Swellow display a proud and confident nature."
"Wingull","278","Water","Flying","Seagull Pokémon","0.6","9.5","Keen-eye, Hydration, Rain-dish","3","No","Wingull are common along coasts and beaches, often seen nesting on cliffs and docks. They live in flocks and are skilled fliers, preying on small fish and crustaceans near the water's surface. Wingull are known for their noisy and curious nature."
"Pelipper","279","Water","Flying","Water Bird Pokémon","1.2","28","Keen-eye, Drizzle, Rain-dish","3","No","Pelipper nests on cliffs near the sea and are often found near harbors. These Pokémon typically live in small flocks, using their large beaks to carry smaller Pokémon and food. Pelipper mainly feed on fish and have a protective nature."
"Ralts","280","Psychic","Fairy","Feeling Pokémon","0.4","6.6","Synchronize, Trace, Telepathy","3","No","Ralts typically inhabits peaceful environments like fields and meadows, where its sensitive nature allows it to detect the emotions of living beings. They are usually solitary or live in small family units. Its diet is currently unkown. Ralts are drawn to positive emotions."
"Kirlia","281","Psychic","Fairy","Emotion Pokémon","0.8","20.2","Synchronize, Trace, Telepathy","3","No","Kirlia are often found near urban areas and dance in sunny meadows, absorbing positive emotions through their horns. These Pokémon live in small groups and are protective of their loved ones. Kirlia's primary food source is the ambient emotional energy of those around it, especially those they trust."
"Gardevoir","282","Psychic","Fairy","Embrace Pokémon","1.6","48.4","Synchronize, Trace, Telepathy","3","No","Gardevoir dwells in lush, open areas, showing deep loyalty and using its psychic abilities to protect its Trainer and friends. It is very rare to find it in the wild and more common as a human's partner. Their diet is unknown; however, their well-being is closely tied to positive emotional bonds."
"Surskit","283","Bug","Water","Pond Skater Pokémon","0.5","1.7","Swift-swim, Rain-dish","3","No","Surskit lives in ponds and marshes, skimming across the surface of the water with ease. They live solitary lives, leaving a trail of sweet scent as they glide. They feed on algae and microscopic organisms found in the water."
"Masquerain","284","Bug","Flying","Eyeball Pokémon","0.8","3.6","Intimidate, Unnerve","3","No","Masquerain lives near ponds and streams, where they hunt flying insects. They prefer areas with clean, still water and are usually solitary, though they can gather in small groups during the breeding season. Masquerain are nocturnal."
"Shroomish","285","Grass","","Mushroom Pokémon","0.4","4.5","Effect-spore, Poison-heal, Quick-feet","3","No","Shroomish are typically found in damp forests and grassy areas. They are often solitary, hiding under leaf litter or logs, and have symbiotic relation ship with larger trees, which provides with shelter. Their diet mainly consists of decaying organic matter."
"Breloom","286","Grass","Fighting","Mushroom Pokémon","1.2","39.2","Effect-spore, Poison-heal, Technician","3","No","Breloom live in lush forests where they can find the decaying matter they use to cultivate their mushroom caps. They are solitary Pokémon, fiercely territorial, and known for their incredible kicking power. They primarily feed on forest fungi and occasionally insects."
"Slakoth","287","Normal","","Slacker Pokémon","0.8","24","Truant","3","No","Slakoth spend most of their day sleeping or lazily lounging in tree branches, conserving energy. They are solitary creatures, rarely interacting with others except during mating season. Their diet consists mainly of leaves, which they digest slowly due to their sluggish metabolism. Slakoth are generally docile and avoid conflict."
"Vigoroth","288","Normal","","Wild Monkey Pokémon","1.4","46.5","Vital-spirit","3","No","Vigoroth are active and energetic Pokémon, living in forests where they can swing from trees and climb rocks. They are often found in small groups, engaging in playful activities to burn off excess energy. They have a varied diet, including fruits, berries, and small insects. Vigoroth are known for their restlessness and inability to stay still for long."
"Slaking","289","Normal","","Lazy Pokémon","2","130.5","Truant","3","No","Slaking are known to be the laziest Pokemon. Once they use up any and all energy in its body, they move towards areas that conserve what energy is left. They can live wherever, though more often near tree areas. The diet of Slaking consists of easy-to-get things, such as berries."
"Nincada","290","Bug","Ground","Trainee Pokémon","0.5","5.5","Compound-eyes, Run-away","3","No","Nincada live in damp, dark environments such as caves and forests where they feed on tree roots. As larvae Pokemon, they live in group. Nincada will mature given enough conditions, but some separate from others to form a Shedinja, while some evolve into Ninjask."
"Ninjask","291","Bug","Flying","Ninja Pokémon","0.8","12","Speed-boost, Infiltrator","3","No","Ninjask typically inhabits forests and jungles. The Pokemon are very hostile towards other Pokemon, unless trained and kept in a PokeBall. They have great vision to see what Pokemon or food is near them to engage the area to steal or kill food."
"Shedinja","292","Bug","Ghost","Shed Pokémon","0.8","1.2","Wonder-guard","3","No","Shedinja float motionless in forests, its presence barely noticed by the natural world. As an incomplete shell of another Pokemon, they require little to sustain its undead existence. They live an anti-social and do not need food to sustain itself. They are usually found when there are trainers, whom find Shedinja with no reason."
"Whismur","293","Normal","","Whisper Pokémon","0.6","16.3","Soundproof, Rattled","3","No","Whismur inhabit dark caves and forests. The Pokemons have high volume and tend to stay away from others so the cries from other pokemon doesn't affect it's body, due to its sensitive nature. The diet consist of plant based foods, whom don't require any work or sounds during eating, like berries."
"Loudred","294","Normal","","Big Voice Pokémon","1","40.5","Soundproof, Scrappy","3","No","Loudreds lives in dark areas. They live alone since the high sound waves can alert others. The diet of Loudred consist of a lot of easy plants to get, which makes Loudred not move from its area a lot."
"Exploud","295","Normal","","Loud Noise Pokémon","1.5","84","Soundproof, Scrappy","3","No","Exploud typically live in mountainous regions where they can unleash their powerful cries without disturbing others. Solitary Pokemon, using large bodies to shake the area. Their diet consists of nuts and seeds, since it is nutritious and will last a long time."
"Makuhita","296","Fighting","","Guts Pokémon","1","86.4","Thick-fat, Guts, Sheer-force","3","No","Makuhita inhabit mountainous regions. Makuhita like to engage with one another when training. The species like a balanced diet."
"Hariyama","297","Fighting","","Arm Thrust Pokémon","2.3","253.8","Thick-fat, Guts, Sheer-force","3","No","Hariyama frequent mountainous terrains. These fighting Pokemon will come together with one another to sharpen their strength with their techniques, typically feeding them after their daily tasks are over. They have a carnivorous diet and need protein for them to sustain their daily duties."
"Azurill","298","Normal","Fairy","Polka Dot Pokémon","0.2","2","Thick-fat, Huge-power, Sap-sipper","3","No","Azurill often found near bodies of water such as ponds. These pokemon are anti-social due to their timid nature. They sustain a diet through consuming the nearby plant base food near its region."
"Nosepass","299","Rock","","Compass Pokémon","1","97","Sturdy, Magnet-pull, Sand-force","3","No","Nosepass make their homes in caves. Known to make friends with other Nosepass. It's primary food is minerals from the rocks around it."
"Skitty","300","Normal","","Kitten Pokémon","0.6","11","Cute-charm, Normalize, Wonder-skin","3","No","Skitty, these pokemon have a social behavior, as they are commonly inside homes and the city. Their diet consist of common items for a housecat."
"Delcatty","301","Normal","","Prim Pokémon","1.1","32.6","Cute-charm, Normalize, Wonder-skin","3","No","Delcatty prefers to live in forests. Its diet consists of small rodents and berries. They are typically solitary Pokemon."
"Sableye","302","Dark","Ghost","Darkness Pokémon","0.5","11","Keen-eye, Stall, Prankster","3","No","Sableye is a nocturnal Pokémon that lives in dark caves and abandoned mines. They feed on gemstones, which they find underground. These Pokemon are usually solitary."
"Mawile","303","Steel","Fairy","Deceiver Pokémon","0.6","11.5","Hyper-cutter, Intimidate, Sheer-force","3","No","Mawile dwells in caves and rocky areas. It is a solitary hunter, using its large jaws to ambush prey. Mawile is primarily carnivorous, consuming smaller Pokémon."
"Aron","304","Steel","Rock","Iron Armor Pokémon","0.4","60","Sturdy, Rock-head, Heavy-metal","3","No","Aron lives in mountainous regions. Its diet primarily consists of iron ore. They are mostly solitary but can sometimes be found in small groups during the search for food."
"Lairon","305","Steel","Rock","Iron Armor Pokémon","0.9","120","Sturdy, Rock-head, Heavy-metal","3","No","Lairon inhabits mountainous terrain and caves. It feeds on iron-rich rocks. Lairon is solitary, but can live in small communities."
"Aggron","306","Steel","Rock","Iron Armor Pokémon","2.1","360","Sturdy, Rock-head, Heavy-metal","3","No","Aggron claims an entire mountain as its territory, defending it fiercely. Its diet includes iron ore and it lives in small groups."
"Meditite","307","Fighting","Psychic","Meditate Pokémon","0.6","11.2","Pure-power, Telepathy","3","No","Meditite lives deep in mountains, meditating to heighten its psychic powers. They eat berries and roots, they prefer to live alone."
"Medicham","308","Fighting","Psychic","Meditate Pokémon","1.3","31.5","Pure-power, Telepathy","3","No","Medicham resides in mountainous regions, continuing their meditative practices. It lives a solitary lifestyle."
"Electrike","309","Electric","","Lightning Pokémon","0.6","15.2","Static, Lightning-rod, Minus","3","No","Electrike commonly lives in grassy plains. It feasts on electrical energy in the environment. Usually found in small packs."
"Manectric","310","Electric","","Discharge Pokémon","1.5","40.2","Static, Lightning-rod, Minus","3","No","Manectric inhabits grasslands, using its electrical powers to hunt prey. These Pokemon live in groups."
"Plusle","311","Electric","","Cheering Pokémon","0.4","4.2","Plus, Lightning-rod","3","No","Plusle inhabits grassy areas near populated regions. They cheer on teammates using pom-poms made of sparks. Live in packs."
"Minun","312","Electric","","Cheering Pokémon","0.4","4.2","Minus, Volt-absorb","3","No","Minun inhabits grassy areas near populated regions. This Pokémon will create a cheering squad to cheer on friends in battle. Live in packs."
"Volbeat","313","Bug","","Firefly Pokémon","0.7","17.7","Illuminate, Swarm, Prankster","3","No","Volbeat lives in grassy areas near clean water sources. These Pokemon travel in swarms."
"Illumise","314","Bug","","Firefly Pokémon","0.6","17.7","Oblivious, Tinted-lens, Prankster","3","No","Illumise inhabits grassy areas near clean water sources. These Pokemon live near ponds or streams. Often forms groups."
"Roselia","315","Grass","Poison","Thorn Pokémon","0.3","2","Natural-cure, Poison-point, Leaf-guard","3","No","Roselia inhabits forests and gardens. It loves nutrient-rich soil and clean water. Typically lives alone."
"Gulpin","316","Poison","","Stomach Pokémon","0.4","10.3","Liquid-ooze, Sticky-hold, Gluttony","3","No","Gulpin inhabits grassy areas and wetlands, often found near bodies of water where they can easily consume their preferred diet of berries and trash. These solitary Pokémon are known for their docile nature and incredible appetite, capable of swallowing objects larger than themselves."
"Swalot","317","Poison","","Poison Bag Pokémon","1.7","80","Liquid-ooze, Sticky-hold, Gluttony","3","No","Swalot are typically found in swamps and caves, where they can find ample supplies of toxic waste and rotting vegetation to consume. They are solitary hunters, patiently waiting for prey to wander into their territory before engulfing them whole. Swalot are known for their acidic digestive fluids, capable of dissolving almost anything."
"Carvanha","318","Water","Dark","Savage Pokémon","0.8","20.8","Rough-skin, Speed-boost","3","No","Carvanha are found in tropical rivers and seas.  They typically hunt in packs and feed on fish. They are known to be aggressive and will attack anything that moves in the water."
"Sharpedo","319","Water","Dark","Brutal Pokémon","1.8","88.8","Rough-skin, Speed-boost","3","No","Sharpedo are found in oceans. They feed on marine life, primarily fish. Sharpedo are solitary hunters and can become aggressive if provoked. Their sharp fangs and powerful jaws make them a fearsome predator in the sea."
"Wailmer","320","Water","","Ball Whale Pokémon","2","130","Water-veil, Oblivious, Pressure","3","No","Wailmer is found in warm and temperate oceans, living in pods of approximately 10-20 individuals. They filter feed on krill, plankton, and small fish. These Pokemon are playful and known for their love of playing on the water's surface."
"Wailord","321","Water","","Float Whale Pokémon","14.5","398","Water-veil, Oblivious, Pressure","3","No","Wailord is commonly found in oceans, travelling in pods. It can eat massive quantities of fish. It is often playful, using its massive size to create waves and enjoys long voyages."
"Numel","322","Fire","Ground","Numb Pokémon","0.7","24","Oblivious, Simple, Own-tempo","3","No","Numel are commonly found on volcanic slopes and deserts.  They consume plant roots and occasionally dig in the earth for mineral nutrients. These pokemon are docile but can become aggressive if feeling overloaded or carrying heavy weight. The ""numb pokemon"" have limited perception in hot environments due to low stress."
"Camerupt","323","Fire","Ground","Eruption Pokémon","1.9","220","Magma-armor, Solid-rock, Anger-point","3","No","Camerupt live in and around volcanoes. They feed on minerals and volcanic rock, thriving in the hot, harsh environment. These Pokémon are solitary, and territorial, and possess great strength and a fiery temperament."
"Torkoal","324","Fire","","Coal Pokémon","0.5","80.4","White-smoke, Drought, Shell-armor","3","No","Torkoal lives in coal mines and mountainous regions, foraging coal and wood for its fires to burn. These Pokémon are solitary creatures known for their slow, plodding pace and gentle demeanor."
"Spoink","325","Psychic","","Bounce Pokémon","0.7","30.6","Thick-fat, Own-tempo, Gluttony","3","No","Spoink bounces on its tail to keep its heart beating. It's usually found in forests and grassy plains where it can feed on berries and plants. Spoink are social, often gathering in groups. Each one is gentle but somewhat clumsy."
"Grumpig","326","Psychic","","Manipulate Pokémon","0.9","71.5","Thick-fat, Own-tempo, Gluttony","3","No","Grumpig inhabit mountainous regions and caves, residing in solitude while using its psychic powers to manipulate dark energies and maintain its territory. It feeds on berries and roots."
"Spinda","327","Normal","","Spot Panda Pokémon","1.1","5","Own-tempo, Tangled-feet, Contrary","3","No","Spinda can be found in mountainous regions, grazing on bamboo grass and consuming berries found in the region. It lives in social groups.  Each member maintains a perpetually confused nature, and unique spot patterns and movements define individual identity."
"Trapinch","328","Ground","","Ant Pit Pokémon","0.7","15","Hyper-cutter, Arena-trap, Sheer-force","3","No","Trapinch are typically found in arid and desert environments, and use their strong jaws to crush insects.  It lives a solitary lifestyle in self-made pit traps and is fairly territorial."
"Vibrava","329","Ground","Dragon","Vibration Pokémon","1.1","15.3","Levitate","3","No","Vibrava are often found in arid regions near oases and canyons. They are solitary creatures and eat insects. It is characterized by rapid vibration of wings and low volume generation of ultrasonic frequencies to disorient foes."
"Flygon","330","Ground","Dragon","Mystic Pokémon","2","82","Levitate","3","No","Flygon typically inhabits arid environments, like deserts. It often seeks refuge near rivers or oases, where prey is more abundant. Flygon live solitary lives, only grouping together to mate. They hunt insects, small animals, and sometimes even desert fruits."
"Cacnea","331","Grass","","Cactus Pokémon","0.4","51.3","Sand-veil, Water-absorb","3","No","Cacnea lives primarily in arid environments, such as deserts and dry savannas. It sustains itself by absorbing moisture from the air and soil, storing it within its body. These Pokémon are typically solitary and prefer to avoid contact. When threatened, it will shoot thorns. Cacnea personality is often described as resilient and independent, thriving in harsh conditions where other Pokémon might struggle."
"Cacturne","332","Grass","Dark","Scarecrow Pokémon","1.3","77.4","Sand-veil, Water-absorb","3","No","Cacturne are found in deserts and wastelands, particularly areas with sparse vegetation and extreme temperature fluctuations. Being nocturnal, Cacturne conserves energy during the day, becoming active at night to hunt prey and patrol its territory. Often solitary, Cacturne exhibit cautious behavior, as they stay vigilant for potential threats. Personality-wise, Cacturne is generally seen as stoic and intimidating. They remain still, like scarecrows, in the desert."
"Swablu","333","Normal","Flying","Cotton Bird Pokémon","0.4","1.2","Natural-cure, Cloud-nine","3","No","Swablu frequents grassy fields and meadows with abundant sunlight. Their diet consists of seeds, fruits, and small insects found within their habitat. Swablu typically live in small flocks, maintaining close social bonds through mutual preening and synchronized flight patterns. Generally gentle and docile, Swablu display friendly behavior toward both other Pokémon and humans, often seen hopping around to interact. Personality wise, it likes to keep itself clean."
"Altaria","334","Dragon","Flying","Humming Pokémon","1.1","20.6","Natural-cure, Cloud-nine","3","No","Altaria inhabit mountainous regions with vast expanses of open sky. Altaria often associate in small flocks, creating elaborate aerial displays for communication. They mainly feed on berries and nectar, with occasional insects. Personality-wise, Altaria are characterized as graceful and benevolent."
"Zangoose","335","Normal","","Cat Ferret Pokémon","1.3","40.3","Immunity, Toxic-boost","3","No","Zangoose lives in grasslands and savannas, as well as temperate and subtropical forests. These areas provide ample opportunity for hunting and shelter among tall grasses and wooded patches. Being primarily carnivorous, Zangoose feeds on smaller Pokémon, rodents, eggs, and occasional fruits and berries. Zangoose are solitary hunters, each typically marking and defending their own territory, except during mating season. Personality is known for its fierce rivalry."
"Seviper","336","Poison","","Fang Snake Pokémon","2.7","52.5","Shed-skin, Infiltrator","3","No","Seviper favors dense jungles, swamps, and marshes, often near bodies of water. It stalks prey through tall grass, hidden in trees, or coiled in watery areas. Seviper primarily eat smaller Pokémon, rodents, and birds. They tend to be solitary creatures. When disturbed, Seviper lashes out, inflicting venomous bites. Personality-wise, Seviper are often seen as menacing and formidable."
"Lunatone","337","Rock","Psychic","Meteorite Pokémon","1","168","Levitate","3","No","Lunatone is believed to have originated from meteorites that crash-landed on Earth. Their habitats include caves, rocky mountains, and desolate deserts, where they gather energy from moonlight. Being nocturnal Pokémon, Lunatone use moonlight to see and navigate. Their diet is unknown, but they can absorb minerals. Lunatone typically isolate themselves, creating solitary lives. Personality-wise, they possess a calm presence and seem somewhat otherworldly."
"Solrock","338","Rock","Psychic","Meteorite Pokémon","1.2","154","Levitate","3","No","Solrock is believed to have originated from meteorites that crash-landed on Earth. Its habitats include caves, rocky mountains, and desolate deserts, where they gather energy from sunlight. Being diurnal, Solrock thrives under the sun's rays. Their diet is unknown, but they can absorb minerals. Solrock are typically seen floating near the sun. Personality-wise, Solrock possesses a fierce disposition."
"Barboach","339","Water","Ground","Whiskers Pokémon","0.4","1.9","Oblivious, Anticipation, Hydration","3","No","Barboach thrives in freshwater environments such as rivers, lakes, and ponds. They dig in the mud to find food or hide from predators. This Pokémon usually eats small insects. Living in schools, they rely on each other. The typical Barbnoach has a playful personality."
"Whiscash","340","Water","Ground","Whiskers Pokémon","0.9","23.6","Oblivious, Anticipation, Hydration","3","No","Whiscash frequents freshwater environments, residing in large lakes, ponds, and slow-moving rivers. Diet includes smaller fish, crustaceans, aquatic plants, and algae. Whiscash have also been known to feed on mud and detritus found on the bottom of bodies of water. Whiscash tend to lead solitary lives, only interacting with others during breeding season. The Pokémon is lazy, often seen dozing in mud, however when predators are near, they may become destructive."
"Corphish","341","Water","","Ruffian Pokémon","0.6","11.5","Hyper-cutter, Shell-armor, Adaptability","3","No","Corphish are found in freshwater habitats such as rivers, lakes, and swamps. Their omnivorous diet includes algae, small fish, insects, and aquatic plants. They are typically solitary creatures. While Corphish are hardy and adaptable, they are often seen as territorial."
"Crawdaunt","342","Water","Dark","Rogue Pokémon","1.1","32.8","Hyper-cutter, Shell-armor, Adaptability","3","No","Crawdaunt can be found in freshwater habitats such as rivers, lakes, and swamps, though it favors habitats with ample vegetation. Its diet mainly includes smaller fish and other aquatic life. Crawdaunt often lives solitary lives, except during breeding season. This Pokémon is brutal."
"Baltoy","343","Ground","Psychic","Clay Doll Pokémon","0.5","21.5","Levitate","3","No","Baltoy can be found in deserts, caves, and ancient ruins. It is composed of clay, making it durable. It thrives in areas with a high concentration of psychic energy. This Pokémon is known to eat minerals. Baltoy typically live solitary lives, traveling for new information about the world. This Pokémon is described as curious and gentle."
"Claydol","344","Ground","Psychic","Clay Doll Pokémon","1.5","108","Levitate","3","No","Claydol can be found in ancient ruins, deserts, and mountainous regions. They seem to gravitate toward areas rich in psychic energy and historical significance. This Pokemon's diet consists of minerals. Claydol's tend to keep to themselves. Some find comfort being around others and seek friendship. They are quite playful."
"Lileep","345","Rock","Grass","Sea Lily Pokémon","1","23.8","Suction-cups, Storm-drain","3","No","Lileep thrives in coastal environments, such as rocky shores, shallow reefs, and underwater caves. It thrives best when exposed to sunlight and clean waters. Diet includes plankton and minerals from the seawater. Living in groups on the ocean floor, they may also come to shore together. Lileep has a shy, cautious, and gentle personality."
"Cradily","346","Rock","Grass","Barnacle Pokémon","1.5","60.4","Suction-cups, Storm-drain","3","No","Cradily typically inhabits coastal regions and shallow seas, anchoring itself to rocks or the seabed with its sturdy roots. As a carnivore, it primarily feeds on smaller aquatic creatures that it captures with its numerous tentacles. Cradily is a solitary Pokémon, preferring to live alone and defend its territory. It is generally docile, but will become aggressive if threatened."
"Anorith","347","Rock","Bug","Old Shrimp Pokémon","0.7","12.5","Battle-armor, Swift-swim","3","No","Anorith are ancient Pokémon that were resurrected from fossils. They are found in coastal areas and rocky beaches, often near the water's edge. These Pokémon are primarily carnivorous, feeding on small crustaceans and fish. Anorith are typically solitary creatures, spending their time scavenging for food along the shoreline. They are known to be active during the day, using their keen eyesight to spot potential prey."
"Armaldo","348","Rock","Bug","Plate Pokémon","1.5","68.2","Battle-armor, Swift-swim","3","No","Armaldo are typically found in coastal regions and rocky terrains, often near water sources. As carnivorous Pokémon, their diet consists primarily of fish, crustaceans, and other small aquatic creatures. Armaldo are solitary by nature, preferring to live alone and fiercely guarding their territory. They are known for their aggressive behavior and powerful attacks, making them formidable predators in their habitat."
"Feebas","349","Water","","Fish Pokémon","0.6","7.4","Swift-swim, Oblivious, Adaptability","3","No","Feebas lives in ponds, lakes, and rivers, often in murky or polluted waters. It feeds on algae and small insects and is known for its ability to survive in harsh environments with low food availability. Feebas are solitary Pokémon with timid and unassuming personalities, often avoiding contact with other Pokémon and humans."
"Milotic","350","Water","","Tender Pokémon","6.2","162","Marvel-scale, Competitive, Cute-charm","3","No","Milotic is a freshwater Pokémon that lives in clean lakes and rivers. As a herbivore, it feeds on aquatic plants and algae, contributing to the balance of its ecosystem. These Pokémon live either alone or in pairs. With gentle and serene personalities, they are believed to bring peace and tranquility to those around them."
"Castform","351","Normal","","Weather Pokémon","0.3","0.8","Forecast","3","No","Castform are unique Pokémon that live in various weather conditions and ecosystems depending on their form. They have a diverse diet and will adapt to what's available. These Pokémon are either solitary or live in small groups, showing playful personalities in suitable weather."
"Kecleon","352","Normal","","Color Swap Pokémon","1","22","Color-change, Protean","3","No","Kecleon inhabits forests and jungles, blending into its surroundings to avoid predators. It feeds on insects and fruits and relies on camouflage to hunt and survive. These Pokémon live alone. They are known to be cautious and elusive creatures, carefully observing their environment before making a move."
"Shuppet","353","Ghost","","Puppet Pokémon","0.6","2.3","Insomnia, Frisk, Cursed-body","3","No","Shuppet are found in abandoned buildings, graveyards, and dark forests, where they feed on negative emotions. They are primarily carnivorous, consuming the despair and sadness of others. Shuppet often travel in small groups. Their personalities tend to be mischievous and playful, often seeking out pranks and lighthearted disturbances."
"Banette","354","Ghost","","Marionette Pokémon","1.1","12.5","Insomnia, Frisk, Cursed-body","3","No","Banette haunts urban areas and abandoned buildings, seeking revenge on those who wronged it. It survives by absorbing residual energy from its surroundings and sometimes consuming small amounts of dark energy. These Pokémon live either alone or in small groups, known to be vengeful and aggressive creatures."
"Duskull","355","Ghost","","Requiem Pokémon","0.8","15","Levitate, Frisk","3","No","Duskull prefers to reside in dark, desolate locations such as old cemeteries and abandoned buildings. These nocturnal creatures feed on the spirits of the dead. Living alone or in small groups, they are shy and solitary, avoiding contact with the living and rarely seen in populated areas."
"Dusclops","356","Ghost","","Beckon Pokémon","1.6","30.6","Pressure, Frisk","3","No","Dusclops haunts caves and dark forests, feeding on wandering spirits. Its primary diet consists of the life force of others, which it absorbs using its spectral body. These solitary Pokémon often travel alone, displaying a stoic and enigmatic nature."
"Tropius","357","Grass","Flying","Fruit Pokémon","2","100","Chlorophyll, Solar-power, Harvest","3","No","Tropius inhabits tropical rainforests, using its broad leaves for flight and consuming fruits, growing them on its own body. These social Pokémon thrive in herds, living a friendly life."
"Chimecho","358","Psychic","","Wind Chime Pokémon","0.6","1","Levitate","3","No","Chimecho inhabits mountainous regions, often found in forests and caves with echo-friendly landscapes. Feeding on atmospheric particles and spiritual energy, they live alone or in pairs with calm personalities, known for creating tranquil, harmonious environments."
"Absol","359","Dark","","Disaster Pokémon","1.2","47","Pressure, Super-luck, Justified","3","No","Absol typically resides in remote mountainous regions and isolated locations, far away from human settlements. Its diet consists of various plants, fruits, and small animals found in the mountains. These Pokémon live a solitary lifestyle, often avoiding contact with others, and maintain an aloof demeanor."
"Wynaut","360","Psychic","","Bright Pokémon","0.6","14","Shadow-tag, Telepathy","3","No","Wynaut commonly inhabits caves and dark areas, far away from sunlight. These Pokémon consume plant roots, preferring dark and hidden places, such as damp cave systems. Thriving in social groups, these creatures display playful personalities."
"Snorunt","361","Ice","","Snow Hat Pokémon","0.7","16.8","Inner-focus, Ice-body, Moody","3","No","Snorunt primarily inhabits snowy and icy environments, such as caves and mountainous regions with heavy snowfall. These Pokémon are solitary creatures, often found hibernating within icy caverns to conserve energy. They feed on frozen berries and ice shards, which provide them with the necessary nutrients to survive in the harsh, cold climates. Snorunt are known for their timid and gentle nature, preferring to avoid confrontation whenever possible."
"Glalie","362","Ice","","Face Pokémon","1.5","256.5","Inner-focus, Ice-body, Moody","3","No","Glalie typically dwells in frigid, mountainous regions where it can utilize the surrounding ice and snow to its advantage. These Pokémon are often solitary, roaming their icy domains in search of prey. Glalie are carnivorous, feeding on smaller Ice-type Pokémon and other creatures that inhabit their frozen habitats. Known for their aggressive temperament, Glalie are territorial and will fiercely defend their territory from intruders."
"Spheal","363","Ice","Water","Clap Pokémon","0.8","39.5","Thick-fat, Ice-body, Oblivious","3","No","Spheal is commonly found in icy environments, frequenting coastal regions and icy waters where they can easily access their primary food source: fish. These Pokémon are social creatures, living in colonies that provide warmth and protection from predators. Spheal are omnivorous, consuming a variety of foods including fish, seaweed, and crustaceans. Known for their playful and docile nature, Spheal often engage in games with each other."
"Sealeo","364","Ice","Water","Ball Roll Pokémon","1.1","87.6","Thick-fat, Ice-body, Oblivious","3","No","Sealeo generally inhabit icy environments and coastal regions, thriving in cold waters and snowy landscapes. These Pokémon are social creatures, typically found in small groups or pods where they cooperate in hunting and defense. Sealeo are omnivorous, consuming a diverse array of foods, including fish, seaweed, and crustaceans. Known for their playful and clumsy nature, Sealeo often engage in playful behavior with each other."
"Walrein","365","Ice","Water","Ice Break Pokémon","1.4","150.6","Thick-fat, Ice-body, Oblivious","3","No","Walrein predominantly inhabits icy and arctic regions, thriving in frigid waters and snowy landscapes. These Pokémon are social creatures, often living in large herds led by a dominant male. Walrein are carnivorous, primarily feeding on fish, squid, and other marine animals. They are known for their strength and resilience, able to withstand the harsh conditions of their natural habitat."
"Clamperl","366","Water","","Bivalve Pokémon","0.4","52.5","Shell-armor, Rattled","3","No","Clamperl resides in deep ocean environments, seeking shelter in rocky crevices and coral reefs. These Pokémon are solitary creatures, spending their lives concealed within their shells. Clamperl are filter feeders, consuming microscopic organisms and nutrients from the surrounding water. Known for their cautious nature, Clamperl remain hidden and protect their shells to avoid predation."
"Huntail","367","Water","","Deep Sea Pokémon","1.7","27","Swift-swim, Water-veil","3","No","Huntail inhabits the deep ocean, dwelling in dark, underwater caves and crevices. These Pokémon are solitary hunters, patiently waiting to ambush their prey. Huntail are carnivorous, primarily feeding on fish and other small marine creatures. Known for their cunning and patient demeanor, Huntail use their lure-like tail to attract unsuspecting prey."
"Gorebyss","368","Water","","South Sea Pokémon","1.8","22.6","Swift-swim, Hydration","3","No","Gorebyss lives in the deep sea, favoring warm, tropical waters where they can find an abundance of food. These Pokémon are solitary creatures, spending their lives in pursuit of rare and delectable sea delicacies. Gorebyss are carnivorous, primarily feeding on seaweed, corals, and small aquatic creatures. Known for their beauty and grace, Gorebyss are highly prized for their elegant appearance and rarity."
"Relicanth","369","Water","Rock","Longevity Pokémon","1","23.4","Swift-swim, Rock-head, Sturdy","3","No","Relicanth inhabit deep-sea environments, dwelling near rocky structures and underwater caves. These Pokémon are solitary creatures, believed to have remained unchanged for millions of years. Relicanth are omnivorous, consuming a diet consisting of algae, small fish, and crustaceans. Known for their ancient lineage, Relicanth are considered living fossils."
"Luvdisc","370","Water","","Rendezvous Pokémon","0.6","8.7","Swift-swim, Hydration","3","No","Luvdisc thrives in warm, shallow waters, frequenting coral reefs and tropical lagoons. These Pokémon are social creatures, often found in groups or schools that display synchronized swimming patterns. Luvdisc are omnivorous, primarily consuming algae, plankton, and small crustaceans. Known for their charming and affectionate nature, Luvdisc are often associated with romance and love."
"Bagon","371","Dragon","","Rock Head Pokémon","0.6","42.1","Rock-head, Sheer-force","3","No","Bagon resides in mountainous and rocky terrains, seeking refuge in caves and canyons. These Pokémon are solitary creatures, often found training and leaping off cliffs in pursuit of their dream of flight. Bagon are carnivorous, primarily feeding on small mammals and birds. Known for their determination and resilience, Bagon relentlessly pursue their goal of soaring through the sky."
"Shelgon","372","Dragon","","Endurance Pokémon","1.1","110.5","Rock-head, Overcoat","3","No","Shelgon inhabits mountainous and rocky terrains, seeking shelter in caves and secluded areas. These Pokémon are solitary creatures, undergoing a period of transformation and growth in preparation for their final evolution. Shelgon are carnivorous, primarily feeding on small mammals and birds. Known for their protective shell and patience, Shelgon await the moment they can shed their shell and achieve their dream of flight."
"Salamence","373","Dragon","Flying","Dragon Pokémon","1.5","102.6","Intimidate, Moxie","3","No","Salamence is an aerial predator, soaring through the skies and hunting for prey in various terrains, including forests, mountains, and open plains. These Pokémon are solitary hunters, but may occasionally form small groups during migration or mating season. Salamence are carnivorous, primarily feeding on large birds, small mammals, and fish. Known for their aggressive and territorial nature, Salamence fiercely defend their hunting grounds from intruders."
"Beldum","374","Steel","Psychic","Iron Ball Pokémon","0.6","95.2","Clear-body, Light-metal","3","No","Beldum are typically found in rocky and metallic terrains, dwelling in caves and mountainous regions where they can easily access iron-rich minerals. These Pokémon are solitary creatures, often attaching themselves to cave walls and ceilings using their magnetic properties. Beldum are carnivorous, consuming iron ore and other metallic substances to fuel their energy. Known for their intelligence and composure, Beldum silently communicate with each other using telepathy."
"Metang","375","Steel","Psychic","Iron Claw Pokémon","1.2","202.5","Clear-body, Light-metal","3","No","Metang resides in mountainous and rocky terrains, dwelling in caves and secluded areas where they can find an abundance of metal-rich minerals. These Pokémon are social creatures, typically found in small groups, cooperating to hunt and defend their territory. Metang are carnivorous, primarily consuming iron ore and other metallic substances to fuel their energy. Known for their intelligence and teamwork, Metang effectively hunt and gather resources in their rocky habitats."
"Metagross","376","Steel","Psychic","Iron Leg Pokémon","1.6","550","Clear-body, Light-metal","3","No","Metagross are typically found in caves and mountainous regions. They have a diet that consists primarily of metallic ores and are solitary creatures. Metagross are known for their incredible intelligence and strategic thinking."
"Regirock","377","Rock","","Rock Peak Pokémon","1.7","230","Clear-body, Sturdy","3","Yes","Regirock is found in caves and ruins, often in areas with abundant rocks. It is believed to feed on rocks and minerals, absorbing their energy. Regirock is solitary, territorial, and known for its resilience."
"Regice","378","Ice","","Iceberg Pokémon","1.8","175","Clear-body, Ice-body","3","Yes","Regice lives in extremely cold environments, such as glaciers and frozen caves. It feeds on surrounding ice, solidifying it to maintain its icy body. Regice is solitary and tends to be dormant, with a calm personality."
"Registeel","379","Steel","","Iron Pokémon","1.9","205","Clear-body, Light-metal","3","Yes","Registeel is usually found in caves or underground ruins. It seems to consume iron and other metals to reinforce its body. Registeel is solitary, possessing a quiet and enigmatic demeanor."
"Latias","380","Dragon","Psychic","Eon Pokémon","1.4","40","Levitate","3","Yes","Latias inhabits secluded islands and coastal areas. It feeds on plankton and small aquatic organisms and lives in small groups of 3-5 individuals. Latias is very shy and sensitive, often communicating telepathically with its trainer."
"Latios","381","Dragon","Psychic","Eon Pokémon","2","60","Levitate","3","Yes","Latios dwells in remote islands and coastal regions. It feeds on plankton and fish and lives in small flocks of 3-5 individuals. Latios is brave, intelligent, and very loyal, especially to its trainer."
"Kyogre","382","Water","","Sea Basin Pokémon","4.5","352","Drizzle","3","Yes","Kyogre is a deep-sea Pokémon, living in the deepest parts of the ocean. It is believed to feed on vast amounts of energy found in hydrothermal vents and is solitary, only appearing during periods of significant weather changes. Kyogre is powerful and imposing, capable of creating massive storms."
"Groudon","383","Ground","","Continent Pokémon","3.5","950","Drought","3","Yes","Groudon is found in volcanic regions and underground magma chambers. It consumes geothermal energy and minerals to sustain itself. Groudon is solitary and can be very aggressive when disturbed. Groudon is very powerful and intimidating, capable of expanding continents."
"Rayquaza","384","Dragon","Flying","Sky High Pokémon","7","206.5","Air-lock","3","Yes","Rayquaza soars through the stratosphere, living high above the clouds. It feeds on microscopic particles and atmospheric energy. Rayquaza is solitary, rarely descending to the surface, and maintains balance in the ecosystem. Rayquaza is majestic and aloof, often appearing as a guardian of the skies."
"Jirachi","385","Steel","Psychic","Wish Pokémon","0.3","1.1","Serene-grace","3","Yes","Jirachi spends most of its time sleeping in a crystalline cocoon, awakening for only seven days every thousand years. While awake, it grants wishes and is very rare. Jirachi is generally solitary and good-natured, often playful and curious during its short periods of activity."
"Deoxys-normal","386","Psychic","","DNA Pokémon","1.7","60.8","Pressure","3","Yes","Deoxys is an extraterrestrial Pokémon, typically found near areas with high concentrations of energy or after meteor showers. It is believed to absorb information from the environment and can alter its form for different purposes. Deoxys is generally solitary and mysterious, its behavior varies based on its form."
"Turtwig","387","Grass","","Tiny Leaf Pokémon","0.4","10.2","Overgrow, Shell-armor","4","No","Turtwig is found near lakes and forests. It feeds on sunlight through photosynthesis and roots itself in the ground for water. Turtwig live in small groups, and their personalities are calm and friendly, enjoying basking in the sun."
"Grotle","388","Grass","","Grove Pokémon","1.1","97","Overgrow, Shell-armor","4","No","Grotle dwells in forests, leading other Pokémon to water sources on its back. It feeds on sunlight and roots, similar to Turtwig. Grotle are generally solitary but are also very protective and nurturing, guiding smaller Pokémon."
"Torterra","389","Grass","Ground","Continent Pokémon","2.2","310","Overgrow, Shell-armor","4","No","Torterra lives in forests and can be found where other Pokémon gather on its back to form a small community. Torterra feeds on sunlight and nutrients absorbed from the ground through the tree on its back and they have gentle and protective demeanor, serving as a home for many smaller Pokémon."
"Chimchar","390","Fire","","Chimp Pokémon","0.5","6.2","Blaze, Iron-fist","4","No","Chimchar is found in mountainous regions and rocky areas. It feeds on berries and nuts and are often found in small groups. Chimchar are energetic, playful, and mischievous, but can also be quite timid."
"Monferno","391","Fire","Fighting","Playful Pokémon","0.9","22","Blaze, Iron-fist","4","No","Monferno typically lives in mountainous regions with volcanic activity, where they can harness the geothermal energy to enhance their fiery abilities. They are omnivorous, foraging for berries and small insects, and are known for their playful and mischievous behavior within their small family groups."
"Infernape","392","Fire","Fighting","Flame Pokémon","1.2","55","Blaze, Iron-fist","4","No","Infernape inhabits volcanic regions, particularly areas with accessible magma sources. They are solitary creatures, primarily consuming fruits and nuts found in the higher mountain elevations. Infernape is renowned for its fierce determination and competitive spirit, often seen training its martial arts in solitude."
"Piplup","393","Water","","Penguin Pokémon","0.4","5.2","Torrent, Competitive","4","No","Piplup can be found along coastal regions and icy landscapes where they feed on small fish and crustaceans. They are social Pokémon, gathering in small colonies near the shoreline. Piplup are known for their pride and dislike of being helped, often trying to accomplish tasks on their own despite the difficulty."
"Prinplup","394","Water","","Penguin Pokémon","0.8","23","Torrent, Competitive","4","No","Prinplup frequents icy shores and cold, rocky beaches. These Pokémon feed primarily on fish, which they hunt skillfully in the frigid waters. Known for their disciplined demeanor, Prinplup tend to distance themselves from others, meticulously honing their skills in solitude and preferring not to associate with weaker Pokémon."
"Empoleon","395","Water","Steel","Emperor Pokémon","1.7","84.5","Torrent, Competitive","4","No","Empoleon typically dwells in the frigid, rocky coasts of northern regions, where it commands small territories. Their diet mainly consists of fish and aquatic plants. Empoleon are known for their regal bearing and strategic intelligence; they live in small, tightly knit groups and command respect from their peers."
"Starly","396","Normal","Flying","Starling Pokémon","0.3","2","Keen-eye, Reckless","4","No","Starly are commonly found in grasslands and forest edges where they forage for seeds, berries, and small insects. These social Pokémon live in large flocks, communicating with a variety of calls. They are known for their energetic and curious nature, often exploring their surroundings together."
"Staravia","397","Normal","Flying","Starling Pokémon","0.6","15.5","Intimidate, Reckless","4","No","Staravia populate forests and plains, nesting in tree hollows. Their diet includes insects, berries, and seeds. Staravia are social, living in flocks and communicating through sharp cries. Known for their bravery, they often take on challenging tasks to prove their strength within the group."
"Staraptor","398","Normal","Flying","Predator Pokémon","1.2","24.9","Intimidate, Reckless","4","No","Staraptor typically inhabits forests and mountainous regions, building large nests in high trees. As predators, they feed on smaller bird Pokémon and mammals. Staraptor are fiercely territorial and solitary hunters, known for their aggressive behavior and powerful attacks."
"Bidoof","399","Normal","","Plump Mouse Pokémon","0.5","20","Simple, Unaware, Moody","4","No","Bidoof are commonly found in wooded areas and near bodies of water like rivers and ponds. They are herbivores, feeding on bark, twigs, and aquatic plants. Bidoof live in small family groups and are known for their industrious behavior, often building dams and lodges to create their habitats."
"Bibarel","400","Normal","Water","Beaver Pokémon","1","31.5","Simple, Unaware, Moody","4","No","Bibarel reside near rivers, lakes, and ponds, creating dams and lodges for shelter. As herbivores, they consume aquatic plants, roots, and tree bark. Bibarel live in tightly-knit family groups, with all members participating in the construction and maintenance of their dams, showcasing a cooperative lifestyle."
"Kricketot","401","Bug","","Cricket Pokémon","0.3","2.2","Shed-skin, Run-away","4","No","Kricketot are found in grassy fields and forest edges, typically near trees. Their diet consists mainly of plant sap and small insects. They are solitary Pokémon, often found hiding in tall grass and are characterized by their timid and skittish nature."
"Kricketune","402","Bug","","Cricket Pokémon","1","25.5","Swarm, Technician","4","No","Kricketune inhabit grassy fields and forest areas, using their unique calls to attract mates. As herbivores, they consume primarily plant sap, often found tapping on trees to access the liquid. Kricketune are often solitary but sometimes form small groups to communicate with each other."
"Shinx","403","Electric","","Flash Pokémon","0.5","9.5","Rivalry, Intimidate, Guts","4","No","Shinx reside in grassy plains and rocky areas, typically forming small family units. As carnivorous hunters, they prey on smaller Pokémon, ambushing them with their electric-based attacks. Shinx are known for their curious nature and strong bonds within their family groups."
"Luxio","404","Electric","","Spark Pokémon","0.9","30.5","Rivalry, Intimidate, Guts","4","No","Luxio dwell in savannas and open grasslands, where they form hunting packs to take down prey. Carnivorous, they feed on smaller Pokémon and creatures. Luxio communicate with electric pulses, often using their glowing foreclaws to signal to each other in coordinated hunts."
"Luxray","405","Electric","","Gleam Eyes Pokémon","1.4","42","Rivalry, Intimidate, Guts","4","No","Luxray live in expansive savannas and forests, where they hunt in solitude or within small family groups. As carnivores, their diet consists mainly of smaller Pokémon. Luxray are known for their exceptional eyesight, allowing them to spot prey from great distances, and are respected for their intelligence and power."
"Budew","406","Grass","Poison","Bud Pokémon","0.2","1.2","Natural-cure, Poison-point, Leaf-guard","4","No","Budew are solitary Pokémon that inhabit grasslands and forests. They feed on sunlight and absorb nutrients from the soil through their roots. They are generally docile and prefer to avoid confrontation."
"Roserade","407","Grass","Poison","Bouquet Pokémon","0.9","14.5","Natural-cure, Poison-point, Technician","4","No","Roserade are commonly found in flower gardens and meadows, where they cultivate beautiful blooms. They communicate through intricate dances and the fragrances emitted from their bouquets. Roserade tend to be elegant and graceful."
"Cranidos","408","Rock","","Head Butt Pokémon","0.9","31.5","Mold-breaker, Sheer-force","4","No","Cranidos lived in jungles 100 million years ago. Its skull is as hard as iron, so it uses headbutts to fight and knock down trees to get berries, being a herbivore. It lived in herds but is solitary nowadays."
"Rampardos","409","Rock","","Head Butt Pokémon","1.6","102.5","Mold-breaker, Sheer-force","4","No","Rampardos are solitary Pokémon that roam mountainous regions, using their powerful headbutts to crush obstacles in their path. Their diet consists mainly of tough berries and vegetation. Rampardos are known for their aggressive and territorial nature."
"Shieldon","410","Rock","Steel","Shield Pokémon","0.5","57","Sturdy, Soundproof","4","No","Shieldon are commonly found in caves and mountainous areas, where they graze on mineral-rich rocks and underground vegetation. They form small herds for protection against predators. Shieldon have a timid nature."
"Bastiodon","411","Rock","Steel","Shield Pokémon","1.3","149.5","Sturdy, Soundproof","4","No","Bastiodon typically inhabits rocky terrains and ancient ruins, often serving as guardians of their territory. They graze on tough vegetation and absorb minerals from the earth. Bastiodon are known for their strong defensive instincts."
"Burmy","412","Bug","","Bagworm Pokémon","0.2","3.4","Shed-skin, Overcoat","4","No","Burmy inhabits forests and gardens, using silk to create a protective cloak of leaves or other materials found in its habitat. They are solitary creatures and feed on tree sap and foliage. Burmy are known for their adaptability and resilience."
"Wormadam-plant","413","Bug","Grass","Bagworm Pokémon","0.5","6.5","Anticipation, Overcoat","4","No","Wormadam live in forests and grassy areas. They are generally solitary creatures. Plant Wormadam primarily eat leaves and berries, living in forests."
"Mothim","414","Bug","Flying","Moth Pokémon","0.9","23.3","Swarm, Tinted-lens","4","No","Mothim can be found wherever plants that bloom with beautiful colors grow, subsisting on the nectar and pollen of those flowers. It does not create a nest and roams at night until the sun comes up. They are relatively solitary."
"Combee","415","Bug","Flying","Tiny Bee Pokémon","0.3","5.5","Honey-gather, Hustle","4","No","Combee lives in colonies typically located within tree hollows or sheltered areas in forests and fields. They gather nectar and pollen, which they bring back to their hive to feed the queen. Combee are social and work together."
"Vespiquen","416","Bug","Flying","Beehive Pokémon","1.2","38.5","Pressure, Unnerve","4","No","Vespiquen live in hives of Combee that work in the hive together. It eats food brought to it by Combee workers, releasing pheremones to make sure the Combee in its hive keep working. They are very commanding Pokémon."
"Pachirisu","417","Electric","","EleSquirrel Pokémon","0.4","3.9","Run-away, Pickup, Volt-absorb","4","No","Pachirisu are found in forests. It makes nests in the holes of trees or under the eaves of houses. They create a ball of fur that they share to stay warm. These squirrel Pokémon often live in groups and use static electricity to confuse enemies."
"Buizel","418","Water","","Sea Weasel Pokémon","0.7","29.5","Swift-swim, Water-veil","4","No","Buizel live in bodies of water. They swim by spinning their two tails like a screw, and will travel out of water to forage for berries. The floatation sac it has will help it get back to shore if it becomes tired while in the water. Buizel are often solitary and active."
"Floatzel","419","Water","","Sea Weasel Pokémon","1.1","33.5","Swift-swim, Water-veil","4","No","Floatzel is an aquatic Pokémon often found near oceans and lakes.  It uses its flotation sac and swimming capabilities to find food in the ocean, and saves drowning people. The Floatzel that help people are usually friendly."
"Cherubi","420","Grass","","Cherry Pokémon","0.4","3.3","Chlorophyll","4","No","Cherubi are solitary Pokémon that inhabit forests and orchards. They get nutrients from the sun by extracting it into the ball on its head. When this Pokemon gets all the nutrients it needs, the ball separates into a different, evolved Pokémon. Cherubi are generally quiet Pokémon."
"Cherrim","421","Grass","","Blossom Pokémon","0.5","9.3","Flower-gift","4","No","Cherrim are often found in grassy areas or meadows with plenty of sunlight. When it rains, they will hide under large leaves to protect themselves. They are solitary Pokémon."
"Shellos","422","Water","","Sea Slug Pokémon","0.3","6.3","Sticky-hold, Storm-drain, Sand-force","4","No","Shellos lives on beaches and sea floors. These Pokémon eats floating seaweed that washes up on shore, and they can be found in small groups."
"Gastrodon","423","Water","Ground","Sea Slug Pokémon","0.9","29.9","Sticky-hold, Storm-drain, Sand-force","4","No","Gastrodon makes its home on sandy beaches. The creatures feed on marine plants and microorganisms, with some digging into the ground when they eat.  These Pokemon are group-living."
"Ambipom","424","Normal","","Long Tail Pokémon","1.2","20.3","Technician, Pickup, Skill-link","4","No","Ambipom are usually found in tree canopies where they use their tails to climb, eat fruit and forage nuts. They can live in groups or remain solitary."
"Drifloon","425","Ghost","Flying","Balloon Pokémon","0.4","1.2","Aftermath, Unburden, Flare-boost","4","No","Drifloon is a Ghost/Flying type Pokémon that has a very light body and is buoyant enough to float in the wind. It often drifts aimlessly in search of children, whom it likes to play with. They can be found in open fields, deserts, caves or swamps, with social tendancy being solitary."
"Drifblim","426","Ghost","Flying","Blimp Pokémon","1.2","15","Aftermath, Unburden, Flare-boost","4","No","Drifblim prefers humid climates, often found near bodies of water such as lakes or rivers. Drifblim, like Drifloon, drifts with the wind, but it is much stronger and more powerful. These Ghost-type Pokemon can be solitary."
"Buneary","427","Normal","","Rabbit Pokémon","0.4","5.5","Run-away, Klutz, Limber","4","No","Buneary usually resides in forests, gardens, and meadows, foraging for food. Buneary are normally found in small groups but some live as solitary creatures."
"Lopunny","428","Normal","","Rabbit Pokémon","1.2","33.3","Cute-charm, Klutz, Limber","4","No","Lopunny is commonly found in grasslands, forests, and parks, as these are close to their sources of vegetation for sustenance. They eat a plant-based diet, consisting mostly of roots, tree bark and berries. Can live solitarily or with a group."
"Mismagius","429","Ghost","","Magical Pokémon","0.9","4.4","Levitate","4","No","Mismagius frequents forests and caves. Because they have a penchant for playing tricks on people, they sometimes are spotted near populated areas. They usually form a solitary ecosystem."
"Honchkrow","430","Dark","Flying","Big Boss Pokémon","0.9","27.3","Insomnia, Super-luck, Moxie","4","No","Honchkrow nest in deep forests and spend nights on the city edges. They're usually solitary Pokemon, but sometimes form small group if resources are scarce."
"Glameow","431","Normal","","Catty Pokémon","0.5","3.9","Limber, Own-tempo, Keen-eye","4","No","Glameow has been known to stalk urban areas in search of food, usually on its own. While it is mostly solitary, they have been seen scavenging for scraps in alleys."
"Purugly","432","Normal","","Tiger Cat Pokémon","1","43.8","Thick-fat, Own-tempo, Defiant","4","No","Purugly prefers dark and dirty environments. It lives and sleeps wherever it is most convenient to do so. These Pokemon are solitary."
"Chingling","433","Psychic","","Bell Pokémon","0.2","0.6","Levitate","4","No","Chingling are found in caves and plains. They are mostly solitary creatures."
"Stunky","434","Poison","Dark","Skunk Pokémon","0.4","19.2","Stench, Aftermath, Keen-eye","4","No","Stunky is a nocturnal species, it digs dens in the forests and meadows that provide both food and shelter.  Stunky can either be found living alone or in small family groups."
"Skuntank","435","Poison","Dark","Skunk Pokémon","1","38","Stench, Aftermath, Keen-eye","4","No","Skuntank are mostly nocturnal, spending the day in their den before heading out to hunt under the cover of darkness. These are often found living on grasslands. They are a solitary species."
"Bronzor","436","Steel","Psychic","Bronze Pokémon","0.5","60.5","Levitate, Heatproof, Heavy-metal","4","No","Bronzor are often found in ancient ruins and caves, clinging to walls or ceilings. They subsist on the small amounts of iron and minerals they absorb from the surrounding rocks and soil. They are solitary creatures, communicating through telepathy and emitting faint metallic echoes."
"Bronzong","437","Steel","Psychic","Bronze Bell Pokémon","1.3","187","Levitate, Heatproof, Heavy-metal","4","No","Bronzong are typically found in mountainous regions, living in harmony with other Pokémon and the environment. They feed on minerals and absorb energy from sunlight, and are often seen meditating in secluded areas. Bronzong are solitary but interact through echoing chimes, known for their peaceful and wise nature."
"Bonsly","438","Rock","","Bonsai Pokémon","0.5","15","Sturdy, Rock-head, Rattled","4","No","Bonsly can be found in rocky terrains and gardens, mimicking the appearance of a plant to avoid predators. They absorb moisture and nutrients from the ground and air. Bonsly are solitary and communicate through crying, their behavior mimicking a weeping tree, known to be needy of care."
"Mime-jr","439","Psychic","Fairy","Mime Pokémon","0.6","13","Soundproof, Filter, Technician","4","No","Mime Jr. lives in urban areas and open fields, mimicking the behaviors and appearances of others to entertain itself. They subsist on small fruits, nuts, and perform gestures for food. They live in small groups, communicating through mime-like gestures, their behavior mimicring other's emotions.."
"Happiny","440","Normal","","Playhouse Pokémon","0.6","24.4","Natural-cure, Serene-grace, Friend-guard","4","No","Happiny is found in urban and suburban areas, living in homes and nurseries with people, using their pockets for objects they see around. They primarily subsist on milk and enjoy smooth round objects that are close in size to an egg. Happiny often live in small groups, communicating through playful babbling and squealing."
"Chatot","441","Normal","Flying","Music Note Pokémon","0.5","1.9","Keen-eye, Tangled-feet, Big-pecks","4","No","Chatot lives in tropical forests and jungles, imitating human speech and other Pokémon sounds. They primarily eat fruit and seeds, mimicking sounds to locate food sources. Chatot can form flocks, communicating through mimicking noises, often disrupting the areas where they are present."
"Spiritomb","442","Ghost","Dark","Forbidden Pokémon","1","108","Pressure, Infiltrator","4","No","Spiritomb are said to reside in ancient ruins and cursed locations. These Pokémon absorb the souls of others, typically malicious or revengeful people that caused damage to those around them. Spiritomb is solitary, and feeds on the energy it gets from souls of people, which is said to keep the cycle of souls at ease."
"Gible","443","Dragon","Ground","Land Shark Pokémon","0.7","20.5","Sand-veil, Rough-skin","4","No","Gible typically lives in caves and underground tunnels in rocky terrain. Gible feeds on rocks, minerals, and any small animals it can catch in the tunnels. They are solitary creatures until they mature. They dig into the ground to nest, showing their head above the surface."
"Gabite","444","Dragon","Ground","Cave Pokémon","1.4","56","Sand-veil, Rough-skin","4","No","Gabite typically lives in caves near the mouth of rivers. They patrol for small creatures that come for a drink and snatch their unsuspecting meal. They often bring shiny things to bring to their nests to show the members of their colony."
"Garchomp","445","Dragon","Ground","Mach Pokémon","1.9","95","Sand-veil, Rough-skin","4","No","Garchomp are found in rugged terrain, soaring above canyons. It preys on ground based Pokemon. Garchomp are fiercely protective of their territory and young."
"Munchlax","446","Normal","","Big Eater Pokémon","0.6","105","Pickup, Thick-fat, Gluttony","4","No","Munchlax inhabits forests and grasslands. Its diet mainly consists of berries, fruits, and seeds, storing food in its fur. They are solitary foragers, wandering great distances in search of sustenance and are known for their easygoing nature and fondness for napping."
"Riolu","447","Fighting","","Emanation Pokémon","0.7","20.2","Steadfast, Inner-focus, Prankster","4","No","Riolu lives in mountainous regions, honing their aura-sensing abilities through intense training. Riolu sustain on berries and absorb energy from sunlight, constantly training. These Pokémon often form small groups, learning from a wise master in the clan."
"Lucario","448","Fighting","Steel","Aura Pokémon","1.2","54","Steadfast, Inner-focus, Justified","4","No","Lucario live in remote mountain peaks. They feed on forest wildlife and hunt in packs. Lucario are extremely vigilant. They communicate through complex Aura sensing to determine friend or foe, often defending a village."
"Hippopotas","449","Ground","","Hippo Pokémon","0.8","49.5","Sand-stream, Sand-force","4","No","Hippopotas burrows and lives in desert environments. Hippopotas has tough skin that insulates them. Hippopotas are solitary Pokémon, rarely interacting with others of its kind except during mating season and defends their young until maturation."
"Hippowdon","450","Ground","","Heavyweight Pokémon","2","300","Sand-stream, Sand-force","4","No","Hippowdon can be found in arid regions. This Pokemon defends its territory viciously by sending sand into its enemy's eyes. Typically lives in packs but has to be challenged to take leadership of a group."
"Skorupi","451","Poison","Bug","Scorpion Pokémon","0.8","12","Battle-armor, Sniper, Keen-eye","4","No","Skorupi are often found in marshy areas or dense forests. They are nocturnal hunters, feeding on small insects and occasionally small rodents. They are solitary creatures, preferring to hunt alone, and tend to be cautious and somewhat timid, often retreating when faced with larger predators. Their personality can be described as cautious and reserved."
"Drapion","452","Poison","Dark","Ogre Scorpion Pokémon","1.3","61.5","Battle-armor, Sniper, Keen-eye","4","No","Drapion inhabit arid and rocky terrains, where they can ambush prey from underground tunnels. These Pokémon are carnivorous, preying on smaller Pokémon and consuming anything they can overpower with their massive claws. Drapion are territorial and typically solitary, exhibiting aggressive behavior to protect their domain. They are known for their ruthless and tenacious personality, rarely backing down from a challenge."
"Croagunk","453","Poison","Fighting","Toxic Mouth Pokémon","0.7","23","Anticipation, Dry-skin, Poison-touch","4","No","Croagunk live in swamps and other humid environments. They have a varied diet, eating insects, berries, and whatever else they can find. Croagunk are semi-social, often congregating near water sources but still maintaining individual territories. Known for their mischievous and opportunistic personality, they often startle other Pokémon with their poisonous touch."
"Toxicroak","454","Poison","Fighting","Toxic Mouth Pokémon","1.3","44.4","Anticipation, Dry-skin, Poison-touch","4","No","Toxicroak favor swampy and humid areas. They are carnivorous and are known to hunt using the poisonous sacs on their wrists. Toxicroak are fiercely territorial, often seen leading small packs, and are incredibly aggressive. They are notorious for their battle-hungry personality, and enjoy testing their strength against any challenger."
"Carnivine","455","Grass","","Bug Catcher Pokémon","1.4","27","Levitate","4","No","Carnivine inhabits dense forests and jungles, often camouflaged among vines. They are carnivorous Pokémon, luring prey with their sweet-smelling saliva before trapping them in their large mouth. Carnivine is a solitary Pokémon, hanging from tree branches, and is incredibly patient. Its personality is best described as ambush predator: waiting and watchful."
"Finneon","456","Water","","Wing Fish Pokémon","0.4","7","Swift-swim, Storm-drain, Water-veil","4","No","Finneon live in deep ocean environments and are attracted to well-lit areas. They eat small plankton and microorganisms. Finneon are schooling fish, living in groups, and their vibrant colors attract other members of the school. These Pokémon are known for their peaceful and timid nature, and they tend to flee from conflict."
"Lumineon","457","Water","","Neon Pokémon","1.2","24","Swift-swim, Storm-drain, Water-veil","4","No","Lumineon inhabit the deep sea, near the ocean floor, typically congregating near areas with hydrothermal vents. Lumineon primarily feed on small fish and plankton, using their fins to attract prey. They form small schools in the dark depths. Lumineon exhibit a calm and gentle personality, often used in underwater light shows for their radiant appearance."
"Mantyke","458","Water","Flying","Kite Pokémon","1","65","Swift-swim, Water-absorb, Water-veil","4","No","Mantyke often live in warm, shallow seas and coastal areas. They primarily feed on plankton, which they filter from the water. Mantyke are social Pokémon and tend to travel in groups, often accompanied by a Remoraid. Known for their gentle and playful demeanor, they enjoy performing aerial acrobatics over the water's surface."
"Snover","459","Grass","Ice","Frost Tree Pokémon","1","50.5","Snow-warning, Soundproof","4","No","Snover resides in snowy mountains and frigid forests. Snover feeds on berries that grow among the snowy landscape, often buried beneath the snow. These Pokémon are typically solitary but can be found in small groups in protected groves. Snover tends to be shy and quiet, and they possess a calm personality adapted for surviving the cold."
"Abomasnow","460","Grass","Ice","Frost Tree Pokémon","2.2","135.5","Snow-warning, Soundproof","4","No","Abomasnow live high on snowy mountains, where it is bitterly cold year-round. They feed on tree bark and the few resilient plants that can withstand the harsh environment. Abomasnow are solitary and territorial Pokémon. Abomasnow has a grumpy and brooding personality due to its life in isolation."
"Weavile","461","Dark","Ice","Sharp Claw Pokémon","1.1","34","Pressure, Pickpocket","4","No","Weavile typically live in snowy, mountainous regions, often near human settlements. They are opportunistic omnivores, eating both small animals and berries. Weavile often form small packs led by an alpha. Known for their cunning and sneaky personalities, Weavile are known for their collaborative hunting strategies and coordinated attacks."
"Magnezone","462","Electric","Steel","Magnet Area Pokémon","1.2","180","Magnet-pull, Sturdy, Analytic","4","No","Magnezone are found in areas with strong magnetic fields, such as power plants or mountainous regions with mineral deposits. They are believed to subsist on electricity, absorbing energy from the environment. Magnezone gather in groups to amplify their magnetic powers, creating unusual atmospheric phenomena. Known for their methodical and calculating personalities, Magnezone approach problems with analytical precision."
"Lickilicky","463","Normal","","Licking Pokémon","1.7","140","Own-tempo, Oblivious, Cloud-nine","4","No","Lickilicky are usually found near grassy plains and forests, often near bodies of water. They have an indiscriminate diet, licking up anything that appears remotely edible with their long tongues. Lickilicky tend to be solitary but aren't aggressive, often ignoring others nearby. Their curious and relaxed demeanor makes them a relatively peaceful, if somewhat aloof, presence."
"Rhyperior","464","Ground","Rock","Drill Pokémon","2.4","282.8","Lightning-rod, Solid-rock, Reckless","4","No","Rhyperior primarily inhabit rocky terrains, from caves to volcanic mountains. They consume rocks and minerals for sustenance and to strengthen their armor. Rhyperior are solitary Pokémon. Rhyperior are very protective and have an explosive temper when provoked. They can be both defensive and destructive."
"Tangrowth","465","Grass","","Vine Pokémon","2","128.6","Chlorophyll, Leaf-guard, Regenerator","4","No","Tangrowth reside in dense jungles and overgrown areas, where their vine-like bodies allow them to move and blend seamlessly with the environment. They photosynthesize for food. Tangrowth are usually solitary. Tangrowth have a gentle and playful nature. They are shy, preferring to wrap themselves with their vines when startled."
"Electivire","466","Electric","","Thunderbolt Pokémon","1.8","138.6","Motor-drive, Vital-spirit","4","No","Electivire typically inhabit power plants and areas with strong electrical activity. They feed on electricity and are often solitary, preferring to live and hunt alone. Electivire are known for their aggressive nature and are often seen battling other Electric-type Pokémon for territory."
"Magmortar","467","Fire","","Blast Pokémon","1.6","68","Flame-body, Vital-spirit","4","No","Magmortar reside in volcanic regions and areas with intense heat. They consume molten rocks and other fiery substances for sustenance. Magmortar are solitary creatures with a fiery temper and are known to fiercely protect their territory."
"Togekiss","468","Fairy","Flying","Jubilee Pokémon","1.5","38","Hustle, Serene-grace, Super-luck","4","No","Togekiss inhabit lush forests and mountaintops where the air is clean and pure. They feed on berries and nectar and are known for their gentle and peaceful nature. Togekiss are social creatures, often living in small flocks and are believed to bring good luck to those they encounter."
"Yanmega","469","Bug","Flying","Ogre Darner Pokémon","1.9","51.5","Speed-boost, Tinted-lens, Frisk","4","No","Yanmega thrive in swamps, marshes, and other wetland environments. They hunt smaller insects and other invertebrates, using their sharp mandibles to capture prey. Yanmega are often solitary hunters, patrolling their territories with speed and precision. They are known for their territorial behavior and will aggressively defend their hunting grounds."
"Leafeon","470","Grass","","Verdant Pokémon","1","25.5","Leaf-guard, Chlorophyll","4","No","Leafeon typically live in lush forests and meadows, where they absorb sunlight for sustenance through photosynthesis. They have a diet consisting mainly of sunlight and fresh water. Leafeon are solitary creatures, preferring to live in secluded areas where they can peacefully bask in the sun. They are known for their gentle nature and close connection to nature."
"Glaceon","471","Ice","","Fresh Snow Pokémon","0.8","25.9","Snow-cloak, Ice-body","4","No","Glaceon inhabit icy caves and frozen environments, thriving in cold temperatures. They obtain nourishment by absorbing heat from the environment and can freeze the surrounding air to create ice crystals. Glaceon are solitary creatures, preferring to live in isolation within their icy habitats. They are known for their calm and serene demeanor."
"Gliscor","472","Ground","Flying","Fang Scorpion Pokémon","2","42.5","Hyper-cutter, Sand-veil, Poison-heal","4","No","Gliscor inhabit rocky cliffs and caves, often living in arid or semi-arid environments. They are nocturnal hunters, feeding on insects, small mammals, and fruits. Gliscor are solitary creatures, preferring to hunt and live alone. They are known for their territorial behavior and will fiercely defend their hunting grounds."
"Mamoswine","473","Ice","Ground","Twin Tusk Pokémon","2.5","291","Oblivious, Snow-cloak, Thick-fat","4","No","Mamoswine thrive in frigid, icy environments. They have thick fur that protects them from the cold and use their tusks to dig through snow for food. They consume roots, berries, and other vegetation found beneath the snow. Mamoswine typically live in herds and are known for their gentle nature despite their large size."
"Porygon-z","474","Normal","","Virtual Pokémon","0.9","34","Adaptability, Download, Analytic","4","No","Porygon-Z are typically found in virtual environments, such as computer networks and digital landscapes. They consume data and information, using their advanced programming to process and analyze vast amounts of data. Porygon-Z are solitary creatures, preferring to explore and learn within the digital realm. They are known for their curious and inquisitive nature."
"Gallade","475","Psychic","Fighting","Blade Pokémon","1.6","52","Steadfast, Sharpness, Justified","4","No","Gallade often inhabit mountainous regions and forests, where they train and hone their skills. They consume fruits, berries, and small insects for sustenance. Gallade are solitary Pokémon, typically living and training alone to perfect their swordsmanship. They are known for their strong sense of justice and unwavering loyalty."
"Probopass","476","Rock","Steel","Compass Pokémon","1.4","340","Sturdy, Magnet-pull, Sand-force","4","No","Probopass reside in caves, mines, and areas with strong magnetic fields. They consume iron-rich rocks and minerals, using their magnetic abilities to attract and manipulate these resources. Probopass live in small groups, often led by an older, more experienced individual. They are known for their territorial nature and will defend their home against intruders."
"Dusknoir","477","Ghost","","Gripper Pokémon","2.2","106.6","Pressure, Frisk","4","No","Dusknoir are said to inhabit dark and abandoned places, such as old buildings, ruins, and cemeteries. They are believed to guide lost spirits to the afterlife and consume the wandering souls of the deceased. Dusknoir are typically solitary creatures, lurking in the shadows and silently observing the world around them. They are known for their mysterious and ominous presence."
"Froslass","478","Ice","Ghost","Snow Land Pokémon","1.3","26.6","Snow-cloak, Cursed-body","4","No","Froslass live in snowy mountain regions and are said to be the spirits of women who got lost in the snow. They feed on the life force of humans and Pokémon, freezing them with their breath. They are solitary creatures, known for their haunting beauty and ability to create illusions to lure their victims."
"Rotom","479","Electric","Ghost","Plasma Pokémon","0.3","0.3","Levitate","4","No","Rotom have no specific habitat, as they are able to inhabit various electrical appliances. They feed on electricity and can alter the function of the appliances they possess. They are often solitary, and while their personalities can vary, they are known for being mischievous and curious, sometimes causing trouble when possessing electronics."
"Uxie","480","Psychic","","Knowledge Pokémon","0.3","0.3","Levitate","4","Yes","Uxie lives in caves and is known to reside in Acuity Cavern in the Sinnoh region. Being one of the Lake Guardians, Uxie does not typically seek out a food source, and it's more focused on keeping its mental abilities at peak performance, often meditating. Uxie is very solitary, and very rarely appears before humans."
"Mesprit","481","Psychic","","Emotion Pokémon","0.3","0.3","Levitate","4","Yes","Mesprit is said to live at the bottom of Lake Verity, embodying emotion.  It's a solitary Pokémon, rarely seen by humans.  It is believed to balance emotions within those nearby."
"Azelf","482","Psychic","","Willpower Pokémon","0.3","0.3","Levitate","4","Yes","Azelf dwells at the bottom of Lake Valor and embodies willpower. It prefers solitude and is rarely seen by humans. It is believed to grant humans the will to overcome challenges."
"Dialga","483","Steel","Dragon","Temporal Pokémon","5.4","683","Pressure, Telepathy","4","Yes","Dialga lives in a different dimension, and controls the flow of time. When Dialga's heart beats, time is said to flow. Its habitat is unknown, as it exists outside of our perception of time and space.  It is solitary, and often found in areas of temporal distortion."
"Palkia","484","Water","Dragon","Spatial Pokémon","4.2","336","Pressure, Telepathy","4","Yes","Palkia is said to live in a different dimension. It has the ability to distort space.  When Palkia breathes, space is believed to become more stable.  Its habitat is in an alternate dimension, often appearing where spatial distortions are strongest. It's a solitary Pokémon."
"Heatran","485","Fire","Steel","Lava Dome Pokémon","1.7","430","Flash-fire, Flame-body","4","Yes","Heatran dwells in volcanic caves and areas near magma flows. It is known for its aggressive and territorial nature. They are solitary creatures, constantly seeking out sources of heat and molten rock to sustain their fiery bodies. They feed on minerals and geothermal energy."
"Regigigas","486","Normal","","Colossal Pokémon","3.7","420","Slow-start","4","Yes","Regigigas is said to have created the Legendary Titans (Regirock, Regice, Registeel). Regigigas is typically dormant, awakening only when a significant event occurs.  It dwells in ancient ruins.  It is a solitary creature."
"Giratina-altered","487","Ghost","Dragon","Renegade Pokémon","4.5","750","Pressure, Telepathy","4","Yes","Giratina, in its Altered Forme, dwells in the Distortion World, a dimension parallel to our own. It is believed to maintain the balance between dimensions. Giratina is an aggressive and solitary Pokémon, constantly seeking to stabilize its unstable home."
"Cresselia","488","Psychic","","Lunar Pokémon","1.5","85.6","Levitate","4","Yes","Cresselia constantly flies around the world, seeking to soothe nightmares. When Cresselia flaps its wings, it releases shimmering particles. Those particles are said to bring restful dreams to those who touch them. It is a solitary Pokémon that can be found near islands."
"Phione","489","Water","","Sea Drifter Pokémon","0.4","3.1","Hydration","4","Yes","Phione are often seen drifting in warm seas. They form groups and float together in the ocean's currents, feeding on seaweed and plankton.  It's a social Pokémon."
"Manaphy","490","Water","","Seafaring Pokémon","0.3","1.4","Hydration","4","Yes","Manaphy are born in cold seas.  They journey great distances to return to their place of birth. Manaphy is able to bond with any kind of Pokémon. Manaphy tend to travel alone, and feed off small shellfish."
"Darkrai","491","Dark","","Pitch-Black Pokémon","1.5","50.5","Bad-dreams","4","Yes","Darkrai haunts the dreams of others, inflicting nightmares. To protect itself, it induces endless nightmares in anyone who approaches its location.  Darkrai lives in a darkened forest on a crescent moon-shaped island.  It's a solitary creature."
"Shaymin-land","492","Grass","","Gratitude Pokémon","0.2","2.1","Natural-cure","4","Yes","Shaymin lives in flower patches and grasslands, absorbing pollutants to transform them into flowers. It migrates when the flowers of the Gracidea key bloom, following the wind. Shaymin travels in packs, blooming flowers where they walk. They feed on sunlight and rainwater."
"Arceus","493","Normal","","Alpha Pokémon","3.2","320","Multitype","4","Yes","Arceus is said to have shaped the universe with its 1,000 arms. Arceus appears where it senses genuine respect and gratitude. It is said that it dwells in the Hall of Origin, high above Sinnoh, beyond Mount Coronet.  It lives alone, and appears where it senses genuine respect and gratitude."
"Victini","494","Psychic","Fire","Victory Pokémon","0.4","4","Victory-star","5","Yes","Victini is said to bring victory to trainers. It shares the infinite energy it creates. Victini is thought to appear in places where great ambitions are held. It nests in special energy spots, and is generally solitary."
"Snivy","495","Grass","","Grass Snake Pokémon","0.6","8.1","Overgrow, Contrary","5","No","Snivy prefer sunny environments. They're highly intelligent, cautious Pokémon. A Snivy basks in the sun. But when it gets dirty, it uses the leaves on its tail to absorb light and clean itself.  Snivy are generally solitary, and primarily consume sunlight."
"Servine","496","Grass","","Grass Snake Pokémon","0.8","16","Overgrow, Contrary","5","No","Servine primarily inhabits lush forests and grasslands. They are typically solitary Pokémon, gracefully moving through the undergrowth in search of sunlight and moisture. Their diet mainly consists of berries and leaves, which they carefully select for optimal nutrition. Servine possess a calm and collected demeanor, often basking in the sun to conserve energy."
"Serperior","497","Grass","","Regal Pokémon","3.3","63","Overgrow, Contrary","5","No","Serperior are found in dense, old-growth forests, where they reign as elegant and powerful Pokémon. They are solitary creatures, rarely seen in groups, preferring to establish their own territory. Serperior feed on high-energy fruits and the occasional small Pokémon, exhibiting a regal and composed personality, always maintaining a graceful posture."
"Tepig","498","Fire","","Fire Pig Pokémon","0.5","9.9","Blaze, Thick-fat","5","No","Tepig lives in warm, grassy areas, often near human settlements. They are social creatures, living in small groups or families. Tepig are omnivorous, eating berries, nuts, and occasionally scavenging for discarded food. They have a cheerful and playful personality, often emitting puffs of smoke from their snouts when excited."
"Pignite","499","Fire","Fighting","Fire Pig Pokémon","1","55.5","Blaze, Thick-fat","5","No","Pignite dwells in volcanic regions or areas with hot springs, where they can wallow in the warmth. They live in small packs, relying on each other for protection. Pignite are omnivorous, feeding on roasted berries and occasionally hunting for prey using their fiery attacks. These Pokémon are known for their short temper and love of battling."
"Emboar","500","Fire","Fighting","Mega Fire Pig Pokémon","1.6","150","Blaze, Reckless","5","No","Emboar inhabits mountainous regions with active volcanoes. They are solitary Pokémon that mark their territory with fire. Emboar are omnivorous, eating charred fruits, plants, and larger prey they defeat in combat. Emboar display a strong sense of loyalty and are fiercely protective of their friends and family."
"Oshawott","501","Water","","Sea Otter Pokémon","0.5","5.9","Torrent, Shell-armor","5","No","Oshawott resides along coastlines and freshwater rivers. They live in small, closely-knit groups and are adept swimmers and hunters. Oshawott are carnivorous, consuming primarily shellfish, which they crack open with their scalchop. They are playful and curious Pokémon, known for their eagerness to learn new skills."
"Dewott","502","Water","","Discipline Pokémon","0.8","24.5","Torrent, Shell-armor","5","No","Dewott lives near bodies of water like lakes, rivers, and the ocean. They often form small training groups and practice swordsmanship with their scalchops. Dewott are carnivorous and hunt for fish and shellfish, exhibiting a disciplined and focused personality, always striving to improve their skills."
"Samurott","503","Water","","Formidable Pokémon","1.5","94.6","Torrent, Shell-armor","5","No","Samurott inhabit coastal regions and secluded islands. They are typically solitary Pokémon that establish territories along the shore. Samurott are carnivorous, consuming large fish and sea creatures which they hunt with precision. Known for their strong sense of honor and leadership, Samurott are respected by other Pokémon."
"Patrat","504","Normal","","Scout Pokémon","0.5","11.6","Run-away, Keen-eye, Analytic","5","No","Patrat are found in grassy fields and urban environments, living in groups led by a Watchog. They act as scouts, warning the group of any potential danger. Patrat are primarily herbivorous, consuming seeds and berries, and are known for being cautious and alert, always on the lookout for threats."
"Watchog","505","Normal","","Lookout Pokémon","1.1","27","Illuminate, Keen-eye, Analytic","5","No","Watchog live in grassy plains and caves, acting as leaders for groups of Patrat. They watch over their territory and warn others of danger. Watchog are omnivorous, eating both plants and insects, possessing a vigilant and responsible personality, always prioritizing the safety of their group."
"Lillipup","506","Normal","","Puppy Pokémon","0.4","4.1","Vital-spirit, Pickup, Run-away","5","No","Lillipup are found in urban and rural environments, often living near people due to their friendly nature. They live in packs or with human families. Lillipup are omnivorous, eating pet food and foraged goods, displaying a curious and playful personality, enjoying exploring their surroundings."
"Herdier","507","Normal","","Loyal Dog Pokémon","0.9","14.7","Intimidate, Sand-rush, Scrappy","5","No","Herdier live in close proximity to humans and are commonly found in towns, farms and city environments, where they perform tasks like herding. They live in packs and stay loyal to trainers that bond with them. They eat animal feed as well as meat, having a protective and responsible nature, always working to maintain the safety of the herd."
"Stoutland","508","Normal","","Big-Hearted Pokémon","1.2","61","Intimidate, Sand-rush, Scrappy","5","No","Stoutland often reside in towns and cities, offering aid to people who have lost their way or are in need of help in the mountains, due to their expertise. They live alone in packs but love affection from a trainer. They primarily consume meat and fish but also like a bit of animal feed as well, with a wise and gentle nature, they are looked up to for their helpful abilities."
"Purrloin","509","Dark","","Devious Pokémon","0.4","10.1","Limber, Unburden, Prankster","5","No","Purrloin are often found in urban areas, sneaking into buildings and stealing items. They tend to live in small, loosely affiliated groups. Purrloin have a diet that consists of discarded food and stolen goods. Purrloin tend to be mischievous and enjoy playing pranks."
"Liepard","510","Dark","","Cruel Pokémon","1.1","37.5","Limber, Unburden, Prankster","5","No","Liepard live in forests and ruins. They are solitary creatures, that only get together with each other to protect their claimed territory from being stolen by other Liepard. Liepard feast on smaller Pokémon which they trick into approaching before using their superior speed. Liepard tend to be quite sadistic, taking joy in harming others."
"Pansage","511","Grass","","Grass Monkey Pokémon","0.6","10.5","Gluttony, Overgrow","5","No","Pansage lives in forests, typically near bodies of water. It is herbivorous, consuming leaves and berries. Pansage lives in small groups and is known for its calm and friendly demeanor."
"Simisage","512","Grass","","Thorn Monkey Pokémon","1.1","30.5","Gluttony, Overgrow","5","No","Simisage lives in lush forests. It is herbivorous, consuming fruits, berries, and leaves. Simisage are solitary or live in small groups, known for their agility and tendency to gather in tree tops."
"Pansear","513","Fire","","High Temp Pokémon","0.6","11","Gluttony, Blaze","5","No","Pansear lives in volcanic regions. It eats charcoal to keep its internal fire burning, with a diet supplemented by nuts and berries. Pansear is a social Pokemon and often seen in groups."
"Simisear","514","Fire","","Ember Pokémon","1","28","Gluttony, Blaze","5","No","Simisear live in volcanic regions.  Its diet consists of charcoal, with a diet supplemented by nuts and berries. They can live in small family groups, often aggressive and quick to anger when disturbed."
"Panpour","515","Water","","Spray Pokémon","0.6","13.5","Gluttony, Torrent","5","No","Panpour live near freshwater sources.  Its diet consists of fresh berries. It is a social creature, living in small groups."
"Simipour","516","Water","","Geyser Pokémon","1","29","Gluttony, Torrent","5","No","Simipour live near freshwater sources, particularly rivers and lakes. It typically consumes a variety of aquatic plants and fruits found near the water. Simipour can be solitary or live in small family groups and is known for using its spout to provide water to plants."
"Munna","517","Psychic","","Dream Eater Pokémon","0.6","23.3","Forewarn, Synchronize, Telepathy","5","No","Munna inhabits caves and dreams, consuming the dreams of people and Pokemon. They live solitary lives, drifting where their dreams take them. Muna has a curious nature and gentle spirit."
"Musharna","518","Psychic","","Drowsing Pokémon","1.1","60.5","Forewarn, Synchronize, Telepathy","5","No","Musharna dwells in dream worlds. They sustain themselves by eating the dreams of people and Pokémon, and live a solitary life. They live alone, constantly dreaming."
"Pidove","519","Normal","Flying","Tiny Pigeon Pokémon","0.3","2.1","Big-pecks, Super-luck, Rivalry","5","No","Pidove are found in urban areas, parks, and forests. They forage seeds, berries, and scraps of food. Pidove typically live in flocks and communicate using gentle cooing sounds. They are known for their friendly and peaceful nature."
"Tranquill","520","Normal","Flying","Wild Pigeon Pokémon","0.6","15","Big-pecks, Super-luck, Rivalry","5","No","Tranquill inhabit forests and urban areas, particularly parks and gardens. They are omnivorous, consuming seeds, berries, insects, and scraps of food. Tranquill lives in small groups."
"Unfezant","521","Normal","Flying","Proud Pokémon","1.2","29","Big-pecks, Super-luck, Rivalry","5","No","Unfezant inhabit plains and forests, where they claim territories to call their own. Its diet is primarily omnivorous; eating seeds, berries, and insects. Males form groups to assert dominance, only the most capable gaining the respect of their peers."
"Blitzle","522","Electric","","Electrified Pokémon","0.8","29.8","Lightning-rod, Motor-drive, Sap-sipper","5","No","Blitzle roam plains and meadows.  It gains energy from thunder, storing it in its mane. Blitzle is herbivorous."
"Zebstrika","523","Electric","","Thunderbolt Pokémon","1.6","79.5","Lightning-rod, Motor-drive, Sap-sipper","5","No","Zebstrika roam open plains. It gains energy from absorbing electricity. Zebstrika eat plants, roots and sometimes tree bark. They are often solitary, marking territories to warn others of their space."
"Roggenrola","524","Rock","","Mantle Pokémon","0.4","18","Sturdy, Weak-armor, Sand-force","5","No","Roggenrola lives in caves and rocky areas. It typically feeds on mineral deposits, and lives in small clusters."
"Boldore","525","Rock","","Ore Pokémon","0.9","102","Sturdy, Weak-armor, Sand-force","5","No","Boldore live in caves and rocky terrain. It feeds on mineral deposits.  It can live on its own, or may form clusters."
"Gigalith","526","Rock","","Compressed Pokémon","1.7","260","Sturdy, Sand-stream, Sand-force","5","No","Gigalith are found in mountainous regions and caves. They are solitary Pokémon, rarely seen in groups. They feed on minerals they extract from rocks. Gigalith have a rough personality and are not easily approachable."
"Woobat","527","Psychic","Flying","Bat Pokémon","0.4","2.1","Unaware, Klutz, Simple","5","No","Woobat are cave-dwelling Pokémon. They live in dark, damp places and feed on the moisture found in the air. They are social Pokémon, living in colonies. Woobat are known for their calm and gentle personalities."
"Swoobat","528","Psychic","Flying","Courting Pokémon","0.9","10.5","Unaware, Klutz, Simple","5","No","Swoobat inhabits caves and dark forests. These social creatures live in groups and communicate through ultrasonic waves. Their diet consists of fruits and berries. They are known for their romantic and affectionate personalities."
"Drilbur","529","Ground","","Mole Pokémon","0.3","8.5","Sand-rush, Sand-force, Mold-breaker","5","No","Drilbur live underground in tunnels. They use their claws to dig through the earth, feeding on plant roots and small insects. Drilbur are solitary Pokémon and have a determined personality."
"Excadrill","530","Ground","Steel","Subterrene Pokémon","0.7","40.4","Sand-rush, Sand-force, Mold-breaker","5","No","Excadrill live in underground tunnels, creating complex networks for shelter. Their diet consists of minerals, plant roots, and small insects. These Pokémon are solitary and known for their diligent and industrious nature."
"Audino","531","Normal","","Hearing Pokémon","1.1","31","Healer, Regenerator, Klutz","5","No","Audino are commonly found in grassy fields and forests. They have excellent hearing abilities and are known for their caring nature. Audino form small family groups. They typically eat medicinal herbs and berries."
"Timburr","532","Fighting","","Muscular Pokémon","0.6","12.5","Guts, Sheer-force, Iron-fist","5","No","Timburr lives near construction sites and forests, often helping with heavy labor. They train by carrying logs to build their strength. These Pokémon are solitary and are known for their hardworking and simple personalities."
"Gurdurr","533","Fighting","","Muscular Pokémon","1.2","40","Guts, Sheer-force, Iron-fist","5","No","Gurdurr reside in construction sites and forests. They carry iron girders, which they use for training and combat. They often work alongside humans. Gurdurr are known for their industrious and reliable nature."
"Conkeldurr","534","Fighting","","Muscular Pokémon","1.4","87","Guts, Sheer-force, Iron-fist","5","No","Conkeldurr often live near construction sites, having worked alongside humans for many years. They teach younger Timburr and Gurdurr the skills they need. These Pokémon are solitary and are respected for their wisdom."
"Tympole","535","Water","","Tadpole Pokémon","0.5","4.5","Swift-swim, Hydration, Water-absorb","5","No","Tympole are found in freshwater ponds and marshes. They live in small groups and communicate through unique vibrations. Their diet consists of aquatic plants and small insects. They are timid but curious Pokémon."
"Palpitoad","536","Water","Ground","Vibration Pokémon","0.8","17","Swift-swim, Hydration, Water-absorb","5","No","Palpitoad are found in swamps and near bodies of water. They use the bumps on their body to create vibrations that can paralyze their prey. They eat small aquatic insects. They are solitary hunters and have an opportunistic nature."
"Seismitoad","537","Water","Ground","Vibration Pokémon","1.5","62","Swift-swim, Poison-touch, Water-absorb","5","No","Seismitoad inhabits marshes and wetlands. They use vibrations to weaken opponents, which are transmitted through bumps on their body. They eat large quantities of swamp vegetation and small creatures. They are territorial and live alone."
"Throh","538","Fighting","","Judo Pokémon","1.3","55.5","Guts, Inner-focus, Mold-breaker","5","No","Throh reside in mountainous regions and forests, living alone in specific training areas. They train rigorously in martial arts. Their diet is composed of roots, berries, and nuts. These Pokémon are known for their stoic personalities."
"Sawk","539","Fighting","","Karate Pokémon","1.4","51","Sturdy, Inner-focus, Mold-breaker","5","No","Sawk lives in mountainous regions, seeking isolation for training. They hone their karate skills with intense practice. These solitary Pokémon have a strict diet of grains, nuts, and berries. They are known for their disciplined nature."
"Sewaddle","540","Bug","Grass","Sewing Pokémon","0.3","2.5","Swarm, Chlorophyll, Overcoat","5","No","Sewaddle live in forests. They create coverings for themselves by sewing leaves together with sticky thread. They feed on fallen leaves and live in small groups. They are known for their timid, gentle nature."
"Swadloon","541","Bug","Grass","Leaf-Wrapped Pokémon","0.5","7.3","Leaf-guard, Chlorophyll, Overcoat","5","No","Swadloon are solitary Pokémon found in forests. They primarily consume decaying leaves, using their leafy exterior for camouflage. Their personality is often described as quiet and reclusive."
"Leavanny","542","Bug","Grass","Nurturing Pokémon","1.2","20.5","Swarm, Chlorophyll, Overcoat","5","No","Leavanny typically inhabit forests, where they nurture smaller Pokémon. They are known to create clothing out of leaves for other Pokémon, showcasing a caring and protective nature. Leavanny are often found in groups, displaying social behavior."
"Venipede","543","Bug","Poison","Centipede Pokémon","0.4","5.3","Poison-point, Swarm, Speed-boost","5","No","Venipede are often found in forests and grasslands. They are carnivorous, feeding on smaller insects and plants using venom secreted from their head. Solitary Pokémon that prefer to avoid conflict and have a somewhat timid personality."
"Whirlipede","544","Bug","Poison","Curlipede Pokémon","1.2","58.5","Poison-point, Swarm, Speed-boost","5","No","Whirlipede can be found in dark caves or dense forests, preying on other creatures. They are usually solitary creatures. They are considered quite aggressive when approached or feel threatened."
"Scolipede","545","Bug","Poison","Megapede Pokémon","2.5","200.5","Poison-point, Swarm, Speed-boost","5","No","Scolipede inhabit dense forests and caves. They are known predators, using their speed and agility to catch prey. They are carnivorous creatures, consuming insects and small mammals. They are solitary and aggressive creatures with territorial behavior."
"Cottonee","546","Grass","Fairy","Cotton Puff Pokémon","0.3","0.6","Prankster, Infiltrator, Chlorophyll","5","No","Cottonee are found in meadows and fields, where they drift with the wind. They are herbivores that feed on plant pollen. Their light, airy appearance and playful nature make them popular among trainers."
"Whimsicott","547","Grass","Fairy","Windveiled Pokémon","0.7","6.6","Prankster, Infiltrator, Chlorophyll","5","No","Whimsicott inhabit grassy areas and meadows. They are known for playing pranks, often causing mischief and fun, as well as living in packs. Whimsicott generally feed on sunlight but consume some plants as well."
"Petilil","548","Grass","","Bulb Pokémon","0.5","6.6","Chlorophyll, Own-tempo, Leaf-guard","5","No","Petilil reside in lush grasslands and forests, often near ponds or bodies of water. They are typically solitary Pokémon who are constantly fighting for the sun to blossom their leaves."
"Lilligant","549","Grass","","Flowering Pokémon","1.1","16.3","Chlorophyll, Own-tempo, Leaf-guard","5","No","Lilligant typically inhabit gardens and lush plains. Their diet primarily consists of sunlight and nectar. Lilligant is generally solitary but forms relationships in a group of sorts when around people or other Pokemon."
"Basculin-red-striped","550","Water","","Hostile Pokémon","1","18","Reckless, Adaptability, Mold-breaker","5","No","Basculin reside in bodies of fresh water, usually streams. Basculin is an carnivorous pokemon, primarily eating other fish, as well as living and working in large schools."
"Sandile","551","Ground","Dark","Desert Croc Pokémon","0.7","15.2","Intimidate, Moxie, Anger-point","5","No","Sandile live in arid desert regions. They are carnivorous and commonly feed on cacti that reside in the deserts, as well as working and travelling together to survive."
"Krokorok","552","Ground","Dark","Desert Croc Pokémon","1","33.4","Intimidate, Moxie, Anger-point","5","No","Krokorok reside in hot, sandy deserts. They feed on creatures that reside within these sandy desert areas. Often are solitary but find refuge within one another when necessary. "
"Krookodile","553","Ground","Dark","Intimidation Pokémon","1.5","96.3","Intimidate, Moxie, Anger-point","5","No","Krookodile live in the deep, hot parts of desert areas. They consume the desert lizards, and have adapted to be more in tune with hunting behaviors than previous evolutions. They do not work as teams in general, often opting for a solitary approach to surviving."
"Darumaka","554","Fire","","Zen Charm Pokémon","0.6","37.5","Hustle, Inner-focus","5","No","Darumaka live on peaks, and live with one another during their lifecycle. They can also be found eating local plants and leaves on the mountain peaks, however can also hunt for rodents if they choose."
"Darmanitan-standard","555","Fire","","Blazing Pokémon","1.3","92.9","Sheer-force, Zen-mode","5","No","Darmanitan-standard live on peaks with Darumaka. These creatures consume many plants, rodents, and other creatures to stay in their unique Zen Form. Darmanitan generally opt to working in pairs, supporting one another to thrive in nature."
"Maractus","556","Grass","","Cactus Pokémon","1","28","Water-absorb, Chlorophyll, Storm-drain","5","No","Maractus primarily inhabits desert regions where it can absorb ample sunlight. Its diet mainly consists of sunlight through photosynthesis, but it also consumes the occasional small desert plant for nutrients. Maractus tend to live solitary lives, as they require ample space for photosynthesis and do not typically form social bonds. They are generally docile and calm, swaying rhythmically to attract prey and absorb sunlight."
"Dwebble","557","Bug","Rock","Rock Inn Pokémon","0.3","14.5","Sturdy, Shell-armor, Weak-armor","5","No","Dwebble lives in rocky terrains, commonly found in caves, canyons, and mountains. They carve out their own rock shells to live in and protect themselves. Dwebble consumes minerals and small rocks to fortify its shell and supplement its diet with plant roots found in their habitat. These Pokémon live solitarily, protecting their chosen rock, and can exhibit territorial behavior towards other Dwebble. Dwebble are resourceful and determined, always searching for the perfect rock shelter."
"Crustle","558","Bug","Rock","Stone Home Pokémon","1.4","200","Sturdy, Shell-armor, Weak-armor","5","No","Crustle inhabits rocky terrains, often found near mountains and caves where it sources large rocks for its shell. It consumes minerals and nutrients from rocks, reinforcing its protective home. Crustle is typically solitary but can occasionally be found in small groups, often competing for territory or resources. Crustle is known to be territorial and fiercely protective of its shell, making it appear stubborn and aggressive."
"Scraggy","559","Dark","Fighting","Shedding Pokémon","0.6","11.8","Shed-skin, Moxie, Intimidate","5","No","Scraggy lives in urban and wilderness areas, often found in groups of other Scraggy. It feeds on berries and tough vegetation found in these areas. Scraggy live in small, competitive groups where they assert dominance and fight for status. Scraggy is characterized by its tough attitude, strong sense of self-preservation, and propensity for trouble."
"Scrafty","560","Dark","Fighting","Hoodlum Pokémon","1.1","30","Shed-skin, Moxie, Intimidate","5","No","Scrafty are commonly found in urban areas, abandoned buildings, and occasionally rocky terrain. Their diet consists of berries, vegetation, and occasionally small Pokémon, reflecting their adaptability. Scrafty are known to live in gangs, with complex hierarchical structures, where they protect their territory and resources. Scrafty exhibit a tough, rebellious demeanor, are often seen as the leaders of their groups, and display a strong sense of loyalty to their gang."
"Sigilyph","561","Psychic","Flying","Avianoid Pokémon","1.4","14","Wonder-skin, Magic-guard, Tinted-lens","5","No","Sigilyph dwells in ancient ruins, typically in desert environments, often solitary and enigmatic. Its diet is unknown, but it is speculated to absorb solar energy and psychic energy from the surrounding ruins. Sigilyph are typically solitary and highly territorial, patrolling and guarding ancient grounds. They are very mysterious and aloof."
"Yamask","562","Ghost","","Spirit Pokémon","0.5","1.5","Mummy","5","No","Yamask wanders the ruins of ancient civilizations, holding a mask that is said to be a replica of its face from when it was human. Yamask feeds on the grief and despair of those around it. These Pokémon are usually solitary, often appearing in desolate places where they seek out lost souls and are known to be sorrowful, often found wandering aimlessly through their haunted habitats."
"Cofagrigus","563","Ghost","","Coffin Pokémon","1.7","76.5","Mummy","5","No","Cofagrigus haunts tombs and ruins, often found guarding the burial chambers of ancient kings. It feeds on the life force of those who dare to enter its domain. Cofagrigus are solitary creatures, fiercely protective of their treasure and domain and they possess a sinister and regal air."
"Tirtouga","564","Water","Rock","Prototurtle Pokémon","0.7","16.5","Solid-rock, Sturdy, Swift-swim","5","No","Tirtouga live in underwater caves and rocky shorelines, preferring areas with strong currents and plentiful algae. It is an omnivore, feeding on algae, small crustaceans, and plant roots found along the seabed. Tirtouga tend to live solitary lives but occasionally gather in small groups. They are characterized by their gentle nature, resilience, and adaptability."
"Carracosta","565","Water","Rock","Prototurtle Pokémon","1.2","81","Solid-rock, Sturdy, Swift-swim","5","No","Carracosta frequents coastal waters, rocky shores, and underwater caverns, preferring areas rich in marine life and algae. It is an omnivore, consuming algae, shellfish, and smaller aquatic Pokémon. Carracosta are solitary, fiercely guarding their territories and preying grounds, and display a rugged and protective nature."
"Archen","566","Rock","Flying","First Bird Pokémon","0.5","9.5","Defeatist","5","No","Archen inhabits rocky cliffs and mountainous regions, often nesting in high places to avoid predators. It feeds on berries, seeds, and insects found within its habitat. Archen are mostly solitary, forming pairs only during the breeding season. Archen exhibits a curious, active, and explorative nature."
"Archeops","567","Rock","Flying","First Bird Pokémon","1.4","32","Defeatist","5","No","Archeops reside in rocky terrains, high mountains, and canyons where they build nests on cliff faces. It preys on smaller flying Pokémon, small rodents, and insects, utilizing its speed and agility to hunt effectively. Archeops live solitarily, except during mating season, where they perform aerial displays to attract partners. Archeops is characterized by its speed, aerial prowess, and occasional cautious nature."
"Trubbish","568","Poison","","Trash Bag Pokémon","0.6","31","Stench, Sticky-hold, Aftermath","5","No","Trubbish is found in areas with heavy human activity such as landfills, urban streets, and industrial areas. It sustains itself by consuming garbage and waste products. They are often solitary creatures. They adapt to pollution-heavy environments. They possess a toxic nature and unkempt appearance."
"Garbodor","569","Poison","","Trash Heap Pokémon","1.9","107.3","Stench, Weak-armor, Aftermath","5","No","Garbodor lives in polluted areas like landfills, junkyards, and industrial wastelands. Garbodor thrives on consuming various types of waste and garbage. They can be found solitary or in small groups competing for territory and resources. Garbodor exudes a menacing and aggressive nature due to its dangerous composition and polluted environment."
"Zorua","570","Dark","","Tricky Fox Pokémon","0.7","12.5","Illusion","5","No","Zorua lives in secluded and forested areas, far from human settlements. It sustains itself by eating berries, fruits, and small insects. Zorua are usually solitary, utilizing illusions to protect themselves and find food. Zorua possesses a playful and mischievous nature."
"Zoroark","571","Dark","","Illusion Fox Pokémon","1.6","81.1","Illusion","5","No","Zoroark are solitary creatures that live in forests and bamboo groves. They are nocturnal Pokémon and are known for their cunning and mischievous behavior. Zoroark have the ability to create illusions that they use to protect themselves and trick others. Their diet mainly consists of berries and small Pokémon."
"Minccino","572","Normal","","Chinchilla Pokémon","0.4","5.8","Cute-charm, Technician, Skill-link","5","No","Minccino are social creatures that live in forests and caves. They are diurnal Pokémon and are known for their cleanliness and love of beauty. Minccino often live in small groups. They primarily consume berries and seeds, showcasing a herbivorous diet."
"Cinccino","573","Normal","","Scarf Pokémon","0.5","7.5","Cute-charm, Technician, Skill-link","5","No","Cinccino are social creatures, often found in groups. They spend a lot of time grooming and preening their fur to keep it clean and shiny. Cinccino are primarily herbivorous, consuming berries and seeds. Their habitat consists of lush forests."
"Gothita","574","Psychic","","Fixation Pokémon","0.4","5.8","Frisk, Competitive, Shadow-tag","5","No","Gothita are often found alone, lost in their own thoughts. They live in dark forests and urban environments, enjoying solitude and introspection. They are crepuscular. Their diet is unknown, and it is rumored they feed on psychic energy, showcasing a unique diet. They exhibit a solitary nature and are rarely found in groups."
"Gothorita","575","Psychic","","Manipulate Pokémon","0.7","18","Frisk, Competitive, Shadow-tag","5","No","Gothorita are commonly found living in urban environments where they have a reliable source of staring power and distraction. While they aren't as openly social as other Pokemon they sometimes are seen in small groups and often cohabitate with Gothita to provide more energy to each other. Gothorita also prefer berries and plants as part of their diet and showcase a semi-social community dynamic."
"Gothitelle","576","Psychic","","Astral Body Pokémon","1.5","44","Frisk, Competitive, Shadow-tag","5","No","Gothitelle are very rare creatures that often will disappear to higher mountaintops where there is no human or Pokemon interactions and that leaves them in solitude to see the powers from the heavens. Although they seem to hate interactions, they aren't aggressive and usually move away quickly. Gothitelle diet consists of very low consumption as they don't feed often, mostly from water from the heavens. They live a solitary lifestyle in very high elevations where nobody lives."
"Solosis","577","Psychic","","Cell Pokémon","0.3","1","Overcoat, Magic-guard, Regenerator","5","No","Solosis are solitary creatures that float aimlessly in the air, often found in caves and forests. They communicate through telepathy and feed on electricity. Their habitat ranges from caves to fields, demonstrating adaptability to multiple terrains."
"Duosion","578","Psychic","","Mitosis Pokémon","0.6","8","Overcoat, Magic-guard, Regenerator","5","No","Duosion are solitary creatures often found in caves and dark forests. They float through the air, using their psychic abilities to move and interact with their environment. Their diet is unknown, but it is believed they feed on psychic energy and absorb nutrients from the air. This makes Duosion solitary and mystical Pokémon."
"Reuniclus","579","Psychic","","Multiplying Pokémon","1","20.1","Overcoat, Magic-guard, Regenerator","5","No","Reuniclus are solitary creatures that live in caves and forests. They are known for their high intelligence and psychic powers. They can be found floating in the air using the strength of their powers. They are generally friendly Pokémon and not known to be aggressive to others. They are believed to feed on energy and can obtain this from the sun or water through osmosis."
"Ducklett","580","Water","Flying","Water Bird Pokémon","0.5","5.5","Keen-eye, Big-pecks, Hydration","5","No","Ducklett are often found in ponds and lakes. These waterfowl are commonly found traveling in flocks and are capable divers. They have a strong preference for aquatic plants and invertebrates. This is supported by the fact that their main source of feeding is done at night, meaning that their ecological niche as birds who eat aquatic plants and other organic components makes it easy to flourish."
"Swanna","581","Water","Flying","White Bird Pokémon","1.3","24.2","Keen-eye, Big-pecks, Hydration","5","No","Swanna often inhabit large bodies of water such as lakes, ponds and shorelines in large group. These migratory Pokémon tend to fly throughout different countries at a time in sync, indicating that this flying type has an incredible sense of community."
"Vanillite","582","Ice","","Fresh Snow Pokémon","0.4","5.7","Ice-body, Snow-cloak, Weak-armor","5","No","Vanillite are typically found in frigid environments like icy caves and snowy mountains. These ice cream-like Pokémon use their frosty exteriors as protection. Vanillite are solitary eaters and tend to stick around ice, thus it is believed that they eat small bugs and insects to adapt to these environments. Thus it is clear that the Vanillite live around harsh ecosystems alone while eating any bugs in their paths."
"Vanillish","583","Ice","","Icy Snow Pokémon","1.1","41","Ice-body, Snow-cloak, Weak-armor","5","No","Vanillish live primarily in cold climates and spend most of their time near ice. Because they stay around ice so often, the source of food remains relatively hidden although many believe that the Vanillish do get nutrition from plant matter or even from snow. Vanillish are often seen together in pairs and it is unknown how often this is practiced."
"Vanilluxe","584","Ice","","Snowstorm Pokémon","1.3","57.5","Ice-body, Snow-warning, Weak-armor","5","No","Vanilluxe lives in frozen environments in order to survive. As large blocks of ice, Vanilluxe need the cold to maintain integrity. Although this Pokemon likes to spend its time in the snowy mountains, not much is known regarding their diet, although most speculate that it likes ice and relies on snow and smaller bugs as a potential option for food."
"Deerling","585","Normal","Grass","Season Pokémon","0.6","19.5","Chlorophyll, Sap-sipper, Serene-grace","5","No","Deerling adapt their colors and scent with the seasons, Deerling inhabit areas close to green, lush forests. As herbivores, these small quadrupeds often eat grass and various kinds of berries and are considered social creatures. During migrations, it isn't uncommon for Deerling to stay together and live among different habitats. Because Deerling get along so well, these Pokemon often live near humans to find refuge as long as food sources can be obtained from these different areas."
"Sawsbuck","586","Normal","Grass","Season Pokémon","1.9","92.5","Chlorophyll, Sap-sipper, Serene-grace","5","No","Sawsbuck are forest-dwelling Pokémon that change their antlers depending on the season. They graze on leaves and berries, and their social behavior involves forming herds led by the Sawsbuck with the most impressive antlers for the current season. They are generally calm and peaceful, but can be protective of their herd."
"Emolga","587","Electric","Flying","Sky Squirrel Pokémon","0.4","5","Static, Motor-drive","5","No","Emolga are commonly found in forests and urban areas. They are social Pokémon, often seen gliding between trees or buildings in small groups. They primarily feed on berries and nuts. Known for their playful and mischievous behavior, they use their electric sacs to startle others and their ability to glide is used for escaping predators."
"Karrablast","588","Bug","","Clamping Pokémon","0.5","5.9","Swarm, Shed-skin, No-guard","5","No","Karrablast live in forests and grasslands. These Pokémon exhibit a unique symbiotic relationship with Shelmet. When a Karrablast evolves by trading with a Shelmet, it steals Shelmet's shell, evolving into Escavalier, while Shelmet evolves into Accelgor. Karrablast are solitary and feed on plant sap."
"Escavalier","589","Bug","Steel","Cavalry Pokémon","1","33","Swarm, Shell-armor, Overcoat","5","No","Escavalier inhabit forests. The are solitary Pokemon, and they obtain shells from Shelmet and uses it as armor, becoming a strong cavalry. Feeds primarily on plants. They are courageous Pokémon that charge into battle with their lances."
"Foongus","590","Grass","Poison","Mushroom Pokémon","0.2","1","Effect-spore, Regenerator","5","No","Foongus are found in forests, often camouflaged as Poké Balls to lure unsuspecting trainers and Pokémon. These Pokémon feed on decaying organic matter and have a solitary behavior. They have a docile nature."
"Amoonguss","591","Grass","Poison","Mushroom Pokémon","0.6","10.5","Effect-spore, Regenerator","5","No","Amoonguss are found in forests, usually near damp or shaded areas. These Pokémon lure prey with their Poké Ball-like caps and release a poisonous cloud when approached. Amoonguss are solitary Pokémon but can be found in small groups. They consume forest nutrients."
"Frillish","592","Water","Ghost","Floating Pokémon","1.2","33","Water-absorb, Cursed-body, Damp","5","No","Frillish are marine Pokémon that inhabit the depths of the ocean. They paralyze prey with their tentacles and feast on life energy. They are usually solitary hunters. It can be predatory and have a playful nature."
"Jellicent","593","Water","Ghost","Floating Pokémon","2.2","135","Water-absorb, Cursed-body, Damp","5","No","Jellicent lives in the deepest depths of the ocean and are predatory hunters, often preying on ships and other water Pokémon, draining their life energy. They live in colonies with dominant figures. Some show playful and elegant behavior, and are very intelligent"
"Alomomola","594","Water","","Caring Pokémon","1.2","31.6","Healer, Hydration, Regenerator","5","No","Alomomola inhabit warm ocean waters. They are altruistic, providing healing to injured Pokémon. These Pokémon carry injured Pokémon to shore, providing first aid. Generally travels alone or in pairs."
"Joltik","595","Bug","Electric","Attaching Pokémon","0.1","0.6","Compound-eyes, Unnerve, Swarm","5","No","Joltik are found in caves, power plants, and forests, where they attach themselves to larger Pokémon and electronic devices to feed on static electricity. These Pokémon often live in small groups. These are scavengers, feeding off of static electricity."
"Galvantula","596","Bug","Electric","EleSpider Pokémon","0.8","14.3","Compound-eyes, Unnerve, Swarm","5","No","Galvantula live in forests and caves, where they create elaborate webs to trap prey. These Pokémon are social and live in colonies. They are nocturnal, hunting small insect Pokémon and feeding off their life energy."
"Ferroseed","597","Grass","Steel","Thorn Seed Pokémon","0.6","18.8","Iron-barbs","5","No","Ferroseed inhabit caves. They are solitary. They attach themselves to cave walls and absorb minerals with their vine-like appendages. Can be very shy and only drop from caves when their nutrition needs can be satisfied."
"Ferrothorn","598","Grass","Steel","Thorn Pod Pokémon","1","110","Iron-barbs, Anticipation","5","No","Ferrothorn live in caves and forests, where they hang from the ceilings and ambush prey with their spiked vines. These Pokémon are territorial and aggressive. Often solitary to conserve its nutrient supply. Hunts in the darkness."
"Klink","599","Steel","","Gear Pokémon","0.3","21","Plus, Minus, Clear-body","5","No","Klink lives in caves. Klink is two gears that mesh perfectly. Together they live as one. If they do not perfectly mesh they cannot operate correctly. Often found in abandoned structures as well, feed off of metal."
"Klang","600","Steel","","Gear Pokémon","0.6","51","Plus, Minus, Clear-body","5","No","Klang lives in caves and old factories. When Klang meets other Klang, they rotate around each other to search for a perfect fit with which they can fit together. It communicates with clicking sounds."
"Klinklang","601","Steel","","Gear Pokémon","0.6","81","Plus, Minus, Clear-body","5","No","Klinklang typically inhabit industrial areas and power plants, relying on electricity to sustain their metallic bodies. These Pokémon are known to cluster together and communicate through rhythmic clicking sounds. They are solitary and feed on the energy they gather from electrical sources."
"Tynamo","602","Electric","","EleFish Pokémon","0.2","0.3","Levitate","5","No","Tynamo dwell in dark caves and underwater environments. These solitary Pokémon feed on small amounts of electricity, often found near electrical outlets or sources of natural static. Their bodies are fragile, making them cautious and timid in nature."
"Eelektrik","603","Electric","","EleFish Pokémon","1.2","22","Levitate","5","No","Eelektrik lives in caves and murky waters where they feed on electricity by attaching themselves to larger aquatic creatures. They tend to be solitary feeders, storing energy within their bodies for survival. Eelektrik are known to be aggressive when disturbed."
"Eelektross","604","Electric","","EleFish Pokémon","2.1","80.5","Levitate","5","No","Eelektross reside in the deepest parts of the ocean, preying on larger aquatic organisms by stunning them with powerful electric shocks. They are solitary hunters and fiercely territorial. Eelektross are adapted to withstand extreme underwater pressure."
"Elgyem","605","Psychic","","Cerebral Pokémon","0.5","9","Telepathy, Synchronize, Analytic","5","No","Elgyem are often found near areas associated with UFO sightings and electromagnetic disturbances. They are solitary and reclusive, often observing humans and Pokémon from a distance. Elgyem use their psychic abilities to manipulate objects and communicate telepathically."
"Beheeyem","606","Psychic","","Cerebral Pokémon","1","34.5","Telepathy, Synchronize, Analytic","5","No","Beheeyem inhabit remote areas, often associated with strange phenomena and unexplained events. These Pokémon live in small groups and are highly intelligent, using their advanced psychic abilities to manipulate their environment. They are mysterious and elusive, rarely seen by humans."
"Litwick","607","Ghost","Fire","Candle Pokémon","0.3","3.1","Flash-fire, Flame-body, Infiltrator","5","No","Litwick dwell in abandoned buildings and dimly lit areas, guiding lost souls with the flame on their head. They are solitary and have a peculiar behavior of absorbing life energy from unsuspecting individuals. Litwick are drawn to places filled with sadness and loneliness."
"Lampent","608","Ghost","Fire","Lamp Pokémon","0.6","13","Flash-fire, Flame-body, Infiltrator","5","No","Lampent haunt graveyards and abandoned houses, searching for spirits to absorb. They form small groups, often lingering near the recently departed, and use their flames to guide souls to the afterlife. Lampent are drawn to the energy of fear and despair."
"Chandelure","609","Ghost","Fire","Luring Pokémon","1","34.3","Flash-fire, Flame-body, Infiltrator","5","No","Chandelure are found in mansions and other elegant buildings, where they absorb life energy from their surroundings, leaving a chilling atmosphere. They are solitary predators that disguise themselves as ornate chandeliers, luring unsuspecting prey. Chandelure thrive on consuming the energy of the living, turning it into fuel for their ghostly flames."
"Axew","610","Dragon","","Tusk Pokémon","0.6","18","Rivalry, Mold-breaker, Unnerve","5","No","Axew live in forests and caves, where they mark their territory by leaving scratches on trees with their tusks. They are social and form small family groups, often assisting each other in gathering food and defending against predators. Axew primarily feed on berries and tree nuts."
"Fraxure","611","Dragon","","Axe Jaw Pokémon","1","36","Rivalry, Mold-breaker, Unnerve","5","No","Fraxure inhabit mountainous regions and caves, using their sharp tusks to crush rocks in search of minerals. They live in small family groups and fiercely defend their territory. Fraxure primarily consume iron-rich rocks to maintain the strength and sharpness of their tusks."
"Haxorus","612","Dragon","","Axe Jaw Pokémon","1.8","105.5","Rivalry, Mold-breaker, Unnerve","5","No","Haxorus live in diverse habitats ranging from forests to caves, using their enormous tusks to cut down trees and challenge rivals. They are solitary and territorial, fiercely guarding their hunting grounds. Haxorus primarily feed on vegetation and smaller Pokémon."
"Cubchoo","613","Ice","","Chill Pokémon","0.5","8.5","Snow-cloak, Slush-rush, Rattled","5","No","Cubchoo dwell in icy caves and snowy environments, relying on the mucus in their constantly running nose to gauge the surrounding temperature. They are solitary Pokémon, often seen shivering and sniffing. Cubchoo consume snow and ice to regulate their body temperature."
"Beartic","614","Ice","","Freezing Pokémon","2.6","260","Snow-cloak, Slush-rush, Swift-swim","5","No","Beartic live in frozen wastelands and glacial environments, surviving harsh conditions with their thick fur and powerful claws. They are solitary hunters, preying on aquatic Pokémon and terrestrial mammals. Beartic feed on fish and ice to maintain their strength and endurance in the frigid climate."
"Cryogonal","615","Ice","","Crystallizing Pokémon","1.1","148","Levitate","5","No","Cryogonal float in icy caverns and frozen lakes, crystallizing water vapor into intricate patterns. They are solitary creatures, often drifting aimlessly in search of moisture. Cryogonal absorb heat from their surroundings, leaving a trail of intense cold wherever they go."
"Shelmet","616","Bug","","Snail Pokémon","0.4","7.7","Hydration, Shell-armor, Overcoat","5","No","Shelmet live in damp environments, often found in forests near ponds or marshes. They feed on decaying leaves and small insects they find within the vegetation. Shelmet are solitary creatures, spending most of their time buried in the soil to keep their bodies moist, only emerging to feed or find a mate. They are known to be timid and prefer to avoid confrontation by retreating into their shells."
"Accelgor","617","Bug","","Shell Out Pokémon","0.8","25.3","Hydration, Sticky-hold, Unburden","5","No","Accelgor are found in grassy areas and forests. They are extremely fast and agile, capable of traversing through dense foliage with ease. These Pokémon feed on the energy they absorb from the sun. Accelgor are solitary hunters, darting around at high speeds to catch smaller insect Pokémon. Their personality is often described as hyperactive and impulsive."
"Stunfisk","618","Ground","Electric","Trap Pokémon","0.7","11","Static, Limber, Sand-veil","5","No","Stunfisk dwells in muddy wetlands, beaches, and riverbeds, using its flat body to camouflage itself in the sediment. It's an ambush predator, lying in wait to shock unsuspecting prey that come into contact with it. Their diet consists of small fish and aquatic invertebrates. Stunfisk tend to be solitary Pokémon with a patient, albeit sometimes grumpy, disposition."
"Mienfoo","619","Fighting","","Martial Arts Pokémon","0.9","20","Inner-focus, Regenerator, Reckless","5","No","Mienfoo inhabit mountainous and rocky regions, honing their martial arts skills through rigorous training. They consume berries and small plants, but also hunt small rodent Pokemon using their impressive fighting abilities. Mienfoo are known to live in small groups, where they learn from and compete with each other to improve their combat prowess. They are often described as disciplined and dedicated, always striving to become stronger."
"Mienshao","620","Fighting","","Martial Arts Pokémon","1.4","35.5","Inner-focus, Regenerator, Reckless","5","No","Mienshao resides in the mountains and forests, where they use their whip-like arms to strike at prey and swing between trees. They feed on berries and fruit, supplementing their diet with small mammals and bird Pokemon that they can catch with their swift movements. Mienshao live in small family groups led by the most skilled fighter. They are generally calm but will fiercely protect their territory and young."
"Druddigon","621","Dragon","","Cave Pokémon","1.6","139","Rough-skin, Sheer-force, Mold-breaker","5","No","Druddigon make their homes in caves, where they use their rough skin to blend in with the rocky walls. They primarily feed on smaller Pokémon found within the caves and occasionally venture out to hunt at night. Druddigon are solitary creatures, staking out territory to ward off others. They have a reputation for being territorial and aggressive but are generally not a threat unless provoked."
"Golett","622","Ground","Ghost","Automaton Pokémon","1","92","Iron-fist, Klutz, No-guard","5","No","Golett are often found in ruins and ancient sites, hinting at their creation by an ancient civilization. Their diet is unusual; they consume soil and rocks to sustain themselves. Golett are solitary Pokemon. They are quiet and docile, carrying out simple tasks until given a more specific command."
"Golurk","623","Ground","Ghost","Automaton Pokémon","2.8","330","Iron-fist, Klutz, No-guard","5","No","Golurk guard ancient ruins and are said to have been activated to protect people and Pokémon from danger. Their diet consists of consuming energy they absorb from the sun or by igniting and burning fuel within their body. Golurk is a solitary protector. It is fiercely loyal and possesses great strength to fulfill its duty."
"Pawniard","624","Dark","Steel","Sharp Blade Pokémon","0.5","10.2","Defiant, Inner-focus, Pressure","5","No","Pawniard can be found in mountainous regions or near human settlements. They often work together in groups, led by a Bisharp, to hunt prey or raid for resources. They are carnivorous, feeding on other smaller Pokémon that they take down through coordinated attacks. Pawniard are known to be obedient to their leader but are also ambitious, constantly striving to prove their strength and rise in rank within their group."
"Bisharp","625","Dark","Steel","Sword Blade Pokémon","1.6","70","Defiant, Inner-focus, Pressure","5","No","Bisharp lead groups of Pawniard in territorial battles, ruling with an iron fist. They typically inhabit mountainous or urban areas, often staking claim over territory. Bisharp compete with others for dominance and feed on weaker Pokemon defeated in combat, showcasing their cruel nature. They are solitary unless leading a group of Pawniard."
"Bouffalant","626","Normal","","Bash Buffalo Pokémon","1.6","94.6","Reckless, Sap-sipper, Soundproof","5","No","Bouffalant primarily roam in grasslands, plains, and meadows. It is a herbivore, consuming grass and foliage. They live in herds and are fiercely protective of their territory and herd-mates. Bouffalant is known for its aggression when provoked, charging at foes with immense force."
"Rufflet","627","Normal","Flying","Eaglet Pokémon","0.5","10.5","Keen-eye, Sheer-force, Hustle","5","No","Rufflet is found in mountainous regions. Rufflet often form flocks as they train for evolution, but they can often be found solitary in low elevations, nesting amongst low-lying flora. These Pokemon are carnivores; as such, their diet consists of meat. A rufflet can generally be found to have an ambitious, rough personality and they strive to evolve into a powerful Braviary. "
"Braviary","628","Normal","Flying","Valiant Pokémon","1.5","41","Keen-eye, Sheer-force, Defiant","5","No","Braviary resides within harsh and untamed mountainous terrain. As they are at the top of the food chain in the respective environments, these Pokemon often are solo, and they primarily feed on other flying Pokemon. Their diet also consists of other land dwelling creatures; Braviary has often been cited taking down entire herds of deerling. They are well-renowned for being brave, and known to be at peace even in tough situations."
"Vullaby","629","Dark","Flying","Diapered Pokémon","0.5","9","Big-pecks, Overcoat, Weak-armor","5","No","Vullaby nests in mountainous areas and scavenges for discarded bones to use as diaper. Their diet mainly consists of small pokemon and dead caracasses, consuming everything within a short period of time. A Vullaby will often nest by itself with their respective parent; they are calm but alert to potential predators and can often be found staring blankly towards nothing for long periods of time."
"Mandibuzz","630","Dark","Flying","Bone Vulture Pokémon","1.2","39.5","Big-pecks, Overcoat, Weak-armor","5","No","Mandibuzz lives in dry, rocky habitats, nesting within desolate areas due to their morbid lifestyle. The ecology for the species has drastically changed with increased settlements; a Mandibuzz will search high and low amongst human settlements for scrap items and food to consume and decorate their nests. When travelling by itself, the bone-bird tends to have a laid-back and almost nonchalant demeanor."
"Heatmor","631","Fire","","Anteater Pokémon","1.4","58","Gluttony, Flash-fire, White-smoke","5","No","Heatmor typically inhabits volcanic regions and hot caves, preying on Durant with its heated tongue. They are solitary creatures, fiercely territorial, and possess a volatile personality."
"Durant","632","Bug","Steel","Iron Ant Pokémon","0.3","33","Swarm, Hustle, Truant","5","No","Durant live in colonies, building intricate tunnel systems within caves and forests. They consume leaves and other organic matter, communicating through pheromones. Durant are industrious, disciplined, and maintain a cooperative social structure."
"Deino","633","Dark","Dragon","Irate Pokémon","0.8","17.3","Hustle","5","No","Deino are commonly found in dark caves and dense forests, relying on their keen sense of smell to navigate. They are fiercely aggressive, often biting anything that moves due to their inability to see. Deino are solitary creatures with a rambunctious and destructive personality."
"Zweilous","634","Dark","Dragon","Hostile Pokémon","1.4","50","Hustle","5","No","Zweilous are commonly found in dark caves and dense forests, often competing with its other head for dominance. They are fiercely aggressive and known for their destructive behavior. Zweilous are solitary creatures with a hostile personality."
"Hydreigon","635","Dark","Dragon","Brutal Pokémon","1.8","160","Levitate","5","No","Hydreigon are commonly found in mountainous terrains and caverns, they are known for their destructive and violent behavior. Hydreigon are solitary creatures with a brutal personality."
"Larvesta","636","Bug","Fire","Torch Pokémon","1.1","28.8","Flame-body, Swarm","5","No","Larvesta typically dwells in forests and grasslands near volcanic activity, feeding on tree sap and nectar. They are solitary Pokémon known for their gentle demeanor and tendency to approach warm objects. Larvesta are often found near light sources and exhibit a curious personality."
"Volcarona","637","Bug","Fire","Sun Pokémon","1.6","46","Flame-body, Swarm","5","No","Volcarona reside in mountainous regions with warm climates and are associated with legends of being incarnations of the sun. They feed on sunlight and nectar, displaying a benevolent presence that provides warmth to the environment. Volcarona are revered as guardians of life and possess a serene personality."
"Cobalion","638","Steel","Fighting","Iron Will Pokémon","2.1","250","Justified","5","Yes","Cobalion typically dwells in mountainous regions with dense forests, acting as a leader of a trio of legendary Pokémon. They consume berries and plant-based foods, maintaining a solitary lifestyle while monitoring human activity. Cobalion are known for their unwavering justice and possess a stoic personality."
"Terrakion","639","Rock","Fighting","Cavern Pokémon","1.9","260","Justified","5","Yes","Terrakion inhabits rocky terrains and caves, acting as part of a trio of legendary Pokémon alongside Cobalion and Virizion. They feed on minerals and rocks, maintaining a solitary lifestyle while acting as a protector of Pokémon habitats. Terrakion are renowned for their indomitable strength and possess a resolute personality."
"Virizion","640","Grass","Fighting","Grassland Pokémon","2","200","Justified","5","Yes","Virizion dwells in lush forests and grasslands, acting as part of a trio of legendary Pokémon alongside Cobalion and Terrakion. They consume fruits and flowers, maintaining a solitary lifestyle while protecting Pokémon from human threats. Virizion are known for their graceful movements and possess a compassionate personality."
"Tornadus-incarnate","641","Flying","","Cyclone Pokémon","1.5","63","Prankster, Defiant","5","Yes","Tornadus-incarnate is found roaming in the skies, typically in regions with unstable weather patterns. They primarily feed on atmospheric energy and moisture. They have a solitary nature with a volatile and mischievous personality, often creating destructive storms for amusement."
"Thundurus-incarnate","642","Electric","Flying","Bolt Strike Pokémon","1.5","61","Prankster, Defiant","5","Yes","Thundurus-incarnate is commonly found in areas with thunderstorms and charged atmosphere. They absorb electrical energy from the environment, and are typically solitary. Thundurus are known to be destructive with a wild, erratic personality, creating havoc by unleashing powerful lightning strikes."
"Reshiram","643","Dragon","Fire","Vast White Pokémon","3.2","330","Turboblaze","5","Yes","Reshiram inhabits areas with strong ties to mythical legends, often in regions of high altitude or hidden ruins. They feed on positive energy and aspirations, and are considered solitary creatures with a majestic, benevolent presence. Reshiram have a serene and wise personality, symbolizing truth and creation."
"Zekrom","644","Dragon","Electric","Deep Black Pokémon","2.9","345","Teravolt","5","Yes","Zekrom dwell in areas with abundant electrical energy, such as storm clouds or industrial complexes. They absorb electrical energy from the environment, and are solitary creatures with a powerful, enigmatic presence. Zekrom have a stern and determined personality, representing ideals and destruction."
"Landorus-incarnate","645","Ground","Flying","Abundance Pokémon","1.5","68","Sand-force, Sheer-force","5","Yes","Landorus-incarnate is found in fertile lands, roaming the regions and spreading its blessings. They are responsible for promoting agricultural prosperity, often solitary but will cooperate with other Pokémon or humans who respect nature. Landorus are seen as benevolent figures with a generous personality, symbolizing abundance and gratitude."
"Kyurem","646","Dragon","Ice","Boundary Pokémon","3","325","Pressure","5","Yes","Kyurem, the Boundary Pokémon, is a legendary creature of the Unova region. It is said to have arrived on a meteor and possesses immense power. Kyurem is typically found in remote, icy caves and frozen wastelands, favoring solitude due to its formidable aura. As an incomplete Pokémon formed from the split of Reshiram and Zekrom, Kyurem seeks to fuse with one of them to restore its original form, becoming either White Kyurem or Black Kyurem. In its solitary existence, Kyurem feeds on whatever it can find within its frozen habitat, demonstrating a personality marked by a deep sense of incompleteness and latent power."
"Keldeo-ordinary","647","Water","Fighting","Colt Pokémon","1.4","48.5","Justified","5","Yes","Keldeo, the Colt Pokémon, is a legendary creature known for its swift movements and graceful appearance. Typically found near bodies of water, such as lakes and rivers, Keldeo often resides in areas rich in plant life where it can graze and quench its thirst. As a member of the Swords of Justice, Keldeo is often seen training with its comrades, honing its skills in both combat and agility. Living in small, tight-knit groups, Keldeo is a social creature, displaying a playful and energetic personality while also remaining dedicated to its mission of protecting Pokémon and humans alike. Their diet primarily consists of aquatic plants and berries found near their watery homes."
"Meloetta-aria","648","Normal","Psychic","Melody Pokémon","0.6","6.5","Serene-grace","5","Yes","Meloetta, the Melody Pokémon, is a legendary creature celebrated for its enchanting voice and captivating dances. This Pokémon typically resides in serene and untouched environments, such as ancient forests and hidden glades, where its melodies can resonate in harmony with nature. As a solitary Pokémon, Meloetta spends much of its time honing its vocal and dance abilities, using its songs to bring joy and peace to those who listen. Its diet primarily consists of berries and fruits, enhancing its energy and maintaining the clarity of its voice. Known for its gentle and kind-hearted nature, Meloetta is often sought after for its ability to soothe and inspire."
"Genesect","649","Bug","Steel","Paleozoic Pokémon","1.5","82.5","Download","5","Yes","Genesect, the Paleozoic Pokémon, is a Bug/Steel type Pokémon that existed 300 million years ago. Modified by Team Plasma with mechanical parts, Genesect became a formidable opponent, but the changes also disrupted its natural ecology. In its natural habitat, Genesect would have likely lived in forests and hunted as a predator. Its diet probably consisted of smaller Bug-type Pokémon and plant matter. Socially, they may have lived in small packs for hunting or defense, and they would have spent time in lush, green forests, possibly during warmer periods in history. With its modifications, Genesect exhibits a tendency to be aggressive and obedient, driven by the influence of those who control its systems."
"Chespin","650","Grass","","Spiny Nut Pokémon","0.4","9","Overgrow, Bulletproof","6","No","Chespin, the Spiny Nut Pokémon, is a Grass-type Pokémon that is native to the Kalos region. These Pokémon are often found in forests and grassy areas where they can easily access their primary food source: nuts. Chespin are herbivores and primarily feed on nuts they find on the forest floor, using their tough shells to protect them from potential threats. Chespin are generally social Pokémon, living in small groups or families, and exhibit playful and curious behaviors."
"Quilladin","651","Grass","","Spiny Armor Pokémon","0.7","29","Overgrow, Bulletproof","6","No","Quilladin, the Spiny Armor Pokémon, is a Grass-type Pokémon that evolves from Chespin. It is native to the Kalos region and is commonly found in forests and grassy areas. Quilladin, as a herbivore, consumes plant materials such as nuts, fruits, and leaves. These Pokémon have social habits; they gather in small groups and families. Their personality is generally calm, but they have increased defensiveness, forming the shell, to fend off potential danger."
"Chesnaught","652","Grass","Fighting","Spiny Armor Pokémon","1.6","90","Overgrow, Bulletproof","6","No","Chesnaught, the Spiny Armor Pokémon, is a Grass/Fighting-type Pokémon, and final evolution of Chespin. Its diet primarily includes nuts, berries, and fruits which provides it with ample energy for its robust physique and battles. Often found in dense forests with its family group, Chesnaught, like Chespin, is very social in nature. These Pokemon are also extremely protective, showcasing fierce loyalty to their friends and family."
"Fennekin","653","Fire","","Fox Pokémon","0.4","9.4","Blaze, Magician","6","No","Fennekin, the Fox Pokémon, are typically found in dry, arid environments such as deserts or savannas within the Kalos region. These Fire-type Pokémon primarily feed on small, dry plants, berries, and insects, using their large ears to detect prey and potential dangers. Fennekin tends to live solitary lives, though they may occasionally form small family units, and possess a curious and playful nature."
"Braixen","654","Fire","","Fox Pokémon","1","14.5","Blaze, Magician","6","No","Braixen, the Fox Pokémon, inhabits forests and grasslands in the Kalos region. They are often found with a twig in their tail, which they use as a makeshift wand and source of comfort. The Fire-type Pokémon's diet mainly consists of berries and small insects. While Braixen enjoys its own space, they occasionally team up with others to form families and smaller hunting teams. Known to be shy, they bond well within family settings."
"Delphox","655","Fire","Psychic","Fox Pokémon","1.5","39","Blaze, Magician","6","No","Delphox, the Fox Pokémon, is typically found in mystical and secluded forests within the Kalos region. This Fire/Psychic-type Pokémon often dwells near ancient ruins or areas with strong psychic energy, which it draws upon to enhance its magical abilities. Delphox tends to be solitary, preferring the company of its own thoughts, but it is also known to be a wise and benevolent guide for lost travelers. The Pokemon's diet mainly consists of berries, nuts, and occasionally small animals that inhabit its forest home."
"Froakie","656","Water","","Bubble Frog Pokémon","0.3","7","Torrent, Protean","6","No","Froakie, the Bubble Frog Pokémon, is typically found in wetland areas in the Kalos region, near bodies of water like ponds and rivers. This Water-type Pokémon predominantly feeds on insects and small aquatic plants, using the bubbles on its chest and back to navigate and trap its prey. Socially, Froakie are independent creatures, often living solitary lives, but they are also known to be quite playful and energetic, leaping through water and engaging in playful antics."
"Frogadier","657","Water","","Bubble Frog Pokémon","0.6","10.9","Torrent, Protean","6","No","Frogadier, the Bubble Frog Pokémon, typically lives in secluded areas near bodies of water in the Kalos region, such as hidden ponds and forest streams. As a Water-type Pokémon, Frogadier mainly consumes insects and small aquatic organisms, using its agility to hunt and evade predators. They mostly live solitary lifestyles. Frogadier tends to have a reserved personality, focusing on honing its skills and becoming stronger. They value independence and resourcefulness, often using the bubbles on their chest and back as disguises or to create diversions."
"Greninja","658","Water","Dark","Ninja Pokémon","1.5","40","Torrent, Protean","6","No","Greninja, the Ninja Pokémon, is often found near hidden freshwater sources in the Kalos region, such as secluded ponds or forested streams. As a Water/Dark-type Pokémon, Greninja primarily consumes insects, fish, and small amphibians. This Pokemon is solitary creatures, preferring to live and hunt alone; they can display a strong sense of loyalty and are protective of those they trust. They tend to be silent and calculating, choosing their battles wisely."
"Bunnelby","659","Normal","","Digging Pokémon","0.4","5","Pickup, Cheek-pouch, Huge-power","6","No","Bunnelby, the Digging Pokémon, prefers to dwell in rural areas such as grasslands and farmlands throughout the Kalos region. A Normal-type Pokémon, they often nest in burrows that they dig themselves. It is primarily herbivorous, feeding on roots, plant shoots, and any crops it can scavenge. Bunnelby lives in colonies with multiple Bunnellby; they work together to look after each other as well as construct burrows that will serve as both safe haven as well as sources for storing food."
"Diggersby","660","Normal","Ground","Digging Pokémon","1","42.4","Pickup, Cheek-pouch, Huge-power","6","No","Diggersby, the Digging Pokémon, is often found in rural areas in the Kalos region such as farms, grasslands and prairies. These Normal/Ground-type Pokemon have gigantic ears capable of digging up thick tree roots; using that capability as a means of locating sources of nourishment, mainly consuming tubers and roots. Like its predecessor Bunnelby, it lives in extensive warrens, and are extremely diligent caretakers. Their tough-love demeanor leads Diggersby to keep its dependents under firm hand and will fight tooth and nail for its loved ones."
"Fletchling","661","Normal","Flying","Tiny Robin Pokémon","0.3","1.7","Big-pecks, Gale-wings","6","No","Fletchling are commonly found in forests and plains, often in small flocks. They feed on berries and small insects, exhibiting a cheerful and social nature."
"Fletchinder","662","Fire","Flying","Ember Pokémon","0.7","16","Flame-body, Gale-wings","6","No","Fletchinder reside in mountainous regions and forests. They are carnivorous, preying on smaller bird Pokémon and insects. They tend to be solitary hunters, exhibiting a fierce and territorial behavior."
"Talonflame","663","Fire","Flying","Scorching Pokémon","1.2","24.5","Flame-body, Gale-wings","6","No","Talonflame inhabit volcanic regions and mountainous areas. They are apex predators, hunting larger bird Pokémon and small mammals. They live in small family groups and show great loyalty and bravery."
"Scatterbug","664","Bug","","Scatterdust Pokémon","0.3","2.5","Shield-dust, Compound-eyes, Friend-guard","6","No","Scatterbug are found in forests and gardens, usually near plants where they can feed on leaves. They live in small groups and are timid, hiding among foliage."
"Spewpa","665","Bug","","Scatterdust Pokémon","0.3","8.4","Shed-skin, Friend-guard","6","No","Spewpa dwell in forests and grasslands, enclosed in their protective shells. They feed on plant sap and remain largely motionless, avoiding predators with their camouflage and defensive shell."
"Vivillon","666","Bug","Flying","Scale Pokémon","1.2","17","Shield-dust, Compound-eyes, Friend-guard","6","No","Vivillon live in various habitats, depending on their wing pattern, ranging from forests to deserts. They feed on flower nectar and are social, gathering in large groups. Their personalities vary depending on the habitat they come from."
"Litleo","667","Fire","Normal","Lion Cub Pokémon","0.6","13.5","Rivalry, Unnerve, Moxie","6","No","Litleo are found in savannas and rocky terrains, typically in prides led by a Pyroar. They eat berries and small mammals. Litleo are known for their brave and energetic personalities, always eager to prove themselves."
"Pyroar","668","Fire","Normal","Royal Pokémon","1.5","81.5","Rivalry, Unnerve, Moxie","6","No","Pyroar inhabit savannas and grasslands, leading prides of Litleo. They hunt larger prey, such as Zebstrika and Bouffalant. They exhibit regal and commanding behavior, fiercely protective of their pride."
"Flabebe","669","Fairy","","Single Bloom Pokémon","0.1","0.1","Flower-veil, Symbiosis","6","No","Flabébé are found in flower gardens and meadows, always near their chosen flower, with which they form a symbiotic relationship. They feed on flower nectar. Flabébé are gentle and affectionate, showing great care for their flower."
"Floette","670","Fairy","","Single Bloom Pokémon","0.2","0.9","Flower-veil, Symbiosis","6","No","Floette live in fields of flowers and meadows, often migrating with their chosen flower. They consume nectar and pollen, forming strong bonds with their floral companions. They are elegant and graceful, often seen dancing in the wind."
"Florges","671","Fairy","","Garden Pokémon","1.1","10","Flower-veil, Symbiosis","6","No","Florges dwell in elaborate flower gardens, creating and maintaining beautiful displays. They consume nutrients from the soil and air through their flowers. They are benevolent and nurturing, caring deeply for their garden and its inhabitants."
"Skiddo","672","Grass","","Mount Pokémon","0.9","31","Sap-sipper, Grass-pelt","6","No","Skiddo live on plains and mountainous slopes. They eat grass and leaves and often carry people on their backs. They are known for their gentle, dependable nature and love to be helpful to humans."
"Gogoat","673","Grass","","Mount Pokémon","1.7","91","Sap-sipper, Grass-pelt","6","No","Gogoat live in mountainous regions, forming herds. They graze on vegetation and are used as a mode of transportation. Gogoat are dependable and serene, forming strong bonds with their riders."
"Pancham","674","Fighting","","Playful Pokémon","0.6","8","Iron-fist, Mold-breaker, Scrappy","6","No","Pancham reside in bamboo forests and mountainous areas. They feed on bamboo shoots and berries. Pancham are playful and mischievous, often trying to act tough, but they have a soft spot for their friends."
"Pangoro","675","Fighting","Dark","Daunting Pokémon","2.1","136","Iron-fist, Mold-breaker, Scrappy","6","No","Pangoro dwell in bamboo forests, wandering the mountains. They consume bamboo and other plants. Pangoro are aggressive and protective, acting as guardians of the forests and displaying surprising tenderness towards those they protect."
"Furfrou","676","Normal","","Poodle Pokémon","1.2","28","Fur-coat","6","No","Furfrou are known to be particularly popular in high society, and are quite intelligent.  They have a coat of fur that needs constant trimming in order to stay healthy, and have various forms in which the fur on their head and neck are styled into, called trims. They are native to Kalos, often kept by those of high society who groom their coats into different forms."
"Espurr","677","Psychic","","Restraint Pokémon","0.3","3.5","Keen-eye, Infiltrator, Own-tempo","6","No","Espurr's ecology is characterized by its solitary nature and powerful psychic abilities. Due to its immense psychic power being uncontrollable, it is always under the restraint of its ears. These pokemon often lives alone and can be found hiding in dark corners or abandoned buildings. They possess an intense gaze that can be unsettling to those who meet their eyes. This pokemon's power is so immense that it risks being released unintentionally and as such it always appears to be restraining its anger."
"Meowstic-male","678","Psychic","","Constraint Pokémon","0.6","8.5","Keen-eye, Infiltrator, Prankster","6","No","Meowstic typically lives in pairs, showcasing distinct differences between the male and female. They often inhabit urban and suburban areas.  The males are solitary hunters, emitting waves to cause headaches to any aggressors to protect its territory. They often restrain themselves, disliking others."
"Honedge","679","Steel","Ghost","Sword Pokémon","0.8","2","No-guard","6","No","Honedge is reborn from a soul of a person that once used the sword that it inhabits. Honedge can be found within ancient ruins or battlegrounds. It attaches itself to people and drains the energy from anyone who dares to grasp its hilt. These pokemon typically are found alone and haunt forgotten or abandoned places."
"Doublade","680","Steel","Ghost","Sword Pokémon","0.8","4.5","No-guard","6","No","Doublade live among historical sites. It works in tandem with another Doublade, coordinating attacks to overwhelm opponents with dazzling sword work. Carelessly grabbing both swords is quite dangerous, as both Doublade will swing without a trainer present."
"Aegislash-shield","681","Steel","Ghost","Royal Sword Pokémon","1.7","53","Stance-change","6","No","Aegislash are able to change form in battle due to their Stance Change ability. When Aegislash is ready to attack, its defensive form will switch to an offensive form, and when it anticipates an incoming blow, it changes to its defensive stance. Legends say it once served kings and controlled people and Pokémon to conquer the world. It is very rare to find naturally."
"Spritzee","682","Fairy","","Perfume Pokémon","0.2","0.5","Healer, Aroma-veil","6","No","Spritzee are commonly found near floral habitats due to the fragrances they emits and are also found in human settlements, kept for their delightful scent. Its body emits a unique fragrance that varies based on its diet and environmental factors. In ancient times, noble ladies carried a Spritzee instead of perfume."
"Aromatisse","683","Fairy","","Fragrance Pokémon","0.8","15.5","Healer, Aroma-veil","6","No","Aromatisse are typically found near urban centers, flourishing due to the variety of floral and spice-based ingredients needed to make its perfume. It emits a unique fragrance that it can control, creating different scents for different purposes. Aromatisse emits various different scents that cause anyone who smells them to imagine things, whether that be good things or bad."
"Swirlix","684","Fairy","","Cotton Candy Pokémon","0.4","3.5","Sweet-veil, Unburden","6","No","Swirlix lives in meadows and forests in the Kalos region. This Pokemon loves to eat sweets and is usually very docile.  It emits a sweet, cotton candy-like scent that attracts other Pokemon. Its body is composed almost entirely of sugary substances."
"Slurpuff","685","Fairy","","Meringue Pokémon","0.8","5","Sweet-veil, Unburden","6","No","Slurpuff's senses of smell are highly attuned to different tastes. This pokemon resides near urban areas where sugary ingredients can be obtained. It can distinguish subtle differences in flavor and fragrance. Slurpuff is commonly employed in the confectionery industry, aiding chefs with their impeccable palettes to bake perfect recipes."
"Inkay","686","Dark","Psychic","Revolving Pokémon","0.4","3.5","Contrary, Suction-cups, Infiltrator","6","No","Inkay are known for their bioluminescent spots and are often found in coastal areas of the Kalos region. It is able to control the minds of its foes by flashing the light-emitting spots on its body. When facing a powerful opponent, Inkay blinds it with a burst of light before fleeing."
"Malamar","687","Dark","Psychic","Overturning Pokémon","1.5","47","Contrary, Suction-cups, Infiltrator","6","No","Malamar are able to influence other creatures. Using these psychic powers, it is able to bend others to its own malevolent will. People are compelled to do whatever Malamar wants of them, though they soon forget this as Malamar exits their territory."
"Binacle","688","Rock","Water","Two-Handed Pokémon","0.5","31","Tough-claws, Sniper, Pickpocket","6","No","Binacle live in rocky areas and coastal cliffs and are often attached to large rocks or other surfaces. They often live in pairs. Though generally peaceful, the two Binacle will fight if they do not share the same living space.  When faced against predators, the Binacle will attack at the same time to ward off any attacks. One seeks food for the other."
"Barbaracle","689","Rock","Water","Collective Pokémon","1.3","96","Tough-claws, Sniper, Pickpocket","6","No","Barbaracle colonies inhabit rocky coastlines near the ocean. Each of Barbaracle's limbs acts and thinks independently and they can act of their own accord in battle, yet they work together with surprising coordination. The legs of Barbaracle are capable of moving separately. These pokemon are extremely brutal and are often viewed as dangerous."
"Skrelp","690","Poison","Water","Mock Kelp Pokémon","0.5","7.3","Poison-point, Poison-touch, Adaptability","6","No","Skrelp live in dense kelp forests, camouflaging themselves to ambush unsuspecting prey and are commonly found among seaweed and coral reefs. They filter nutrients from the water, which helps sustain their bodies. Using the water absorbed, it ejects a poisonous liquid. It also uses this spray to paralyze any prey."
"Dragalge","691","Poison","Dragon","Mock Kelp Pokémon","1.8","81.5","Poison-point, Poison-touch, Adaptability","6","No","Dragalge are found in the deep sea, pretending to be seaweed to ambush prey. They are solitary hunters and possess a highly toxic poison that can corrode metal. They are territorial and will fiercely defend their hunting grounds."
"Clauncher","692","Water","","Water Gun Pokémon","0.5","8.3","Mega-launcher","6","No","Clauncher lives near the coast, where it hides among rocks and seaweed. This Pokémon primarily feeds on small aquatic creatures, using its oversized claw to capture and crush its prey. Clauncher are solitary, only grouping during mating season. Its personality is energetic, but can also be easily startled."
"Clawitzer","693","Water","","Howitzer Pokémon","1.3","35.3","Mega-launcher","6","No","Clawitzer habitat is coastal regions with clear water and rocky structures. Solitary hunters, Clawitzer preys on fish, shellfish, and other aquatic animals, using their oversized claw to create sonic blasts. Their common personality traits are bold, territorial, and prefer to remain solitary, except during mating season."
"Helioptile","694","Electric","Normal","Generator Pokémon","0.5","6","Dry-skin, Sand-veil, Solar-power","6","No","Helioptile lives in arid, sunny environments, such as deserts and rocky outcrops. Their diet mainly consists of berries, plant leaves, and small insects. Helioptile often lives in small groups to pool body heat. Helioptile Pokémon are known for being energetic, curious, and often found sunbathing on rocks."
"Heliolisk","695","Electric","Normal","Generator Pokémon","1","21","Dry-skin, Sand-veil, Solar-power","6","No","Heliolisk lives in arid regions, usually around bodies of water. It uses the frills on the sides of its head to generate electricity from sunlight, which it can use to power its own moves. It primarily eats berries, small insects and foliage. These pokemon form small groups. The pokemon has a calm, relaxed demeanor and can get very energized with too much sun exposure."
"Tyrunt","696","Rock","Dragon","Royal Heir Pokémon","0.8","26","Strong-jaw, Sturdy","6","No","Tyrunt once roamed the ancient world, specifically preferring temperate forests and open plains with access to water sources. Their diet consisted mainly of tough plant matter and smaller prehistoric creatures, using their strong jaws to crush bones. These Pokémon likely lived in small family groups, led by an older, more experienced individual. Personality traits would include assertiveness, territoriality, and a tendency to compete for resources."
"Tyrantrum","697","Rock","Dragon","Despot Pokémon","2.5","270","Strong-jaw, Rock-head","6","No","Tyrantrum ruled ancient lands with dominance over its territory. These apex predators roamed forests and plains where it would prey on large and small creatures. These Pokémon were solitary hunters, only gathering to raise young, and displayed aggression, territoriality, and were solitary, only forming loose familial groups."
"Amaura","698","Rock","Ice","Tundra Pokémon","1.3","25.2","Refrigerate, Snow-warning","6","No","Amaura once lived in cold environments, such as tundra and icy plains, but has been revived through fossils in the modern day. It grazes on frozen vegetation, using its ability Refrigerate to freeze the surrounding air and generate a layer of ice. The Pokémon were often found in herds, traveling together to find food and stay warm. Docile, gentle, and are known to be more active during the daytime when the sun is out."
"Aurorus","699","Rock","Ice","Tundra Pokémon","2.7","225","Refrigerate, Snow-warning","6","No","Aurorus inhabited icy regions, surviving on frozen foliage in the tundra. Aurorus often travelled in herds for protection and companionship, communicating using cries. Their temperament is calm, graceful, and they were known to be more active during the daytime when the sun is out."
"Sylveon","700","Fairy","","Intertwining Pokémon","1","23.5","Cute-charm, Pixilate","6","No","Sylveon tends to live in forests and meadows near urban areas, seeking companionship with humans and other Pokémon. Sylveon typically lives in small groups, sometimes forming bonds with humans or other Pokémon species. These Fairy types display friendliness, affection, and they use their ribbon-like feelers to comfort others and display affection."
"Hawlucha","701","Fighting","Flying","Wrestling Pokémon","0.8","21.5","Limber, Unburden, Mold-breaker","6","No","Hawlucha resides in forests and jungles where it can utilize trees to execute aerial attacks and practice its fighting moves. Hawlucha tend to form small communities, engaging in sparring matches to improve their skills and strength. Boastful, energetic, and are known for their showmanship in battle, as well as its honorable nature and will defend its territory. "
"Dedenne","702","Electric","Fairy","Antenna Pokémon","0.2","2.2","Cheek-pouch, Pickup, Plus","6","No","Dedenne resides in forests and meadows where it can easily access electrical outlets. Their diet includes berries, seeds, and the occasional electrical energy drawn from power outlets. It typically lives in small groups to pool body heat and communicate through electric pulses. Friendly, curious, and emits electrical signals that it uses to communicate with other Dedenne."
"Carbink","703","Rock","Fairy","Jewel Pokémon","0.3","5.7","Clear-body, Sturdy","6","No","Carbink are born deep underground where they are formed under intense pressure and heat. Carbink primarily consume minerals and nutrients found in the rock formations of their habitat, sometimes gathering gems. The Pokémon often congregate in small clusters, communicating telepathically to share information. Calm, mysterious, and highly valued for its beauty, as well as its ability to purify gems."
"Goomy","704","Dragon","","Soft Tissue Pokémon","0.3","2.8","Sap-sipper, Hydration, Gooey","6","No","Goomy prefers damp, shady environments. Goomy are often found in swamps, bogs, and areas with high humidity. Goomy eat leaves, decaying plant matter, and berries. Typically a solitary Pokémon."
"Sliggoo","705","Dragon","","Soft Tissue Pokémon","0.8","17.5","Sap-sipper, Hydration, Gooey","6","No","Sliggoo live in damp caves and forests. To remain hidden they blend in to their damp surroundings using their gooey bodies to blend in. They use the horns on their head to smell out prey, they also feed on plant matter."
"Goodra","706","Dragon","","Dragon Pokémon","2","150.5","Sap-sipper, Hydration, Gooey","6","No","Goodra live in forests and swamps, preferring damp environments. They are solitary Pokémon, rarely seen in groups. Their diet consists of fruits, which they gather by extending their horns like arms. Goodra are known to be very friendly and affectionate, often showering their trainers with slimy hugs."
"Klefki","707","Steel","Fairy","Key Ring Pokémon","0.2","3","Prankster, Magician","6","No","Klefki are found in urban areas, especially around buildings with metal doors and gates. They are solitary creatures and are often seen collecting keys, which they dangle from their ring. Klefki are known to be mischievous, using their keys to play pranks on unsuspecting people. They feed on the metal found in keys."
"Phantump","708","Ghost","Grass","Stump Pokémon","0.4","7","Natural-cure, Frisk, Harvest","6","No","Phantump inhabit forests, often lingering near graveyards or abandoned buildings. These Pokémon are born when spirits possess tree stumps, giving them a spectral and eerie presence. Phantump are solitary, with mournful calls. It's said they lure people deeper into the forest, though their intentions are not always malicious. Their diet consists of ambient life force and the minerals from decaying wood."
"Trevenant","709","Ghost","Grass","Elder Tree Pokémon","1.5","71","Natural-cure, Frisk, Harvest","6","No","Trevenant live deep within forests, serving as guardians of the woods. They are solitary creatures and are rarely seen by humans. Trevenant can control trees, using them to create barriers or to ensnare intruders. They are known to be very protective of the forest, punishing those who harm it. They gain sustenance from the forest, absorbing nutrients and energy from the trees around them."
"Pumpkaboo-average","710","Ghost","Grass","Pumpkin Pokémon","0.4","5","Pickup, Frisk, Insomnia","6","No","Pumpkaboo live in haunted houses and spooky forests, often appearing during Halloween. They are solitary Pokémon, sometimes seen in small groups. Pumpkaboo carry around a light, which they use to lure people to them. It's said they bring lost souls to the afterlife, making them important figures in ghost stories. Their diet includes sweet things."
"Gourgeist-average","711","Ghost","Grass","Pumpkin Pokémon","0.9","12.5","Pickup, Frisk, Insomnia","6","No","Gourgeist inhabit haunted houses and spooky forests, often appearing during Halloween. Gourgeist are solitary and territorial. Gourgeist sing cheerfully as they walk through towns on Halloween night. Anyone who hears its song is said to be cursed. Its diet consists of spirits."
"Bergmite","712","Ice","","Ice Chunk Pokémon","1","99.5","Own-tempo, Ice-body, Sturdy","6","No","Bergmite live on icy mountains and in cold caves, often forming groups on icebergs. Bergmite are social and are often seen clinging to each other to stay warm. They are known to be very resilient, able to withstand freezing temperatures. Bergmite prey on small ice-dwelling creatures."
"Avalugg","713","Ice","","Iceberg Pokémon","2","505","Own-tempo, Ice-body, Sturdy","6","No","Avalugg are found in snowy mountains and icy regions, where they create their massive bodies. They are solitary Pokémon. Avalugg are known to be very territorial, attacking anyone who enters their territory. Avalugg feeds on large quantities of ice."
"Noibat","714","Flying","Dragon","Sound Wave Pokémon","0.5","8","Frisk, Infiltrator, Telepathy","6","No","Noibat dwell in dark caves and forests, using their ultrasonic waves to navigate and hunt. They live in colonies within these caves and have a strong social hierarchy. Noibat have a keen sense of smell and seek out fruits and berries. These Pokemon are typically shy, but are fiercely protective of their colony."
"Noivern","715","Flying","Dragon","Sound Wave Pokémon","1.5","85","Frisk, Infiltrator, Telepathy","6","No","Noivern live in dark caves and forests. Noivern are often seen in small groups or pairs, patrolling their territory. Noivern are known to be very aggressive, attacking anyone who threatens their territory. Noivern primarily feed on fruits and berries."
"Xerneas","716","Fairy","","Life Pokémon","3","215","Fairy-aura","6","Yes","Xerneas live in lush forests. Xerneas are solitary and only gather when replenishing the forest's life force. These Pokemon are considered benevolent creatures, sharing their life energy to revitalize plants and heal weakened Pokémon. Its diet is ambient energy and it can also eat plants."
"Yveltal","717","Dark","Flying","Destruction Pokémon","5.8","203","Dark-aura","6","Yes","Yveltal inhabit desolate areas, such as abandoned ruins and desolate landscapes. They are solitary Pokémon. They are aggressive and feared. Yveltal steal the life force of living beings to sustain themselves. They are a danger to the ecosystem around them."
"Zygarde-50","718","Dragon","Ground","Order Pokémon","5","305","Aura-break","6","Yes","Zygarde live in caves and ruins and rarely emerge. Zygarde's 50% Forme travels within its designated territory. Zygarde typically act as protectors of the environment and order. Their diet consists of the nutrients within the Earth's crust."
"Diancie","719","Rock","Fairy","Jewel Pokémon","0.7","8.8","Clear-body","6","Yes","Diancie are rarely seen in the wild. They live in diamond ore veins deep underground and are solitary. Their diet consists of air, which they convert into diamonds."
"Hoopa","720","Psychic","Ghost","Mischief Pokémon","0.5","9","Magician","6","Yes","Hoopa prefers living in confined, isolated areas. Hoopa are known to hoard items. Hoopa are highly mischievous. Hoopa's diet primarily consists of psychic energy. They enjoy playing tricks on unsuspecting individuals, particularly stealing valuable objects and then laughing as they watch people search frantically for their belongings."
"Volcanion","721","Fire","Water","Steam Pokémon","1.7","195","Water-absorb","6","Yes","Volcanion is a solitary Pokémon that dwells in mountainous regions, particularly near hot springs and geothermal vents. It feeds on geothermal energy and minerals found in the earth, converting them into steam. Volcanion has a reserved and stoic personality, often keeping to itself and avoiding contact with humans and other Pokémon unless provoked."
"Rowlet","722","Grass","Flying","Grass Quill Pokémon","0.3","1.5","Overgrow, Long-reach","7","No","Rowlet is a nocturnal Pokémon that roosts in dark, secluded areas such as forests and caves. During the day, it soaks up solar energy through its wings. Its diet consists of berries and small insects. Rowlet is typically solitary and territorial, preferring to be alone but showing aggression to defend its territory."
"Dartrix","723","Grass","Flying","Blade Quill Pokémon","0.7","16","Overgrow, Long-reach","7","No","Dartrix resides in dense forests, blending in with the foliage. Dartrix are known to have a keen interest in their appearance, grooming their feathers meticulously and carrying sharp blades hidden within them. Dartrix tend to be solitary creatures with a prideful personality."
"Decidueye","724","Grass","Ghost","Arrow Quill Pokémon","1.6","36.6","Overgrow, Long-reach","7","No","Decidueye are often found in forests or ruins. They prefer living in solitude but are fiercely protective of their territory. They consume berries and occasionally small bird Pokémon, acting as predators in their ecosystem. Decidueye possesses a mysterious and silent personality, known to strike unseen from the shadows."
"Litten","725","Fire","","Fire Cat Pokémon","0.4","4.3","Blaze, Intimidate","7","No","Litten typically inhabits urban areas and abandoned buildings. They have a diet consisting primarily of small rodents and birds, which they hunt using stealth and agility. Litten are solitary creatures, preferring to live independently, but they may form bonds with humans or other Pokémon."
"Torracat","726","Fire","","Fire Cat Pokémon","0.7","25","Blaze, Intimidate","7","No","Torracat dwells in grassy plains and rocky terrain. They hunt prey by ambushing them from tall grass and rocky outcrops. Torracat are solitary creatures with a fiery temperament. They fiercely defend their territory from intruders, showcasing an aggressive and independent personality."
"Incineroar","727","Fire","Dark","Heel Pokémon","1.8","83","Blaze, Intimidate","7","No","Incineroar dwells in urban and rural areas, where it can access sources of sustenance, like smaller Pokémon. They are carnivorous, feeding on smaller creatures. Incineroar are known for their aggression and showmanship, reveling in combat and demonstrating a flair for the dramatic."
"Popplio","728","Water","","Sea Lion Pokémon","0.4","7.5","Torrent, Liquid-voice","7","No","Popplio lives primarily in coastal waters and open sea. They consume seaweed and small fish. Popplio tend to be playful and gregarious, enjoying interacting with other members of their colony and humans. They are known to be entertainers, using their aquatic acrobatics to captivate audiences."
"Brionne","729","Water","","Pop Star Pokémon","0.6","17.5","Torrent, Liquid-voice","7","No","Brionne live in tropical seas and coral reefs. They hunt for fish and other marine life together. Brionne are often friendly and sociable, thriving in communities and working together to catch food."
"Primarina","730","Water","Fairy","Soloist Pokémon","1.8","44","Torrent, Liquid-voice","7","No","Primarina thrives in tropical and subtropical seas. Primarina lives in groups and sings melodies to charm humans. It feeds on aquatic life."
"Pikipek","731","Normal","Flying","Woodpecker Pokémon","0.3","1.2","Keen-eye, Skill-link, Pickup","7","No","Pikipek is found in forests and woodlands. They excavate nesting cavities in trees, and they can drill holes through trees and other hard surfaces. Pikipek usually gathers in small flocks."
"Trumbeak","732","Normal","Flying","Bugle Beak Pokémon","0.6","14.8","Keen-eye, Skill-link, Pickup","7","No","Trumbeak lives in rainforests and jungle environments. Trumbeak are typically found in small flocks. It communicates with other Trumbeak using over 50 distinct cries."
"Toucannon","733","Normal","Flying","Cannon Pokémon","1.1","26","Keen-eye, Skill-link, Sheer-force","7","No","Toucannon inhabits dense tropical rainforests. It tends to be found in small family groups, which may exhibit a strong sense of community and cooperation when it comes to foraging and protecting themselves."
"Yungoos","734","Normal","","Loitering Pokémon","0.4","6","Stakeout, Strong-jaw, Adaptability","7","No","Yungoos lives in meadows. They can often be seen foraging in groups during the daytime. It primarily feeds on bugs and other small insects."
"Gumshoos","735","Normal","","Stakeout Pokémon","0.7","14.2","Stakeout, Strong-jaw, Adaptability","7","No","Gumshoos inhabits urban and rural environments. This is a diurnal Pokémon. They generally like to wonder around. They also live in families. It feeds on smaller Pokémon."
"Grubbin","736","Bug","","Larva Pokémon","0.4","4.4","Swarm","7","No","Grubbin are commonly found in forests and power plants, where they feed on electricity by latching onto trees and other electrical sources with their mandibles. They are solitary creatures and not aggressive, spending their time consuming electricity for energy, with a calm personality."
"Charjabug","737","Bug","Electric","Battery Pokémon","0.5","10.5","Battery","7","No","Charjabug are found in similar habitats as Grubbin, particularly near power plants and forests, acting as living batteries. They live in groups to provide a consistent source of energy for a Vikavolt that may evolve from one in the group, with a helpful personality."
"Vikavolt","738","Bug","Electric","Stag Beetle Pokémon","1.5","45","Levitate","7","No","Vikavolt are aerial predators commonly found in forests and near power plants. They have a solitary lifestyle, preying on smaller bug Pokémon and other insects, with a very aggressive personality."
"Crabrawler","739","Fighting","","Boxing Pokémon","0.6","7","Hyper-cutter, Iron-fist, Anger-point","7","No","Crabrawler lives near human settlements in urban areas or in beachy environments. They typically live solitary lives.  Their diet consists of berries and seeds and they fight frequently with other Crabrawler over food and territory, leading to a headstrong and stubborn personality."
"Crabominable","740","Fighting","Ice","Woolly Crab Pokémon","1.7","180","Hyper-cutter, Iron-fist, Anger-point","7","No","Crabominable tend to live on Snowy peaks and mountain tops. Their diets consist mostly of plant matter found at high altitude. They are mostly solitary pokemon. They have aggressive and tough personalities, with little regard for safety."
"Oricorio-baile","741","Fire","Flying","Dancing Pokémon","0.6","3.4","Dancer","7","No","Oricorio-baile are most commonly found living in cities, but have also been seen in some grasslands and forests. They are active during the day, and dance erratically.  Oricorio Baile gather energy from flowers and berries.  They live in flocks and are fiercely loyal to their flocks, and they have outgoing and charismatic personalities."
"Cutiefly","742","Bug","Fairy","Bee Fly Pokémon","0.1","0.2","Honey-gather, Shield-dust, Sweet-veil","7","No","Cutiefly habitats are fields and meadows, especially near flowering plants as they need pollen and nectar. They feed by using their long proboscis to gather pollen and nectar from flowers, and are often seen flitting around gardens. Their primary activities include foraging for food and creating nurseries for larva. They are often seen working in large groups."
"Ribombee","743","Bug","Fairy","Bee Fly Pokémon","0.2","0.5","Honey-gather, Shield-dust, Sweet-veil","7","No","Ribombee are found around forests, fields, and meadows near flowering plants, eating Pollen and Nectar from flowers.  Ribombee live together, and create nests for themselves and their larva, they spend their time keeping nests maintained and gathering resources to keep them maintained."
"Rockruff","744","Rock","","Puppy Pokémon","0.5","9.2","Keen-eye, Vital-spirit, Steadfast","7","No","Rockruff live in rough terrain, rocky areas and mountainous regions with steep cliffs and rugged landscapes. Rockruff typically lives in small packs. It feeds on small insects, berries, and other small amounts of foods that can be found in their habitats."
"Lycanroc-midday","745","Rock","","Wolf Pokémon","0.8","25","Keen-eye, Sand-rush, Steadfast","7","No","Lycanroc-midday primarily inhabits rocky mountains. These Pokemon are largely solitary, and are only found around their mate. They feast on smaller Pokemon and scavenge carcasses for nourishment."
"Wishiwashi-solo","746","Water","","Small Fry Pokémon","0.2","0.3","Schooling","7","No","Wishiwashi-solo are commonly found in shallow waters near coral reefs, and live in massive schools, capable of being one large pokemon known as Wishiwashi-school form. Their primary diet consists of small fish and plant matter, they have wary and cautious personalities."
"Mareanie","747","Poison","Water","Brutal Star Pokémon","0.4","8","Merciless, Limber, Regenerator","7","No","Mareanie prefers coastal regions and underwater caves, often found in proximity to Corsola, which it preys upon, their diet consists solely of Corsola and its branches. They live solitary lives, and tend to be independent pokemon, and have vicious and violent personalities."
"Toxapex","748","Poison","Water","Brutal Star Pokémon","0.7","14.5","Merciless, Limber, Regenerator","7","No","Toxapex are found primarily in underwater caves, near coastal regions in proximity to Corsola, hunting for food. Their diet consists entirely of corsola, similar to Mareanie. They are typically solitary and cautious, they exhibit a highly protective attitude towards their territory."
"Mudbray","749","Ground","","Donkey Pokémon","1","110","Own-tempo, Stamina, Inner-focus","7","No","Mudbray are commonly found in grasslands and fields. They are very social, living in groups. Their diet consists of grasses and various grains."
"Mudsdale","750","Ground","","Draft Horse Pokémon","2.5","920","Own-tempo, Stamina, Inner-focus","7","No","Mudsdale are usually found on plains, often farms as their kind nature is helpful. They are docile Pokémon that will carry anything in their place, helping trainers who are carrying cargo. They tend to live solitary lives, only mingling with mudbray."
"Dewpider","751","Water","Bug","Water Bubble Pokémon","0.3","4","Water-bubble, Water-absorb","7","No","Dewpider are commonly found near bodies of fresh water. They create a bubble of water around their head to both protect themselves and to carry water to drier areas. They are solitary creatures, preferring to hunt alone, feeding on small insects and plant matter."
"Araquanid","752","Water","Bug","Water Bubble Pokémon","1.8","82","Water-bubble, Water-absorb","7","No","Araquanid are found near ponds and lakes, preying on unsuspecting Pokémon by drawing them into their water bubble and drowning them.  They are solitary hunters with a fierce temperament, often seen competing with other Araquanid for territory."
"Fomantis","753","Grass","","Sickle Grass Pokémon","0.3","1.5","Leaf-guard, Contrary","7","No","Fomantis are nocturnal Pokémon that spend their days soaking up sunlight.  They live in grassy areas and forests, absorbing nutrients through their leaves.  They are solitary and vulnerable, mimicking plant life for protection and preferring direct sunlight and avoiding movement to maximize energy storage."
"Lurantis","754","Grass","","Bloom Sickle Pokémon","0.9","18.5","Leaf-guard, Contrary","7","No","Lurantis live in grassy fields and forests, using their colorful appearance to attract prey, which consists of smaller Pokémon. They are solitary hunters with a refined demeanor, spending hours maintaining their appearance. They can be fiercely protective of their territory, engaging in battles to defend their resources."
"Morelull","755","Grass","Fairy","Illuminating Pokémon","0.2","1.5","Illuminate, Effect-spore, Rain-dish","7","No","Morelull are found in dark forests, using their glowing spores to communicate with each other. They gather in groups near trees, sharing nutrients. They have a symbiotic relationship with the surrounding plant life, using the forests nutrient supplies to glow which causes other flora to also grow better."
"Shiinotic","756","Grass","Fairy","Illuminating Pokémon","1","11.5","Illuminate, Effect-spore, Rain-dish","7","No","Shiinotic are found in deep forests and use their spores to control and confuse other Pokémon.  They live in small groups, acting as guardians of their territory. These pokemon are a part of local ghost stories told among humans living near these forests. They also have a symbiotic relationship with the surrounding plant life, draining the nutrients from other flora causing surrounding flora to wilt."
"Salandit","757","Poison","Fire","Toxic Lizard Pokémon","0.6","4.8","Corrosion, Oblivious","7","No","Salandit live in volcanic regions and caves, feeding on sulfur and other minerals. They form social hierarchies where the female Salandit is dominant and males must bring her food. They are often seen alone and prefer volcanic rock formations that offer an extra layer of protection and the unique properties from minerals found within that rock."
"Salazzle","758","Poison","Fire","Toxic Lizard Pokémon","1.2","22.2","Corrosion, Oblivious","7","No","Salazzle live in volcanic regions and caves.  They live in a harem of male Salandit who bring them food. As queens they often do not have to work for sustenance and have been found resting and bathing in pools of warm lava."
"Stufful","759","Normal","Fighting","Flailing Pokémon","0.5","6.8","Fluffy, Klutz, Cute-charm","7","No","Stufful live in forests and mountains. They gather food which consists of fruit, but they hate being touched. They can be seen alone, hugging tree trunks, or occasionally traveling in small groups when looking for food."
"Bewear","760","Normal","Fighting","Strong Arm Pokémon","2.1","135","Fluffy, Klutz, Unnerve","7","No","Bewear live in forests and mountains, similar to Stufful.  They feed on Berries, but are immensely strong.  They are solitary creatures that tend to hunt alone. These pokemon have been known to have accidental deadly hugs of friendship toward trainers."
"Bounsweet","761","Grass","","Fruit Pokémon","0.3","3.2","Leaf-guard, Oblivious, Sweet-veil","7","No","Bounsweet are often found in orchards. The sweet scent produced by these pokemon makes them irresistibly tasty. They are solitary creatures that travel the tropics with ease. They are social but tend to run away when they get into danger."
"Steenee","762","Grass","","Fruit Pokémon","0.7","8.2","Leaf-guard, Oblivious, Sweet-veil","7","No","Steenee are found in tropical forests, being social but mischievous in nature. Steenee enjoy playing pranks. When fleeing they also enjoy moving in large groups or numbers."
"Tsareena","763","Grass","","Fruit Pokémon","1.2","21.4","Leaf-guard, Queenly-majesty, Sweet-veil","7","No","Tsareena live in dense jungles and lead groups of Steenee. They punish any Pokemon that intrudes onto its home space. The victors are at times turned to servants.  She acts as a leader with absolute power."
"Comfey","764","Fairy","","Posy Picker Pokémon","0.1","0.3","Flower-veil, Triage, Natural-cure","7","No","Comfey are social Pokémon found on tropical islands. They love to gather flowers and create floral rings which it then gives as presents to its friends and allies."
"Oranguru","765","Normal","Psychic","Sage Pokémon","1.5","76","Inner-focus, Telepathy, Symbiosis","7","No","Oranguru live in forests and mountains, and they are known for their intelligence and wisdom. They prefer to live solitary lives in trees deep within the forest. It is known to take on human-like qualities such as sipping tea."
"Passimian","766","Fighting","","Teamwork Pokémon","2","82.8","Receiver, Defiant","7","No","Passimian live in troops of around 20-30 individuals. They are highly social and cooperate with each other. These Pokémon are known for their exceptional teamwork and leadership abilities, often training rigorously to improve their skills. Passimian have a strict hierarchy and communicate through a complex system of gestures and calls."
"Wimpod","767","Bug","Water","Turn Tail Pokémon","0.5","12","Wimp-out","7","No","Wimpod are solitary creatures that inhabit beaches and rocky coastlines. They are timid and skittish, scurrying away at the slightest sign of danger. Their diet consists of decaying seaweed and other organic matter. Wimpod are not known for their social behavior, preferring to live alone and avoid confrontation."
"Golisopod","768","Bug","Water","Hard Scale Pokémon","2","108","Emergency-exit","7","No","Golisopod are formidable predators that inhabit underwater caves and rocky crevices. They are solitary creatures and fiercely territorial, attacking any intruders that venture into their domain. Their diet consists of fish, crustaceans, and other marine animals. Golisopod are known for their ruthless efficiency and unwavering determination."
"Sandygast","769","Ghost","Ground","Sand Heap Pokémon","0.5","70","Water-compaction, Sand-veil","7","No","Sandygast are born from grudges that have sunk into the sand of the beach. They inhabit beaches and coastlines, where they blend in with the sand. They feed on the life force of other creatures, burying their prey and slowly draining their energy. Sandygast are solitary creatures, often seen as eerie and mysterious."
"Palossand","770","Ghost","Ground","Sand Castle Pokémon","1.3","250","Water-compaction, Sand-veil","7","No","Palossand are large, imposing Pokémon that inhabit beaches and coastal areas. They are territorial and will attack any intruders that come too close to their sandcastle. Palossand can control sand and create powerful whirlpools to ensnare their prey. They feed on the life force of other Pokémon, burying them alive and draining their energy."
"Pyukumuku","771","Water","","Sea Cucumber Pokémon","0.3","1.2","Innards-out, Unaware","7","No","Pyukumuku are solitary creatures that inhabit shallow waters along beaches and coastlines. They are sedentary Pokémon that prefer to remain in one location, feeding on small invertebrates and organic matter. Pyukumuku have a unique defense mechanism, ejecting their internal organs to surprise predators and escape danger. These organs can regenerate later."
"Type-null","772","Normal","","Synthetic Pokémon","1.9","120.5","Battle-armor","7","No","Type-Null were artificially created Pokémon.  They were solitary and lived in a laboratory before running free. It's a largely docile Pokemon."
"Silvally","773","Normal","","Synthetic Pokémon","2.3","100.5","Rks-system","7","Yes","Silvally, after breaking free, lives amongst other Pokémon. The can vary their type due to their unique capabilities. They have a synthetic body, but it's still that of a normal pokemon"
"Minior-red-meteor","774","Rock","Flying","Meteor Pokémon","0.3","40","Shields-down","7","No","Minior typically live in the ozone layer, feeding on any space-born debris. However, it will often fall to earth, in its meteor form and land wherever."
"Komala","775","Normal","","Drowsing Pokémon","0.4","19.9","Comatose","7","No","Komala, due to never being awake, can live basically anywhere.  While Komala appears in a lot of media to be living alone, it's because all their decisions are purely dictated by the log, which leads them to not stick in social groups."
"Turtonator","776","Fire","Dragon","Blast Turtle Pokémon","2","212","Shell-armor","7","No","Turtonator lives in the more secluded volcano areas of their native island. As such, it primarily eats volcanic rocks. They spend almost their whole life alone, only searching for a mate once a year."
"Togedemaru","777","Electric","Steel","Roly-Poly Pokémon","0.3","3.3","Iron-barbs, Lightning-rod, Sturdy","7","No","Togedemaru live across open grassy fields, and mountainous regions. This Pokemon are scavengers, consuming mostly seeds. It likes rolling around, which often causes other Pokemon to become annoyed"
"Mimikyu-disguised","778","Ghost","Fairy","Disguise Pokémon","0.2","0.7","Disguise","7","No","Mimikyu often lives alone, under houses, because of their hatred of the sun. The food for the Pokemon varies, but it primarily relies on getting leftover scrapes."
"Bruxish","779","Water","Psychic","Gnash Teeth Pokémon","0.9","19","Dazzling, Strong-jaw, Wonder-skin","7","No","Bruxish likes to live in shallow ocean areas. The main part of its diet is Shellder, but it will eat whatever swims into its area. Its loud noises act as a signal for where they should claim for territory."
"Drampa","780","Normal","Dragon","Placid Pokémon","3","185","Berserk, Sap-sipper, Cloud-nine","7","No","Drampa spends its time secluded high in the mountains. Since it loves children, it's typically the protector of any Pokemon with kids. They are herbivores, so its typical diet is berries and leaves."
"Dhelmise","781","Ghost","Grass","Sea Creeper Pokémon","3.9","210","Steelworker","7","No","Dhelmise are solitary Pokémon that dwell in shipwrecks and other submerged structures. They are composed of seaweed and the wreckage of ships, which they use to ensnare and sink prey. They are aggressive hunters and fiercely territorial, often attacking any creature that intrudes upon their domain. Their diet primarily consists of seaweed and small aquatic creatures, although they have been known to consume larger prey if the opportunity arises."
"Jangmo-o","782","Dragon","","Scaly Pokémon","0.6","29.7","Bulletproof, Soundproof, Overcoat","7","No","Jangmo-o are solitary Pokémon that live in harsh, mountainous regions. They are highly independent and spend their days training to become stronger. Jangmo-o have a strong sense of honor and are willing to challenge any opponent, regardless of their size or strength. Their diet consists primarily of berries and other plant matter."
"Hakamo-o","783","Dragon","Fighting","Scaly Pokémon","1.2","47","Bulletproof, Soundproof, Overcoat","7","No","Hakamo-o are social Pokémon that live in packs in mountainous regions. They are highly competitive and constantly strive to improve their skills. Hakamo-o use their scales to communicate with one another, often engaging in ritualistic dances to display their strength and skill. Their diet consists primarily of berries, nuts, and small insects."
"Kommo-o","784","Dragon","Fighting","Scaly Pokémon","1.6","78.2","Bulletproof, Soundproof, Overcoat","7","No","Kommo-o are pack-oriented Pokémon that lead other Jangmo-o and Hakamo-o in training. They are very strong and honorable, and are dedicated to protecting their community and territory. Kommo-o typically live in caves located high in mountainous regions and spend their days training in martial arts. Their diet consists of berries, nuts, insects, and the occasional small mammal."
"Tapu-koko","785","Electric","Fairy","Land Spirit Pokémon","1.8","20.5","Electric-surge, Telepathy","7","Yes","Tapu Koko is the guardian deity of Melemele Island. It's a solitary Pokémon with a capricious personality, known to appear suddenly and disappear just as quickly. It's highly protective of its island and is known to deliver fierce electric shocks to anyone it deems a threat. Tapu Koko is a curious Pokémon known to observe others and is a powerful electric-type. Its diet is unknown but can be inferred to be carnivorous."
"Tapu-lele","786","Psychic","Fairy","Land Spirit Pokémon","1.2","18.6","Psychic-surge, Telepathy","7","Yes","Tapu Lele is the guardian deity of Akala Island. It's a benevolent and playful Pokémon that spreads scales that stimulate the body and heal injuries. However, it can be cruel, scattering its scales without regard for the recipient's well-being. Tapu Lele has a cheerful demeanor and is fueled by the energy of those around it. Its diet is unknown."
"Tapu-bulu","787","Grass","Fairy","Land Spirit Pokémon","1.9","45.5","Grassy-surge, Telepathy","7","Yes","Tapu Bulu is the guardian deity of Ula'ula Island. It is a laid-back and slow-moving Pokémon, but it possesses immense power. It dislikes unnecessary conflict and tends to seclude itself in forests, where it protects the local plant life and keeps other Pokémon in check. Tapu Bulu's diet mainly consists of plant matter."
"Tapu-fini","788","Water","Fairy","Land Spirit Pokémon","1.3","21.2","Misty-surge, Telepathy","7","Yes","Tapu Fini is the guardian deity of Poni Island. It's known to be reclusive, preferring to spend its time in solitude near bodies of water. It has the power to create special water that can purify those who are touched by it. Tapu Fini despises those who do wrong and does not hesitate to unleash its wrath. The exacts of its diet are currently unknown."
"Cosmog","789","Psychic","","Nebula Pokémon","0.2","0.1","Unaware","7","Yes","Cosmog are incredibly rare Pokémon that float in the air like dust. They are gentle and innocent Pokémon that absorb light to grow. Their diet and exact habitat are unknown."
"Cosmoem","790","Psychic","","Protostar Pokémon","0.1","999.9","Sturdy","7","Yes","Cosmoem is an extremely rare Pokémon encased in a solid, unmoving shell. It absorbs vast quantities of light and dust.  It remains completely still and nearly impossible to move. Their diet and exact habitat are unknown."
"Solgaleo","791","Psychic","Steel","Sunne Pokémon","3.4","230","Full-metal-body","7","Yes","Solgaleo is said to live in another world and is known to be a Pokémon that controls solar energy. It is associated with the sun and embodies its power. It is a noble Pokémon that radiates light and warmth, and is protective of its companions. Its diet is currently unknown."
"Lunala","792","Psychic","Ghost","Moone Pokémon","4","120","Shadow-shield","7","Yes","Lunala is said to live in another world and is known to be a Pokémon that controls lunar energy. It is associated with the moon and embodies its mysterious nature. It is a gentle Pokémon that is said to guide lost souls and can create wormholes through which it travels. Its diet is currently unknown."
"Nihilego","793","Rock","Poison","Parasite Pokémon","1.2","55.5","Beast-boost","7","No","Nihilego is an Ultra Beast that behaves like a parasite, latching onto hosts and stimulating their abilities while sapping their will. They are often found near areas where Ultra Wormholes open, though their natural habitat is unknown. Their diet isn't defined; however, they appear to require the energy and compounds provided by other lifeforms."
"Buzzwole","794","Bug","Fighting","Swollen Pokémon","2.4","333.6","Beast-boost","7","No","Buzzwole is an Ultra Beast known for its massive, muscular body. It is an extremely aggressive Pokemon that shows off its muscles, considered a threat to anything and everything. Buzzwole is speculated to obtain nutrients from the consumption of organic materials. Its natural habitat isn't specified, but it is thought to have been transported through Ultra Wormholes."
"Pheromosa","795","Bug","Fighting","Lissome Pokémon","1.8","25","Beast-boost","7","No","Pheromosa is an Ultra Beast known for its incredible speed and beauty. It is incredibly agile and repelled by filth of any sort. It is considered a threat to anything and everything due to its wild tendencies and habits. Phermosa's origin and natural habitat are also unknown, but its diet is currently unknown."
"Xurkitree","796","Electric","","Glowing Pokémon","3.8","100","Beast-boost","7","No","Xurkitree are commonly found in power plants and areas with high electrical activity. They sustain themselves by absorbing electricity from their surroundings, often overloading power grids and causing blackouts. They are solitary creatures and do not exhibit complex social behaviors.  Their personality is often described as erratic and unpredictable."
"Celesteela","797","Steel","Flying","Launch Pokémon","9.2","999.9","Beast-boost","7","No","Celesteela inhabit forests near sources of geothermal energy, using the heat to aid in their growth.  They feed on minerals absorbed from the soil through their root-like structures. They are solitary Pokémon. Celesteela are generally calm but will fiercely defend their territory."
"Kartana","798","Grass","Steel","Drawn Sword Pokémon","0.3","0.1","Beast-boost","7","No","Kartana are found in bamboo forests and similar habitats, feeding on plant matter. They are solitary hunters, slicing through foliage with their sharp bodies to find prey. They are generally considered to be aloof and emotionless."
"Guzzlord","799","Dark","Dragon","Junkivore Pokémon","5.5","888","Beast-boost","7","No","Guzzlord are found in desolate, trash-filled environments.  They consume anything and everything, including garbage, toxic waste, and even entire buildings, with seemingly no ill effects. They are solitary creatures and highly territorial, and they have voracious appetites and aggressive demeanors."
"Necrozma","800","Psychic","","Prism Pokémon","2.4","230","Prism-armor","7","Yes","Necrozma once lived among humans as an ally in the ancient times. While their natural habitats vary between dimensions, they all now have an almost endless thirst for light.  It behaves in an agonized manner, as if eternally in pain."
"Magearna","801","Steel","Fairy","Artificial Pokémon","1","80.5","Soul-heart","7","Yes","Magearna live among civilized communities in quiet, serene areas.  They consume energy from the atmosphere and from the happiness of others. They are solitary but happily engage with people in need. They are known for their compassionate and caring personalities."
"Marshadow","802","Fighting","Ghost","Gloomdweller Pokémon","0.7","22.2","Technician","7","Yes","Marshadow reside in the shadows of strong trainers. They consume the life-force of the trainer. Marshadow lurks in darkness, copying the movements and powers of others. When the time is right it unleashes its explosive might. Marshadow can be described as reclusive."
"Poipole","803","Poison","","Poison Pin Pokémon","0.6","1.8","Beast-boost","7","No","Poipole inhabit other dimensions but can travel through Ultra Wormholes to our world. They prefer barren environments and consume unknown substances. Poipole often live together in large colonies. Poipole is known for its playful and curious nature, often spraying trainers with a strange fluid."
"Naganadel","804","Poison","Dragon","Poison Pin Pokémon","3.6","150","Beast-boost","7","No","Naganadel are native to Ultra Space, where they live in colonies ruled by a Queen. These colonies connect to other world using Ultra Wormholes, and usually reside around these openings. Naganadel are known to secrete poisonous fluid from the large needle on its abdomen. This fluid is known to be able to cripple those exposed to it. Naganadel has a very caring personality, and is loyal to it's colony."
"Stakataka","805","Rock","Steel","Rampart Pokémon","5.5","820","Beast-boost","7","No","Stakataka inhabit rocky terrains and ancient ruins.  They primarily consume minerals from the environment, maintaining their structure. Stakataka live in groups. They have stoic and fortress-like personalities."
"Blacephalon","806","Fire","Ghost","Fireworks Pokémon","1.8","13","Beast-boost","7","No","Blacephalon are found in environments with celebrations and performances, using this chance to surprise and confuse targets. They are predators and feed on the life-force of surprised organisms, especially those startled by their explosive attacks. They are solitary and exhibit erratic, clownish behaviors."
"Zeraora","807","Electric","","Thunderclap Pokémon","1.5","44.5","Volt-absorb","7","Yes","Zeraora lives in dense forests and mountainous regions, using electricity to enhance its speed and agility.  It sustains itself by absorbing electricity from thunderstorms, often seeking out areas with frequent lightning strikes. Zeraora live solitary lives. They exhibit wild and untamed personalities."
"Meltan","808","Steel","","Hex Nut Pokémon","0.2","8","Magnet-pull","7","Yes","Meltan appear in areas where metal and energy converge, consuming rust and metallic byproducts. They are thought to reproduce asexually by attaching to larger metal objects and absorbing metal. It lives in packs."
"Melmetal","809","Steel","","Hex Nut Pokémon","2.5","800","Iron-fist","7","Yes","Melmetal appears near power plants and areas with metal ore to consume rust. It gathers other Meltan to create a larger community in an attempt to become bigger. Its personality is similar to a friendly guardian."
"Grookey","810","Grass","","Chimp Pokémon","0.3","5","Overgrow, Grassy-surge","8","No","Grookey lives in packs near dense forested areas. They have a generally docile personality and enjoy causing mischief."
"Thwackey","811","Grass","","Beat Pokémon","0.7","14","Overgrow, Grassy-surge","8","No","Thwackey are known for their energetic and playful nature. They reside in dense forests, often drumming rhythmically on trees to communicate with one another and mark their territory. They primarily feed on berries and nuts, enjoying the lush vegetation of their habitat. They live in groups. These Pokémon can become easily frustrated if their rhythm is disrupted."
"Rillaboom","812","Grass","","Drummer Pokémon","2.1","90","Overgrow, Grassy-surge","8","No","Rillaboom live in forests and are known to be very territorial. They eat fruit and plant material. They live in groups and create drumming circles in forests, and maintain the order.  It is extremely protective of its allies, and the sounds of its drumming can trigger a primal instinct that makes its allies want to fight."
"Scorbunny","813","Fire","","Rabbit Pokémon","0.3","4.5","Blaze, Libero","8","No","Scorbunny's natural habitat is grassy plains and fields. They are active and energetic, spending their days honing their powerful kicks and practicing fire-based attacks. They primarily feed on berries and other vegetation.  Scorbunny tend to live alone. They are known for being hot-blooded and reckless."
"Raboot","814","Fire","","Rabbit Pokémon","0.6","9","Blaze, Libero","8","No","Raboot live in warmer regions and are often seen near volcanic areas. They use their fire-based attacks to heat themselves and their surroundings. They tend to be solitary.  It's behavior is believed to be influenced by a special hormone that it generates. This species demonstrates a rebellious nature."
"Cinderace","815","Fire","","Striker Pokémon","1.4","33","Blaze, Libero","8","No","Cinderace live in plains and fields, but will take shelter in urban locations during cold or wet weather. They can be found in groups or on their own. They have exceptional athleticism, allowing them to deliver powerful kicks and use fire-based moves with grace and precision. They primarily feed on vegetation."
"Sobble","816","Water","","Water Lizard Pokémon","0.3","4","Torrent, Sniper","8","No","Sobble live near bodies of water and in wetlands. They are timid creatures and when threatened, will turn invisible by camouflaging in the water around them. When scared, it will shed tears that have the effect of 100 onions. They are primarily solitary Pokémon that like to spend the majority of the day hidden underwater."
"Drizzile","817","Water","","Water Lizard Pokémon","0.7","11.5","Torrent, Sniper","8","No","Drizzile inhabit damp forests and caves. Drizzile are solitary creatures known for their melancholic nature and introverted personalities. It uses its stealth and intelligence to protect itself and its territory from threats, often hiding and observing from the shadows."
"Inteleon","818","Water","","Secret Agent Pokémon","1.9","45.2","Torrent, Sniper","8","No","Inteleon habitat lies within rocky outcrops by bodies of water and wetlands.  They are exceptionally intelligent and are skilled strategists, using their environment and their natural abilities to their advantage in battles.  Inteleon tend to live in solitude. This Pokemon is the most intellegent Pokemon in the Galar region."
"Skwovet","819","Normal","","Cheeky Pokémon","0.3","2.5","Cheek-pouch, Gluttony","8","No","Skwovet can be found wherever food can be found. As such, they thrive in urban, as well as forest, environments.  They carry berries and other food items in their cheek pouches. Skwovet live alone and can be found eating nuts, berries, and seeds."
"Greedent","820","Normal","","Greedy Pokémon","0.6","6","Cheek-pouch, Gluttony","8","No","Greedent are native to the Galar region and live wherever food can be found. They love to hoard food. They live alone and defend the stashes. They eat nuts and berries."
"Rookidee","821","Flying","","Tiny Bird Pokémon","0.2","1.8","Keen-eye, Unnerve, Big-pecks","8","No","Rookidee can be found in forests and cities, demonstrating adaptability to diverse environments.  These Pokemon like to prove their courage. Rookidee tend to live in flocks where they eat small bug Pokemon."
"Corvisquire","822","Flying","","Raven Pokémon","0.8","16","Keen-eye, Unnerve, Big-pecks","8","No","Corvisquire are found in a range of habitats, including cities and forests.  They are intelligent Pokémon, but also known to be somewhat vain, often preening their feathers. Corvisquire often live in small groups that feast on the deceased."
"Corviknight","823","Flying","Steel","Raven Pokémon","2.2","75","Pressure, Unnerve, Mirror-armor","8","No","Corviknight lives mostly in highly urbanised environments in Galar and operate a Flying Taxi service for people and Pokemon who can't fly for themselves. These raven Pokemon have steel armor, making it the most powerful flying type Pokemon. These birds tend to live in flocks that feed on smaller Pokemon."
"Blipbug","824","Bug","","Larva Pokémon","0.4","8","Swarm, Compound-eyes, Telepathy","8","No","Blipbug is a very weak Pokémon. These tiny Bug types hide in foliage in meadows. When danger is near, it hides by remaining motionless."
"Dottler","825","Bug","Psychic","Radome Pokémon","0.4","19.5","Swarm, Compound-eyes, Telepathy","8","No","Dottler typically live in forests. When evolving from Blipbug it stops moving to keep energy to evolve and only uses psychic abilities. To use its psychic abilities it covers its body with moss to prevent detection."
"Orbeetle","826","Bug","Psychic","Seven Spot Pokémon","0.4","40.8","Swarm, Frisk, Telepathy","8","No","Orbeetle is commonly found in forests and plains. It is a herbivore, feeding on various plants and flowers. It is a social Pokémon, living in colonies with a hive mind. Orbeetle are known for being intelligent and strategic."
"Nickit","827","Dark","","Fox Pokémon","0.6","8.9","Run-away, Unburden, Stakeout","8","No","Nickit typically inhabits urban areas. Its diet consists of anything it can scavenge, being an omnivore. It is commonly found solitary. They are cunning and sneaky."
"Thievul","828","Dark","","Fox Pokémon","1.2","19.9","Run-away, Unburden, Stakeout","8","No","Thievul are nocturnal and inhabit urban and forest environments. They are opportunistic omnivores, eating both plants and small animals. It is commonly found solitary. Thievul are known to be crafty and manipulative."
"Gossifleur","829","Grass","","Flowering Pokémon","0.4","2.2","Cotton-down, Regenerator, Effect-spore","8","No","Gossifleur is usually found in grassy fields and meadows. It is a herbivore and consumes nectar and pollen from flowers. It lives solitarily. Gossifleur are gentle and prefer to avoid conflict."
"Eldegoss","830","Grass","","Cotton Bloom Pokémon","0.5","2.5","Cotton-down, Regenerator, Effect-spore","8","No","Eldegoss prefers to live in grassy areas and meadows. This Pokémon feeds on sunlight and nutrients in the air through its cotton-like spores, making it a unique type of herbivore. They tend to live in small groups for protection. They are gentle and kind."
"Wooloo","831","Normal","","Sheep Pokémon","0.6","6","Fluffy, Run-away, Bulletproof","8","No","Wooloo are commonly found on farms and in pastures. This Pokémon is a herbivore and grazes on grass and other vegetation. They are social, living in flocks with a close-knit social structure. Wooloo are known to be gentle and docile, often getting scared easily."
"Dubwool","832","Normal","","Sheep Pokémon","1.3","43","Fluffy, Steadfast, Bulletproof","8","No","Dubwool are typically found in mountainous and hilly regions. They are herbivores that feed on grass and hardy plants. They live in herds. Dubwool are calm and dependable. They are protective of their Wooloo."
"Chewtle","833","Water","","Snapping Pokémon","0.3","8.5","Strong-jaw, Shell-armor, Swift-swim","8","No","Chewtle can be found in rivers and lakes. This Pokémon is an omnivore, feeding on both aquatic plants and small fish. Solitary Pokémon. Chewtle are known to be playful and curious, but they can also be stubborn."
"Drednaw","834","Water","Rock","Bite Pokémon","1","115.5","Strong-jaw, Shell-armor, Swift-swim","8","No","Drednaw resides in rivers, lakes, and coastal areas. Drednaw is an omnivore, preying on fish, smaller Pokémon, and aquatic vegetation. Typically solitary Pokémon. Drednaw is aggressive and territorial."
"Yamper","835","Electric","","Puppy Pokémon","0.3","13.5","Ball-fetch, Rattled","8","No","Yamper is often found on farms and in grasslands. It is an omnivore. Yamper lives in packs. Yamper are known for being energetic and friendly."
"Boltund","836","Electric","","Dog Pokémon","1","34","Strong-jaw, Competitive","8","No","Boltund is commonly found in plains and open fields. It is an omnivore. Boltund typically roams with a pack of Yamper. Boltund are known for being loyal and protective of their trainer."
"Rolycoly","837","Rock","","Coal Pokémon","0.3","12","Steam-engine, Heatproof, Flash-fire","8","No","Rolycoly is often found in coal mines and caves. They consume coal as their primary food source, and are usually found solitary. Rolycoly are often shy and curious. They can also be easily startled."
"Carkol","838","Rock","Fire","Coal Pokémon","1.1","78","Steam-engine, Flame-body, Flash-fire","8","No","Carkol resides in mines and underground tunnels. This Pokémon is an herbivore. Carkol usually live solitary. Carkol are gentle giants that act as protectors."
"Coalossal","839","Rock","Fire","Coal Pokémon","2.8","310.5","Steam-engine, Flame-body, Flash-fire","8","No","Coalossal lives near coal mines and volcanoes. Coalossal is an herbivore. They are mostly solitary and do not interact with others. They are usually described as protective of their young and other smaller pokemon."
"Applin","840","Grass","Dragon","Apple Core Pokémon","0.2","0.5","Ripen, Gluttony, Bulletproof","8","No","Applin is often found in apple orchards and forests. Applin is a herbivore, eating the insides of apples. They are usually solitary. Applin are gentle creatures. They avoid conflict."
"Flapple","841","Grass","Dragon","Apple Wing Pokémon","0.3","1","Ripen, Gluttony, Hustle","8","No","Flapple inhabits orchards and meadows, where it feeds on apples. It is solitary, often hiding in apple trees and ambushing unsuspecting prey with its sticky saliva."
"Appletun","842","Grass","Dragon","Apple Nectar Pokémon","0.4","13","Ripen, Gluttony, Thick-fat","8","No","Appletun is found in orchards and grassy plains, where it grazes on sweet apples. It is a social creature, often found in small herds. Appletun are gentle and docile, often sharing their apples with other Pokémon."
"Silicobra","843","Ground","","Sand Snake Pokémon","2.2","7.6","Sand-spit, Shed-skin, Sand-veil","8","No","Silicobra lives in arid deserts, burrowing under the sand to stay cool and ambush prey. It is a solitary creature, fiercely protective of its territory. It primarily consumes small rodents and insects."
"Sandaconda","844","Ground","","Sand Snake Pokémon","3.8","65.5","Sand-spit, Shed-skin, Sand-veil","8","No","Sandaconda dwells in harsh desert environments, creating massive sand tombs to trap prey. It is generally solitary, but may gather in groups during breeding season. Sandaconda consume larger prey such as desert-dwelling Pokémon and small mammals."
"Cramorant","845","Flying","Water","Gulp Pokémon","0.8","18","Gulp-missile","8","No","Cramorant frequents coastal areas and bodies of water, diving underwater to catch fish. It is a social Pokémon, often seen in flocks. Cramorant possesses a unique hunting method where it regurgitates its caught prey."
"Arrokuda","846","Water","","Rush Pokémon","0.5","1","Swift-swim, Propeller-tail","8","No","Arrokuda lives in fast-flowing rivers and streams, using its streamlined body to dart after prey. It is a solitary hunter, preying on smaller fish and aquatic insects. Arrokuda is known for its incredible speed and agility in the water."
"Barraskewda","847","Water","","Skewer Pokémon","1.3","30","Swift-swim, Propeller-tail","8","No","Barraskewda inhabits deep waters, preying on fish. This pokemon is solitary"
"Toxel","848","Electric","Poison","Baby Pokémon","0.4","11","Rattled, Static, Klutz","8","No","Toxel is a mischievous Pokemon living in nurseries and urban environments. Toxel lives alone, and has an electric/poisonous biology."
"Toxtricity-amped","849","Electric","Poison","Punk Pokémon","1.6","40","Punk-rock, Plus, Technician","8","No","Toxtricity live in human settlements and punk shows. These energetic Pokemon love being surrounded by noise and people"
"Sizzlipede","850","Fire","Bug","Radiator Pokémon","0.7","1","Flash-fire, White-smoke, Flame-body","8","No","Sizzlipede lives under houses, because they are dark, warm and moist. These territorial pokemon are solitary creatures, and can be a huge hazard around wooden houses"
"Centiskorch","851","Fire","Bug","Radiator Pokémon","3","120","Flash-fire, White-smoke, Flame-body","8","No","Centiskorch make their nests near active volcanoes and hot springs. They are aggressive and protective of their territory, solitary animals"
"Clobbopus","852","Fighting","","Tantrum Pokémon","0.6","4","Limber, Technician","8","No","Clobbopus inhabit rocky coastlines and tidal pools. These pokemon love showing off how they can tangle things"
"Grapploct","853","Fighting","","Jujitsu Pokémon","1.6","39","Limber, Technician","8","No","Grapploct lives in deep oceans. This pokemon has the instinct of a martial artist, using every part of its body in combat."
"Sinistea","854","Ghost","","Black Tea Pokémon","0.1","0.2","Weak-armor, Cursed-body","8","No","Sinistea are found in old ruins and abandoned houses, infesting teacups with their ghostly essence. This pokemon doesn't form any group because they need to keep moving if they want to survive"
"Polteageist","855","Ghost","","Black Tea Pokémon","0.2","0.4","Weak-armor, Cursed-body","8","No","Polteageist inhabit old ruins and abandoned buildings, seeking out suitable teapots to reside in. They are mischievous and solitary."
"Hatenna","856","Psychic","","Calm Pokémon","0.4","3.4","Healer, Anticipation, Magic-bounce","8","No","Hatenna are solitary Pokémon that inhabit forests and meadows. They have a strong aversion to strong emotions, especially anger and excitement, which they sense with the horn on their head. When they sense these emotions, they will flee to a quieter location. They are herbivores, feeding on berries and flowers."
"Hattrem","857","Psychic","","Serene Pokémon","0.6","4.8","Healer, Anticipation, Magic-bounce","8","No","Hattrem are solitary Pokémon that are found in quiet, wooded areas, away from areas with strong emotional outbursts. It is primarily nocturnal, spending the day resting in caves or hollow trees. Hattrem dislikes strong emotions and will silence those creating the disturbance by slamming them on the head. Hattrem is carnivorous and will feed on small insects and arachnids that they catch in the surrounding area. "
"Hatterene","858","Psychic","Fairy","Silent Pokémon","2.1","5.1","Healer, Anticipation, Magic-bounce","8","No","Hatterene are solitary Pokémon that are found in secluded areas. They are very sensitive to strong emotions, and will attack anyone who disrupts their peace. Hatterene lives deep within forests, though can also be found near ancient ruins, drawing energy from residual magical traces and keeping away from modern society. Hatterene will remain still for long periods of time and feed on weak electrical waves."
"Impidimp","859","Dark","Fairy","Wily Pokémon","0.4","5.5","Prankster, Frisk, Pickpocket","8","No","Impidimp live in forests and caves, and are primarily nocturnal, preferring to hide in shadows during the day. They are mischievous and enjoy playing pranks on humans and other Pokémon. Impidimp are omnivorous, eating berries, nuts, and occasionally stealing food from people. They have a habit of latching onto larger Pokémon to hitchhike, often causing trouble for their unwitting hosts."
"Morgrem","860","Dark","Fairy","Devious Pokémon","0.8","12.5","Prankster, Frisk, Pickpocket","8","No","Morgrem are nocturnal Pokémon that inhabit dark forests and caves, acting as tricksters and scavengers. Morgrem are highly social, forming small gangs that cooperate to find food and cause mischief. They use their sharp claws to steal from others. They have an omnivorous diet consisting of berries, nuts, and occasionally meat scavenged from other Pokémon's kills."
"Grimmsnarl","861","Dark","Fairy","Bulk Up Pokémon","1.5","61","Prankster, Frisk, Pickpocket","8","No","Grimmsnarl are found in forests, typically at night. They are aggressive and territorial, often attacking anything that enters their domain. They are skilled at manipulating their hair to ensnare and restrain opponents. Grimmsnarl are primarily carnivorous, hunting smaller Pokémon, and known to cause trouble to any intruders in their territory."
"Obstagoon","862","Dark","Normal","Blocking Pokémon","1.6","46","Reckless, Guts, Defiant","8","No","Obstagoon live in groups, often forming gangs. These Pokémon are commonly found in urban areas and forests, acting as protectors for Zigzagoon and Linoone. They are highly territorial and will defend their turf fiercely. Obstagoon are omnivorous and hunt cooperatively in order to catch their prey. They are known for their signature defensive posture, where they cross their arms and taunt opponents, before striking with powerful blows."
"Perrserker","863","Steel","","Viking Pokémon","0.8","28","Battle-armor, Tough-claws, Steely-spirit","8","No","Perrserker are typically found in coastal regions. These social Pokémon live in groups. They are fiercely territorial and will attack anyone who approaches their territory. Perrserker primarily feed on shellfish and other aquatic creatures, using their metallic claws to crush the shells. They will often be found raiding fishing boats."
"Cursola","864","Ghost","","Coral Pokémon","1","0.4","Weak-armor, Perish-body","8","No","Cursola are typically found near polluted ocean waters, particularly around coral reefs that have been bleached due to environmental damage. Cursola are solitary Pokémon that are constantly suffering, due to being remnants of shattered coral that once lived in the sea. They absorb moonlight to maintain their spectral form, but are weakened by strong sunlight."
"Sirfetchd","865","Fighting","","Wild Duck Pokémon","0.8","117","Steadfast, Scrappy","8","No","Sirfetch'd lives in grassy plains and wetlands. Sirfetch'd are honorable and chivalrous fighters, fiercely protecting their leek stalk, which they use as both a weapon and a source of food. They are solitary Pokémon that live alongside other Farfetch'd until they have trained long enough, when they then evolve. Sirfetch'd's diet consists of seeds, berries, and small insects."
"Mr-rime","866","Ice","Psychic","Comedian Pokémon","1.5","58.2","Tangled-feet, Screen-cleaner, Ice-body","8","No","Mr. Rime inhabit snowy environments. They are known for their sophisticated dance-like movements. Mr. Rime are social and tend to live in groups. They communicate with each other using rhythmic steps and gestures, and they enjoy performing on ice. The ecology of Mr. Rime involves a mixed diet of berries, seeds, and nuts gathered from the surrounding environment."
"Runerigus","867","Ground","Ghost","Grudge Pokémon","1.6","66.6","Wandering-spirit","8","No","Runerigus can be found haunting ancient ruins and desolate landscapes. These Pokémon are created when a Yamask bonds with a cursed stone tablet. Runerigus are territorial and will attack anyone who disturbs their territory. They are said to feed on the energy of those who touch the cursed tablet. Their diet is unknown, though believed to be spiritual energy."
"Milcery","868","Fairy","","Cream Pokémon","0.2","0.3","Sweet-veil, Aroma-veil","8","No","Milcery primarily live in pastures, meadows, and farms, coexisting harmoniously with humans and other Pokémon. They are attracted to sweet smells and are often found near bakeries and patisseries, where they enjoy consuming spilled sweets. Milcery are docile and gentle creatures and are easily cared for."
"Alcremie","869","Fairy","","Cream Pokémon","0.3","0.5","Sweet-veil, Aroma-veil","8","No","Alcremie primarily live in pastures, meadows, and farms, coexisting harmoniously with humans and other Pokémon. They are attracted to sweet smells and are often found near bakeries and patisseries, where they feed upon sweets and any available treats. Alcremie are gentle creatures who happily share their sweetness with others."
"Falinks","870","Fighting","","Formation Pokémon","3","62","Battle-armor, Defiant","8","No","Falinks live in mountainous regions. These Pokémon live and operate as a single unit, exhibiting coordinated movements. They are territorial and fiercely protect their territory, acting as a large group. Falinks have an omnivorous diet that mainly consists of berries and smaller Pokémon. They hunt in packs and their teamwork allows them to take on larger threats. "
"Pincurchin","871","Electric","","Sea Urchin Pokémon","0.3","1","Lightning-rod, Electric-surge","8","No","Pincurchin typically live in groups along the ocean floor, camouflaged amongst seaweed and rocks. They feed on algae and small invertebrates. They are solitary and territorial, defending their patch of the seafloor with their electrically charged spines. Their personality is generally cautious and defensive."
"Snom","872","Ice","Bug","Worm Pokémon","0.3","3.8","Shield-dust, Ice-scales","8","No","Snom live in cold, snowy environments, often found clinging to trees or hiding under large leaves for warmth. They feed on snow and ice. They are solitary creatures and have a shy personality, often curling up into a ball when threatened."
"Frosmoth","873","Ice","Bug","Frost Moth Pokémon","1.3","42","Shield-dust, Ice-scales","8","No","Frosmoth are found in cold, mountainous regions, typically near glaciers or snowy peaks. They feed on the energy from moonlight and starlight. They are solitary Pokémon, fluttering gracefully through the night sky. Frosmoth have a calm and serene demeanor."
"Stonjourner","874","Rock","","Big Rock Pokémon","2.5","520","Power-spot","8","No","Stonjourner are found in arid, rocky terrains, often standing in groups resembling ancient stone circles. They feed on minerals and solar energy. These Pokémon are social, often seen standing together in silent contemplation. Stonjourner are known for their stoic and patient nature."
"Eiscue-ice","875","Ice","","Penguin Pokémon","1.4","89","Ice-face","8","No","Eiscue-ice live in icy environments, typically found near the coastline. Their ice face protects them from the cold and allows them to survive in harsh conditions. They feed on fish and other marine life. They are often found alone. Eiscue-ice is often carefree and playful."
"Indeedee-male","876","Psychic","Normal","Emotion Pokémon","0.9","28","Inner-focus, Synchronize, Psychic-surge","8","No","Indeedee-male typically reside in urban or suburban settings, where they serve as assistants and companions to humans. They feed on psychic energy emitted by people and Pokémon. Indeedee-male form small social groups. Their personality is loyal and diligent, always striving to meet the needs of their companions."
"Morpeko-full-belly","877","Electric","Dark","Two-Sided Pokémon","0.3","3","Hunger-switch","8","No","Morpeko-full-belly lives in forests and caves, constantly searching for food to satisfy its enormous appetite. It feeds on berries and seeds, storing them in its cheek pouches. It has a solitary nature, frantically scavenging for resources. Morpeko-full-belly has an erratic personality, alternating between joy and desperation."
"Cufant","878","Steel","","Copperderm Pokémon","1.2","100","Sheer-force, Heavy-metal","8","No","Cufant live in mountainous regions, often near mines or industrial areas where they assist with heavy lifting. They feed on metal ores, which strengthen their bodies. Cufant form small herds, working together to transport materials. Their personality is diligent and hardworking, always eager to lend a helping trunk."
"Copperajah","879","Steel","","Copperderm Pokémon","3","650","Sheer-force, Heavy-metal","8","No","Copperajah inhabit mountainous and industrial regions. They are used for heavy lifting and construction. They eat metal ore to strengthen their bodies. They are social creatures. Copperajah are known for their strength and endurance."
"Dracozolt","880","Electric","Dragon","Fossil Pokémon","1.8","190","Volt-absorb, Hustle, Sand-rush","8","No","Dracozolt is an extinct Pokémon, resurrected from fossilized remains. It likely inhabited open plains and grasslands. Its diet consisted of plants and small animals, but it may have struggled to adapt to its environment. Dracozolt is thought to have been a solitary Pokémon. Its personality may have been confused and disoriented due to its resurrection."
"Arctozolt","881","Electric","Ice","Fossil Pokémon","2.3","150","Volt-absorb, Static, Slush-rush","8","No","Arctozolt is an extinct Pokémon, resurrected from fossilized remains. It likely inhabited icy regions. Its diet consisted of fish and aquatic creatures, but it was not well-suited for swimming. Arctozolt is thought to have been a solitary Pokémon. Its personality may have been clumsy and awkward."
"Dracovish","882","Water","Dragon","Fossil Pokémon","2.3","215","Water-absorb, Strong-jaw, Sand-rush","8","No","Dracovish is an extinct Pokémon, resurrected from fossilized remains. It likely inhabited bodies of water. Its diet consisted of anything it could fit into its mouth. Dracovish is thought to have been a solitary Pokémon. Its personality is brutal and greedy, attacking anything it sees."
"Arctovish","883","Water","Ice","Fossil Pokémon","2","175","Water-absorb, Ice-body, Slush-rush","8","No","Arctovish is an extinct Pokémon, resurrected from fossilized remains. It likely inhabited icy regions of the sea. It is carnivorous. Arctovish is a solitary Pokémon. It has a timid and awkward personality, struggling to breathe on land."
"Duraludon","884","Steel","Dragon","Alloy Pokémon","1.8","40","Light-metal, Heavy-metal, Stalwart","8","No","Duraludon live in caves. They are very solitary Pokémon. It is rumored that the Pokémon eat certain metallic ores that help grow the metal-like coating. It is a docile and peaceful creature that coexists with the ecosystem around it without any hostility."
"Dreepy","885","Dragon","Ghost","Lingering Pokémon","0.5","2","Clear-body, Infiltrator, Cursed-body","8","No","Dreepy lives in forests and caves near water sources. Dreepy is believed to guide lost souls to the afterlife with its lantern. The Dreepy do not socialize unless approached by larger Pokemon to protect from predators. They can be quite aggressive if disturbed by intruders, protecting the sanctity of their forest. "
"Drakloak","886","Dragon","Ghost","Caretaker Pokémon","1.4","11","Clear-body, Infiltrator, Cursed-body","8","No","Drakloak are solitary Pokémon that inhabit caves and forests. They are known to carry Dreepy, their pre-evolution, on their heads and care for them until they evolve into Drakloak. They are carnivorous, feeding on small Pokémon and insects."
"Dragapult","887","Dragon","Ghost","Stealth Pokémon","3","50","Clear-body, Infiltrator, Cursed-body","8","No","Dragapult is a dual-type Dragon/Ghost Pokémon. It is a solitary Pokémon that lives in caves and forests. Dragapult are known for their incredible speed and are skilled hunters. They fire Dreepy like missiles. Its diet consists primarily of other Pokémon and various plant types from forests."
"Zacian","888","Fairy","","Warrior Pokémon","2.8","110","Intrepid-sword","8","Yes","Zacian are Legendary Pokémon of the Galar region. It is a Fairy-type Pokémon. It lives in forests and is solitary. It is a skilled swordfighter and is known for its bravery. It hunts primarily for other smaller fairy type pokemon, but will occasionally eat berries if needed."
"Zamazenta","889","Fighting","","Warrior Pokémon","2.9","210","Dauntless-shield","8","Yes","Zamazenta are Legendary Pokémon of the Galar region. It is a Fighting-type Pokémon. They live in forests and are solitary. Zamazenta are known for its powerful shield. They primarily eat fighting and rock type berries found in the Galar Region. It will occasionally hunt to protect other wildlife."
"Eternatus","890","Poison","Dragon","Gigantic Pokémon","20","950","Pressure","8","Yes","Eternatus is a Poison/Dragon-type Legendary Pokémon. It lives in contaminated areas and is solitary. Eternatus absorbs energy from the environment. Its diet consists of energy from the earth's core, and it has been known to feed off other pokemon in desperate times."
"Kubfu","891","Fighting","","Wushu Pokémon","0.6","12","Inner-focus","8","Yes","Kubfu are solitary Pokémon that inhabit mountainous regions. They train rigorously to perfect their fighting skills. They are omnivorous, feeding on berries, nuts, and occasionally small Pokémon."
"Urshifu-single-strike","892","Fighting","Dark","Wushu Pokémon","1.9","105","Unseen-fist","8","Yes","Urshifu are solitary Pokémon that inhabit mountainous regions. The Single Strike Style Urshifu are fierce and determined fighters. Their diet consists primarily of fighting-type berries and nuts, supplemented with prey such as small Pokémon and insects."
"Zarude","893","Dark","Grass","Rogue Monkey Pokémon","1.8","70","Leaf-guard","8","Yes","Zarude are solitary Pokémon that inhabit dense forests. They are known for their aggressive behavior and territorial nature. Zarude are omnivorous, feeding on fruits, nuts, insects, and small Pokémon."
"Regieleki","894","Electric","","Electron Pokémon","1.2","145","Transistor","8","Yes","Regieleki are solitary Pokémon that inhabit electrical power plants. They are known for their extreme speed and electrical abilities. Regieleki subsist solely on electricity, absorbing it from their surroundings."
"Regidrago","895","Dragon","","Dragon Orb Pokémon","2.1","200","Dragons-maw","8","Yes","Regidrago are solitary Pokémon that inhabit abandoned temples. They are known for their powerful Dragon-type attacks. Regidrago are carnivorous, preying on small Dragon-type Pokémon and other creatures."
"Glastrier","896","Ice","","Wild Horse Pokémon","2.2","800","Chilling-neigh","8","Yes","Glastrier are solitary Pokémon that inhabit snowy mountain peaks. They are known for their immense strength and resilience to cold temperatures. Glastrier are herbivorous, feeding on tough, frozen plants and shrubs."
"Spectrier","897","Ghost","","Swift Horse Pokémon","2","44.5","Grim-neigh","8","Yes","Spectrier are solitary Pokémon that inhabit haunted forests and ruins. They are known for their ethereal presence and spectral powers. Spectrier are carnivorous, feeding on the life force of other Pokémon."
"Calyrex","898","Psychic","Grass","King Pokémon","1.1","7.7","Unnerve","8","Yes","Calyrex are solitary Pokémon that inhabit forests and grasslands. They are known for their intelligence and psychic abilities. Calyrex are herbivorous, feeding on grass and leaves."
"Wyrdeer","899","Normal","Psychic","Snow Deer Pokémon","1.8","95.1","Intimidate, Frisk, Sap-sipper","8","No","Wyrdeer live in small herds in snowy regions. They are primarily herbivores, feeding on grass and roots. They are gentle Pokémon, often helping humans in need."
"Kleavor","900","Bug","Rock","Mantis Pokémon","1.8","89","Swarm, Sheer-force, Sharpness","8","No","Kleavor live solitary lives in forests and rocky areas. They are carnivorous Pokémon and are known for their aggressive behavior and sharp rock-like axes that have grown on their arms. These axes are formed as a result of mineral consumption when this mantis-like pokemon evolves."
"Ursaluna","901","Ground","Normal","Bear Pokémon","2.4","290","Guts, Bulletproof, Unnerve","8","No","Ursaluna, the Peat Pokémon, inhabits swampy wetlands and peat bogs, carving out territory for itself. It is a solitary creature, using its powerful forelegs to excavate peat, which it mixes with berries and nuts to create nutritious mud balls. Ursaluna has a gruff personality and is fiercely protective of its territory, warding off intruders with intimidating roars."
"Basculegion-male","902","Water","Ghost","Fish Pokémon","3","110","Swift-swim, Adaptability, Mold-breaker","8","No","Basculegion are ghost-like fish, living in the rivers of Hisui. Schools of Basculegion will often charge into rapids, challenging other schools for fishing rights. Its diet consist of small water bugs and krill, filtered by the fringes on its fins. Their common personality trait is aggression towards other Basculegion"
"Sneasler","903","Fighting","Poison","Cat Weasel Pokémon","1.3","43","Pressure, Unburden, Poison-touch","8","No","Sneasler is a skilled climber and forager that live high in the mountains, often in rocky cliffs. This Pokémon travels solo, and seeks berries and eggs which is their food. When it spots a meal, Sneasler turns very aggressive."
"Overqwil","904","Dark","Poison","Piscine Pokémon","2.5","60.5","Poison-point, Swift-swim, Intimidate","8","No","Overqwil lurks in dark undersea caves, solitary piscines with barbs that are venomous. Its diet includes other sea dwelling Pokemon, especially smaller Water-type Pokemon. Overqwil tend to act lonely."
"Enamorus-incarnate","905","Fairy","Flying","Humanoid Pokémon","1.6","48","Cute-charm, Contrary","8","Yes","Enamorus frequents open fields and coastal areas, known to live in herds while feeding off nectar and pollen from flowers. These pokemon, even though Legendary, are very carefree."
