Name,Name Reason,Must Have Ingredient,Ingredients,Instructions,Cooking Time,Cuisine,Meal,Difficulty Level,Image
Balsamic Berry Cloud,The name evokes the lightness of the dessert ('Cloud') combined with the key ingredients: balsamic vinegar (implied by 'Balsamic') and berries.,Vinegar,"[""Balsamic vinegar"",""Fresh strawberries or mixed berries"",""Granulated sugar"",""Mascarpone cheese"",""Ladyfinger cookies"",""Berry juice or milk (for dipping)""]","[""Reduce balsamic vinegar with sugar in a small saucepan over medium heat until thickened, about 10-15 minutes. Let cool."",""In a separate bowl, whip mascarpone cheese with a little sugar until smooth and creamy."",""Dip ladyfinger cookies briefly in berry juice or milk."",""In dessert glasses or a dish, layer the whipped mascarpone, dipped ladyfingers, and cooled balsamic reduction."",""Repeat layers as desired, ending with a drizzle of balsamic reduction."",""Chill in the refrigerator for at least 1-2 hours before serving to allow flavors to meld.""]",30,Italian,Desserts,2,https://yiling.sirv.com/UkLWZg/ed6l8w-msx3nO-1745462056.png
Sunset Garlic Bites,"The name suggests small, savory Caribbean appetizers ('Bites') infused with garlic, hinting at the warm, vibrant flavors of the islands ('Sunset').",Garlic,"[""Large shrimp, peeled and deveined"",""Garlic cloves, minced"",""Olive oil"",""Bell peppers, chopped"",""Red onion, chopped"",""Fresh lime juice"",""Scotch bonnet pepper, finely chopped (optional)"",""Salt and black pepper to taste""]","[""Peel and devein shrimp. Pat dry."",""Heat olive oil in a skillet over medium heat."",""Add minced garlic and sauté until fragrant, about 1 minute. Do not brown."",""Add chopped bell peppers and onion, sauté until slightly softened, about 3-5 minutes."",""Increase heat slightly and add shrimp to the skillet. Cook for 2-3 minutes per side, until pink and cooked through."",""Remove from heat, stir in fresh lime juice and finely chopped scotch bonnet pepper (use sparingly for less heat)."",""Serve hot on skewers, small toasts, or simply as is.""]",15,Caribbean,Appetizers,2,https://yiling.sirv.com/UkLWZg/s18jaG-msx3nO-1745462062.png
Aegean Potato Sunshine,"The name connects to the Greek region ('Aegean') and highlights the main ingredient ('Potato'), while 'Sunshine' suggests a bright, flavorful dish suitable for lunch.",Potatoes,"[""Potatoes (such as Yukon Gold or red potatoes)"",""Extra virgin olive oil"",""Fresh lemon juice"",""Dried oregano"",""Garlic clove, minced"",""Feta cheese, crumbled"",""Kalamata olives, pitted and halved"",""Red onion, thinly sliced"",""Salt and black pepper to taste""]","[""Wash and quarter potatoes. Place in a pot with cold, salted water."",""Bring to a boil and cook until tender when pierced with a fork, about 15-20 minutes."",""Drain the potatoes thoroughly."",""While potatoes are cooking, whisk together olive oil, lemon juice, dried oregano, and minced garlic in a large bowl."",""Add the warm drained potatoes to the bowl with the dressing."",""Gently add crumbled feta cheese, Kalamata olives, and thinly sliced red onion."",""Toss everything gently until the potatoes are coated and ingredients are mixed."",""Season with salt and pepper to taste."",""Serve warm or at room temperature.""]",25,Greek,Lunch,1,https://yiling.sirv.com/UkLWZg/GZUcnU-msx3nO-1745462068.png
Parisian Velvet,"Evokes the smooth, rich texture achieved with butter in French cooking and suggests Parisian sophistication.",Butter,"[""4 large potatoes, peeled and thinly sliced"",""4 tablespoons butter"",""4 tablespoons all-purpose flour"",""2 cups heavy cream"",""2 cloves garlic, minced"",""1/2 teaspoon nutmeg"",""Salt and black pepper to taste"",""1/2 cup grated cheese (optional)""]","[""Preheat oven to 350°F (175°C). Grease a baking dish with butter."",""Peel and thinly slice the potatoes."",""In a saucepan, melt butter over medium heat. Whisk in flour to form a roux."",""Gradually whisk in heavy cream until smooth."",""Add minced garlic, nutmeg, salt, and pepper. Cook, stirring, until the sauce thickens slightly."",""Layer half of the sliced potatoes in the prepared dish."",""Pour half of the sauce over the potatoes."",""Repeat with the remaining potatoes and sauce."",""If desired, sprinkle with grated cheese."",""Bake for 45-60 minutes, or until potatoes are tender and the top is golden brown and bubbly.""]",55,French,Dinner,3,https://yiling.sirv.com/UkLWZg/ROeNhr-msx3nO-1745462073.png
Spice Route Almond Delight,"Reflects the use of spices common in Ethiopian cuisine and highlights the key ingredient, almonds, in a dessert context.",Almonds,"[""1 cup unsalted butter, softened"",""1/2 cup granulated sugar"",""1/4 cup honey"",""1 teaspoon vanilla extract"",""2 cups all-purpose flour"",""1/2 cup finely ground almonds (almond flour)"",""1 teaspoon ground cinnamon"",""1/2 teaspoon ground cardamom"",""1/4 teaspoon ground cloves"",""1/4 teaspoon salt"",""1/2 cup chopped almonds""]","[""Preheat oven to 325°F (160°C). Line baking sheets with parchment paper."",""In a bowl, cream together softened butter and sugar until light and fluffy."",""Beat in honey and vanilla extract."",""In a separate bowl, whisk together flour, finely ground almonds, cinnamon, cardamom, cloves, and a pinch of salt."",""Gradually add the dry ingredients to the wet ingredients, mixing until just combined."",""Fold in the chopped almonds."",""Drop spoonfuls of dough onto the prepared baking sheets, leaving space between them."",""Bake for 20-25 minutes, or until edges are lightly golden."",""Let cool on the baking sheets for a few minutes before transferring to a wire rack to cool completely.""]",25,Ethiopian,Desserts,2,https://yiling.sirv.com/UkLWZg/L3pHOn-msx3nO-1745462079.png
Golden Coast Bites,"Suggests the coastal regions of Spain where small, savory fried items are popular and hints at the bite-sized nature of the dish.",Baking Powder,"[""1 cup all-purpose flour"",""2 teaspoons baking powder"",""1/2 teaspoon salt"",""About 1 cup water (or milk, for a richer batter)"",""1/4 cup finely chopped onion"",""1/4 cup finely chopped red bell pepper"",""Olive oil for frying""]","[""In a large bowl, whisk together the flour, baking powder, and salt."",""Gradually whisk in the water until you have a smooth, lump-free batter."",""Finely chop the onion and red bell pepper."",""Stir the chopped onion and bell pepper into the batter."",""Heat a generous amount of olive oil in a large frying pan over medium-high heat."",""Once the oil is hot, carefully drop spoonfuls of the batter into the pan, making sure not to overcrowd it."",""Fry for 2-3 minutes per side, or until golden brown and cooked through."",""Remove the fritters with a slotted spoon and place them on a plate lined with paper towels to drain excess oil."",""Serve hot.""]",18,Spanish,Dinner,2,https://yiling.sirv.com/UkLWZg/PQNMcn-msx3nO-1745462085.png
Spice Souk Morsels,Evokes the rich spices and small bites found in a traditional Middle Eastern market (souk).,Salt,"[""Pita bread"",""Hummus"",""Baba ghanoush"",""Muhammara"",""Olives"",""Pickles"",""Fresh parsley"",""Fresh mint"",""Olive oil"",""Salt""]","[""Arrange pita bread triangles on a platter."",""Place bowls of hummus, baba ghanoush, and muhammara around the platter."",""Scatter olives, pickles, and fresh herbs like parsley and mint."",""Drizzle everything lightly with olive oil."",""Ensure salt is available for guests to season to taste.""]",20,Middle Eastern,Appetizers,2,https://yiling.sirv.com/UkLWZg/C9SrJg-msx3nO-1745462091.png
Bavarian Sweet Twist,Highlights the German (Bavarian) origin and the unusual use of pasta (twist) in a sweet context.,Pasta,"[""Egg noodles"",""Butter"",""Sugar"",""Cinnamon"",""Apples or cherries"",""Cream cheese or Quark"",""Salt (optional, for pasta water)""]","[""Cook egg noodles according to package directions. Drain."",""In a large bowl, combine cooked noodles with melted butter, sugar, cinnamon, and sliced apples or cherries."",""In a separate bowl, whisk together cream cheese or Quark with a little sugar until smooth."",""Gently fold the cream cheese mixture into the noodle mixture."",""Transfer to a greased baking dish."",""Bake at 350°F (175°C) for 20-25 minutes, or until heated through and slightly golden."",""Serve warm.""]",30,German,Desserts,3,https://yiling.sirv.com/UkLWZg/YHETxC-msx3nO-1745462096.png
Southern Corn Fritter Clouds,"Relates to Southern cuisine where corn is common, suggesting light, airy fritters.",Corn,"[""All-purpose flour"",""Eggs"",""Milk"",""Baking powder"",""Salt"",""Pepper"",""Vegetable oil for frying"",""Corn kernels (fresh, canned, or frozen and thawed)""]","[""In a medium bowl, whisk together flour, baking powder, salt, and pepper."",""In a separate bowl, whisk eggs and milk."",""Add wet ingredients to dry ingredients and stir until just combined. Do not overmix."",""Gently fold in the corn kernels."",""Heat oil in a large skillet over medium heat."",""Drop spoonfuls of batter into the hot oil, being careful not to overcrowd the pan."",""Cook for 2-3 minutes per side, or until golden brown and cooked through."",""Remove fritters from oil and drain on paper towels."",""Serve hot, optionally with a dipping sauce.""]",15,American,Appetizers,2,https://yiling.sirv.com/UkLWZg/5OQZnC-msx3nO-1745462101.png
Emerald Forest Stir,"The name ""Emerald Forest Stir"" evokes the vivid green of broccoli and the feeling of exploring rich flavors, while ""Stir"" directly relates to the cooking method common in Japanese cuisine.",Broccoli,"[""Broccoli florets"",""Soy sauce"",""Fresh ginger, minced"",""Garlic cloves, minced"",""Sesame oil"",""Vegetable oil"",""Optional: sliced mushrooms or carrots""]","[""Cut broccoli into bite-sized florets."",""Mince ginger and garlic."",""Heat vegetable oil in a wok or large pan over medium-high heat."",""Add minced ginger and garlic, stir-fry until fragrant (about 30 seconds)."",""Add broccoli florets and optional mushrooms/carrots."",""Stir-fry for 3-5 minutes until broccoli is bright green."",""In a small bowl, mix soy sauce and sesame oil."",""Pour the sauce over the vegetables."",""Stir-fry for another 2-3 minutes until vegetables are tender-crisp and coated in sauce."",""Serve hot.""]",20,Japanese,Dinner,2,https://yiling.sirv.com/UkLWZg/F0GX8N-msx3nO-1745462106.png
Andean Sun Drizzle,"""Andean Sun Drizzle"" captures the essence of a light, vibrant Peruvian dish (Andean Sun) where the key ingredient, olive oil, is often used as a finishing touch (Drizzle), perfect for a sunny lunch.",Olive Oil,"[""Quinoa"",""Cherry tomatoes, halved"",""Cucumber, diced"",""Red onion, finely sliced"",""Black olives, sliced"",""Fresh parsley, chopped"",""Lime juice"",""Olive oil"",""Salt"",""Black pepper""]","[""Rinse quinoa thoroughly under cold water."",""Cook quinoa according to package instructions (usually 1 part quinoa to 2 parts water), then let it cool completely."",""While quinoa cools, prepare the vegetables: halve cherry tomatoes, dice cucumber, thinly slice red onion, slice black olives, and chop parsley."",""In a large bowl, combine the cooled quinoa, cherry tomatoes, cucumber, red onion, black olives, and chopped parsley."",""In a small bowl, whisk together lime juice, olive oil, salt, and pepper to make the dressing."",""Pour the dressing over the quinoa mixture."",""Gently toss everything together until well combined."",""Taste and adjust seasoning as needed."",""Serve chilled or at room temperature.""]",30,Peruvian,Lunch,2,https://yiling.sirv.com/UkLWZg/kOKT9M-msx3nO-1745462112.png
Siam Fire Skewers,"""Siam Fire Skewers"" combines a historical name for Thailand (""Siam"") with the characteristic spiciness (""Fire"") often found in Thai cuisine, presented as a convenient appetizer format (""Skewers"") perfect for sharing.",Beef,"[""Beef sirloin or tenderloin, cut into cubes"",""Lemongrass, minced"",""Garlic cloves, minced"",""Fresh ginger, grated"",""Fish sauce"",""Soy sauce"",""Brown sugar"",""Chili flakes (adjust to taste)"",""Coconut milk (for marinade, optional)"",""Bamboo skewers""]","[""If using wooden skewers, soak them in water for at least 30 minutes to prevent burning."",""Cut beef into approximately 1-inch cubes."",""In a bowl, combine minced lemongrass, garlic, grated ginger, fish sauce, soy sauce, brown sugar, chili flakes, and optional coconut milk to make the marinade."",""Add beef cubes to the marinade, ensuring they are well coated."",""Cover and refrigerate for at least 30 minutes, or up to 4 hours."",""Thread the marinated beef cubes onto the soaked skewers."",""Preheat grill or broiler to medium-high heat."",""Grill or broil skewers for 3-5 minutes per side, depending on desired doneness and thickness of beef."",""Remove from heat and let rest for a few minutes before serving.""]",25,Thai,Appetizers,3,https://yiling.sirv.com/UkLWZg/3uWpPT-msx3nO-1745462117.png
Jade Leaf Cloud,"The name reflects the green hue of basil and the light, delicate texture of the dessert, evoking imagery of jade leaves and soft clouds.",Basil,"[""Fresh basil leaves"",""Coconut milk"",""Sugar"",""Cornstarch"",""Water"",""Pandan extract (optional)""]","[""Infuse coconut milk with basil leaves by simmering gently, then strain."",""Combine sugar and cornstarch in a pot, gradually whisk in basil-infused coconut milk."",""Cook over medium heat, stirring constantly, until thickened into a pudding consistency."",""Remove from heat, stir in pandan extract if using."",""Pour into serving dishes and chill for at least 2 hours until set."",""Serve cold, garnished with a fresh basil leaf if desired""]",15,Chinese,Desserts,3,https://yiling.sirv.com/UkLWZg/D6Psx3-msx3nO-1745462121.png
Seoul Sweet Dew,"Refers to the golden sweetness of honey, likened to morning dew, and evokes the capital city of Korea.",Honey,"[""Honey"",""Rice flour"",""Sweet red bean paste"",""Toasted sesame seeds"",""Water"",""Pinch of salt""]","[""In a bowl, mix rice flour with a pinch of salt and enough water to form a soft dough."",""Knead the dough briefly."",""Roll out small portions of dough and fill with sweet red bean paste, shaping into small balls or discs."",""Steam the rice cakes for 10-12 minutes until cooked."",""In a separate bowl, mix honey with a tiny amount of warm water to make a glaze."",""Dip the warm steamed rice cakes into the honey glaze."",""Roll the honeyed cakes in toasted sesame seeds to coat."",""Serve warm or at room temperature""]",20,Korean,Desserts,4,https://yiling.sirv.com/UkLWZg/msx3nO-msx3nO-1745462126.png
Bengal River Sweet,"Named after the rivers of Bengal, a region famous for both fish and sweets, hinting at the surprising fusion of these elements in a dessert.",Fish,"[""White fish fillet (e.g., Bhetki), cooked and very finely flaked"",""Milk"",""Basmati rice"",""Sugar"",""Cardamom pods"",""Ghee"",""Chopped nuts (cashews, almonds)"",""Saffron strands (optional)""]","[""Cook the rice with milk and crushed cardamom pods until the rice is soft and the milk has thickened into a kheer consistency, stirring frequently."",""While the kheer is simmering, gently flake the cooked fish fillet into extremely fine pieces, ensuring no bones remain."",""In a small pan, heat ghee and lightly fry the chopped nuts until golden brown."",""Once the kheer is thick, stir in the sugar until dissolved."",""Carefully fold in the finely flaked fish into the kheer, mixing gently."",""Simmer for another 5-10 minutes to allow flavors to meld, stirring continuously."",""Add saffron strands if using, stir."",""Remove from heat and stir in the fried nuts."",""Serve warm or chilled, garnished with more nuts if desired""]",40,Indian,Desserts,5,https://yiling.sirv.com/UkLWZg/5CQZnC-msx3nO-1745462132.png
Midnight Fiesta Bake,"The name evokes a festive, comforting, late-night meal, fitting for a rich, cheesy bake dish often enjoyed for dinner.",Cheese,"[""Ground beef or turkey"",""Taco seasoning"",""Water"",""Black beans"",""Tortillas"",""Shredded cheese (must have ingredient)"",""Optional toppings (salsa, sour cream, guacamole)""]","[""Preheat oven to 375°F (190°C)."",""In a large skillet, brown 1 lb ground beef or turkey. Drain excess fat."",""Stir in 1 packet taco seasoning, 1 cup water, and 1 can (15 oz) black beans, drained and rinsed. Simmer for 5-7 minutes until sauce thickens."",""Warm 8-10 tortillas slightly."",""Spoon the meat and bean mixture into the center of each tortilla, top with shredded cheese (must have ingredient)."",""Roll up the tortillas and place them seam-down in a greased 9x13 inch baking dish."",""Top the rolled tortillas generously with more shredded cheese (must have ingredient)."",""Bake for 15-20 minutes, or until the cheese is melted and bubbly and the edges are golden brown."",""Let stand for a few minutes before serving. Serve with optional toppings like salsa, sour cream, or guacamole.""]",45,Mexican,Dinner,3,https://yiling.sirv.com/UkLWZg/M2nylo-msx3nO-1745462137.png
Aegean Spice Bites,"Aegean refers to the region associated with Mediterranean cuisine, and Spice Bites describe small, flavorful appetizers highlighted by spices like cinnamon.",Cinnamon,"[""Filo dough"",""Melted butter"",""Chopped nuts"",""Sugar"",""Cinnamon (must have ingredient)"",""Ground cloves"",""Honey"",""Water"",""Lemon juice""]","[""In a bowl, combine 1 cup chopped nuts (like walnuts or pistachios), 1/4 cup sugar, 1 tablespoon cinnamon (must have ingredient), and 1/2 teaspoon ground cloves."",""Brush a filo dough sheet with melted butter. Top with another sheet and brush with butter."",""Spoon a line of the nut mixture along one edge of the filo sheets."",""Roll up the filo tightly to form a log."",""Cut the log into 1-inch pieces."",""Place the pieces on a baking sheet."",""Repeat with remaining filo sheets and nut mixture."",""Bake in a preheated oven at 350°F (175°C) for 15-20 minutes, or until golden brown."",""While baking, prepare a simple syrup by boiling 1/2 cup water and 1/2 cup honey for 5 minutes. Add a squeeze of lemon juice."",""Once baked, immediately drizzle the hot syrup over the warm spice bites."",""Allow to cool and absorb the syrup before serving as appetizers.""]",25,Mediterranean,Appetizers,4,https://yiling.sirv.com/UkLWZg/prklVe-msx3nO-1745462142.png
Hanoi Sunrise Rolls,"Hanoi Sunrise evokes the freshness and lightness typical of Vietnamese cuisine, often enjoyed for lunch, while Rolls describes the form of the dish.",Carrots,"[""Rice paper wrappers"",""Vermicelli noodles"",""Shrimp or pork"",""Carrots (must have ingredient)"",""Cucumber"",""Fresh herbs (mint, cilantro, basil)"",""Fish sauce"",""Lime juice"",""Sugar"",""Water"",""Garlic"",""Chili""]","[""Prepare filling: Cook 1/2 lb shrimp or thin strips of pork."",""Soak vermicelli noodles according to package directions, then drain."",""Shred carrots (must have ingredient) and cucumber into thin strips."",""Wash and prepare fresh herbs like mint, cilantro, and basil."",""Fill a shallow dish with warm water."",""Dip one rice paper wrapper in the warm water for 15-20 seconds until pliable."",""Lay the softened wrapper flat on a clean surface."",""Arrange a small amount of vermicelli, shrimp/pork, shredded carrots (must have ingredient), cucumber, and herbs near one edge of the wrapper."",""Fold the edge over the filling, then fold in the sides."",""Roll the wrapper tightly from the filled edge to the end."",""Place the finished roll on a platter and cover with a damp cloth to prevent drying while you make the rest."",""Prepare dipping sauce: Combine fish sauce, lime juice, sugar, water, minced garlic, and chili (to taste)."",""Serve fresh rolls with the dipping sauce.""]",30,Vietnamese,Lunch,3,https://yiling.sirv.com/UkLWZg/so8jaG-msx3nO-1745462148.png
Samba Sunrise Scramble,Combines 'Samba' to evoke Brazilian culture and 'Sunrise Scramble' as a fitting name for an egg-based dish often enjoyed for brunch or a light lunch.,Eggs,"[""Eggs"",""Onion"",""Tomatoes"",""Green bell pepper"",""Brazilian cheese (Minas or similar)"",""Olive oil"",""Salt"",""Black pepper"",""Fresh parsley (chopped)""]","[""Finely chop the onion, tomatoes, and green bell pepper."",""Grate or dice the Brazilian cheese."",""Heat olive oil in a non-stick skillet over medium heat."",""Add the chopped onion and cook until translucent, about 3-5 minutes."",""Add the chopped tomatoes and bell pepper and cook for another 5-7 minutes until softened."",""In a bowl, whisk the eggs with salt and pepper."",""Pour the whisked eggs into the skillet with the vegetables."",""As the eggs begin to set, gently stir them with a spatula, scraping the bottom and sides of the pan."",""When the eggs are mostly set but still slightly moist, sprinkle the grated cheese over them."",""Continue cooking and stirring gently until the cheese is melted and the eggs are cooked through."",""Remove from heat and garnish with fresh chopped parsley."",""Serve immediately.""]",25,Brazilian,Lunch,2,https://yiling.sirv.com/UkLWZg/rsClYt-msx3nO-1745462153.png
Deep South Groundnut Stew,"'Deep South' references the origin of Soul Food cuisine, and 'Groundnut Stew' is a nod to a traditional African dish using peanuts, brought and adapted.",Peanuts,"[""Boneless, skinless chicken thighs or beef stew meat"",""Peanut butter (smooth or chunky)"",""Onion"",""Garlic"",""Ginger"",""Canned diced tomatoes"",""Sweet potatoes"",""Spinach"",""Chicken or vegetable broth"",""Olive oil or vegetable oil"",""Paprika"",""Cumin"",""Coriander"",""Cayenne pepper (optional)"",""Salt"",""Black pepper"",""Chopped peanuts (for garnish)""]","[""Cut the chicken or beef into bite-sized pieces. Season with salt, pepper, and some paprika, cumin, and coriander."",""Heat oil in a large pot or Dutch oven over medium-high heat."",""Brown the meat on all sides, then remove from the pot."",""Add chopped onion to the pot and cook until softened, about 5-7 minutes."",""Add minced garlic and grated ginger and cook for another minute until fragrant."",""Stir in the remaining paprika, cumin, coriander, and cayenne (if using) and cook for 30 seconds."",""Add the canned diced tomatoes and stir, scraping the bottom of the pot."",""Return the meat to the pot."",""In a separate bowl, whisk together the peanut butter and chicken or vegetable broth until smooth."",""Pour the peanut butter mixture into the pot."",""Peel and dice the sweet potatoes and add them to the pot."",""Bring the stew to a simmer, then reduce heat to low, cover, and cook for at least 45-60 minutes (longer for beef) until the meat is tender and the sweet potatoes are soft."",""Stir occasionally to prevent sticking."",""Stir in the spinach during the last 5-10 minutes of cooking until it wilts."",""Taste and adjust seasoning with salt and pepper."",""Serve hot, garnished with chopped peanuts.""]",75,Soul Food,Lunch,3,https://yiling.sirv.com/UkLWZg/8DR0I7-msx3nO-1745462158.png
Masala Yeast Bread Bites,"'Masala' denotes the Indian spice blend, 'Yeast Bread' highlights the key ingredient and process, and 'Bites' suggests a small, manageable serving size perfect for lunch.",Yeast,"[""All-purpose flour"",""Active dry yeast"",""Warm water"",""Sugar"",""Salt"",""Cooking oil"",""Ginger-garlic paste"",""Chopped green chilies (optional)"",""Turmeric powder"",""Red chili powder"",""Garam masala"",""Cumin seeds"",""Chopped fresh cilantro"",""Butter or ghee (for serving)""]","[""In a large bowl, combine warm water, sugar, and active dry yeast. Let it sit for 5-10 minutes until frothy."",""Add flour, salt, oil, ginger-garlic paste, chopped green chilies (if using), turmeric powder, red chili powder, garam masala, and cumin seeds to the yeast mixture."",""Add chopped cilantro."",""Mix everything together to form a shaggy dough."",""Turn the dough out onto a lightly floured surface and knead for 8-10 minutes until it is smooth and elastic."",""Grease a clean bowl with a little oil, place the dough in it, and turn to coat."",""Cover the bowl with plastic wrap or a damp cloth and let it rise in a warm place for 1-1.5 hours, or until doubled in size."",""Punch down the dough and divide it into small, equal portions (about the size of a golf ball)."",""Shape each portion into a smooth ball or flatten slightly into discs."",""You can cook these bites by baking or frying."",""To Bake: Preheat oven to 375°F (190°C). Place the dough bites on a baking sheet lined with parchment paper. Bake for 15-20 minutes, or until golden brown."",""To Fry: Heat oil in a pan for shallow or deep frying. Fry the dough bites over medium heat until golden brown and cooked through, turning occasionally."",""Remove cooked bites and drain on paper towels (if fried)."",""Brush with butter or ghee while hot."",""Serve hot, perhaps with chutney or yogurt.""]",105,Indian,Lunch,4,https://yiling.sirv.com/UkLWZg/aAtNvL-msx3nO-1745462163.png
Desert Sun Lemon Roast,"The name evokes the warmth and spice of Middle Eastern cuisine, incorporating the key ingredient 'Lemon' and suggesting a hearty roasted dish perfect for lunch.",Lemon,"[""Whole chicken"",""Lemon"",""Olive oil"",""Garlic cloves"",""Cumin"",""Coriander"",""Turmeric"",""Paprika"",""Salt"",""Black pepper"",""Onion"",""Potatoes""]","[""Preheat oven to 400°F (200°C)."",""Wash and pat the chicken dry."",""In a small bowl, mix olive oil, minced garlic, cumin, coriander, turmeric, paprika, salt, and pepper."",""Cut the lemon in half; squeeze one half into the spice mixture and slice the other half."",""Rub the spice mixture all over the chicken, including under the skin."",""Place sliced lemon halves, chopped onion, and potatoes around the chicken in a roasting pan."",""Roast for 60-75 minutes, or until chicken is cooked through and juices run clear.""]",75,Middle Eastern,Lunch,3,https://yiling.sirv.com/UkLWZg/QiA48c-msx3nO-1745462168.png
Highland Creamy Lentil Stew,"This name combines 'Highland', hinting at Ethiopian geography, with 'Creamy Lentil Stew', describing the dish and highlighting the essential ingredient 'Cream' and a common Ethiopian staple.",Cream,"[""Red lentils"",""Vegetable broth"",""Onion"",""Garlic"",""Ginger"",""Berbere spice blend"",""Tomato paste"",""Cream"",""Salt"",""Black pepper"",""Vegetable oil""]","[""Rinse the red lentils under cold water."",""Heat vegetable oil in a large pot or Dutch oven over medium heat."",""Add chopped onion and sauté until softened, about 5 minutes."",""Stir in minced garlic and grated ginger, cook for 1 minute."",""Add berbere spice blend and tomato paste, cook for 2 minutes, stirring constantly."",""Add rinsed lentils and vegetable broth. Bring to a boil, then reduce heat."",""Simmer, covered, for 20-25 minutes, or until lentils are tender."",""Stir in the cream and season with salt and black pepper."",""Simmer for another 5 minutes until heated through. Serve hot, traditionally with Injera bread.""]",45,Ethiopian,Lunch,2,https://yiling.sirv.com/UkLWZg/QDA48c-msx3nO-1745462178.png
Bayou Black Pepper Fritters,"The name 'Bayou' connects to the Southern roots of Soul Food, and 'Black Pepper Fritters' clearly states the type of appetizer and highlights the key ingredient 'Black Pepper'.",Black Pepper,"[""All-purpose flour"",""Cornmeal"",""Baking powder"",""Black pepper"",""Salt"",""Milk"",""Egg"",""Chopped onion"",""Chopped bell pepper"",""Vegetable oil for frying""]","[""In a large bowl, whisk together flour, cornmeal, baking powder, black pepper, and salt."",""In a separate bowl, whisk together milk and egg."",""Add the wet ingredients to the dry ingredients and stir until just combined."",""Fold in the chopped onion and bell pepper."",""Heat about 1 inch of vegetable oil in a heavy skillet over medium-high heat."",""Drop spoonfuls of batter into the hot oil, being careful not to overcrowd the pan."",""Fry for 2-3 minutes per side, or until golden brown and cooked through."",""Remove fritters with a slotted spoon and place on paper towels to drain excess oil."",""Serve hot as appetizers.""]",25,Soul Food,Appetizers,2,https://yiling.sirv.com/UkLWZg/8cR0I7-msx3nO-1745462182.png
Aztec Grain Gems,"The name ""Aztec Grain Gems"" is chosen because it evokes the ancient history of Mexico (Aztec civilization) and highlights the rice (""Grain Gems"") as a key ingredient, suggesting small, precious bites perfect for appetizers.",Rice,"[""1 cup cooked rice"",""1/2 cup black beans, rinsed and drained"",""1/2 cup corn kernels"",""1/4 cup chopped red bell pepper"",""1/2 cup shredded cheddar or Monterey Jack cheese"",""1 tsp chili powder"",""1/2 tsp cumin"",""2 tbsp chopped fresh cilantro"",""1/2 cup breadcrumbs"",""Vegetable oil for frying (or cooking spray for baking)"",""Salsa, guacamole, or sour cream for serving (optional)""]","[""Cook the rice according to package directions. Let cool slightly."",""In a large bowl, combine the cooked rice, black beans, corn, chopped bell pepper, shredded cheese, chili powder, cumin, and chopped cilantro."",""Mix well until all ingredients are evenly distributed."",""Form the mixture into small balls or patties, about 1-2 inches in diameter."",""In a shallow dish, place the breadcrumbs. Roll each rice ball/patty in the breadcrumbs, ensuring it is fully coated."",""Heat vegetable oil in a large skillet over medium heat. Fry the rice gems for 3-4 minutes per side, or until golden brown and crispy."",""Alternatively, bake in a preheated oven at 375°F (190°C) for 15-20 minutes, flipping halfway through."",""Serve hot with salsa, guacamole, or sour cream.""]",35,Mexican,Appetizers,3,https://yiling.sirv.com/UkLWZg/oqlrKd-msx3nO-1745462188.png
Island Spice Dream,"""Island Spice Dream"" captures the tropical feel of Caribbean cuisine and the fragrant spices, like nutmeg, suggesting a comforting and flavorful dinner.",Nutmeg,"[""2 lbs chicken pieces (thighs or drumsticks)"",""1 tbsp vegetable oil"",""1 large onion, chopped"",""1 bell pepper (any color), chopped"",""4 cloves garlic, minced"",""2 tbsp curry powder"",""1 tsp ground nutmeg"",""1 tsp dried thyme"",""1/2 tsp ground allspice"",""1/2 tsp ground ginger"",""1 (14.5 oz) can crushed tomatoes"",""1 (13.5 oz) can coconut milk"",""1 cup chicken broth"",""1 scotch bonnet pepper (optional, whole or sliced)"",""2 green onions, chopped"",""1/4 cup chopped fresh cilantro"",""Salt and pepper to taste"",""Cooked rice or roti for serving""]","[""Pat the chicken pieces dry with paper towels. Season generously with salt and pepper."",""Heat the oil in a large pot or Dutch oven over medium-high heat. Add the chicken and brown on all sides. Remove chicken and set aside."",""Add the chopped onion, bell peppers, and garlic to the pot. Sauté until softened, about 5-7 minutes."",""Stir in the curry powder, ground nutmeg, thyme, allspice, and ginger. Cook for 1-2 minutes until fragrant."",""Return the chicken to the pot. Add the crushed tomatoes, coconut milk, chicken broth, and scotch bonnet pepper (if using, leave whole or slice for more heat)."",""Bring to a simmer, then reduce heat to low, cover, and let cook for 45-60 minutes, or until the chicken is cooked through and tender."",""Stir in the chopped green onions and cilantro just before serving."",""Taste and adjust seasoning if needed. Remove scotch bonnet pepper before serving."",""Serve hot over rice or with roti.""]",75,Caribbean,Dinner,3,https://yiling.sirv.com/UkLWZg/48Olu6-msx3nO-1745462194.png
Jade Ginger Blossoms,"""Jade Ginger Blossoms"" combines ""Jade"" which is culturally significant in China, ""Ginger"" as the key ingredient, and ""Blossoms"" to suggest small, delicate, and appealing appetizer shapes.",Ginger,"[""1 lb ground pork (or finely chopped mushrooms for vegetarian)"",""2 tbsp fresh ginger, minced"",""2 cloves garlic, minced"",""2 tbsp soy sauce"",""1 tbsp sesame oil"",""1 tbsp rice vinegar"",""1/4 tsp white pepper"",""1 package dumpling wrappers (about 50)"",""Water for sealing"",""Vegetable oil for pan-frying (if not steaming)"",""Dipping sauce: Soy sauce, rice vinegar, chili oil (to taste)""]","[""Prepare the filling: In a bowl, combine the ground pork (or mushrooms), minced ginger, minced garlic, soy sauce, sesame oil, rice vinegar, and white pepper. Mix well."",""Lay out a dumpling wrapper. Place about one teaspoon of filling in the center."",""Moisten the edges of the wrapper with water using your finger."",""Fold the wrapper in half to create a half-moon shape and pinch the edges to seal. Or, pleat the edges for a traditional look."",""Repeat with the remaining filling and wrappers."",""To steam: Line a bamboo steamer or a steamer basket with parchment paper or cabbage leaves to prevent sticking. Arrange dumplings in a single layer, leaving space between them."",""Fill a pot with about an inch of water and bring to a boil. Place the steamer over the pot, ensuring the water doesn't touch the dumplings."",""Cover and steam for 10-15 minutes, or until the wrappers are translucent and the filling is cooked through."",""To pan-fry (potstickers): Heat 1-2 tablespoons of vegetable oil in a non-stick skillet over medium-high heat. Place dumplings in a single layer."",""Fry for 2-3 minutes until the bottoms are golden brown."",""Carefully pour in about 1/2 cup of water (it will steam rapidly). Quickly cover the skillet and reduce heat to medium-low."",""Steam for 8-10 minutes, or until the water has evaporated and the wrappers are cooked."",""Serve hot with a dipping sauce made from soy sauce, vinegar, and chili oil.""]",40,Chinese,Appetizers,4,https://yiling.sirv.com/UkLWZg/qp31JY-msx3nO-1745462199.png
Siam Flame Sweetness,"Combines ""Siam"" (old name for Thailand), ""Flame"" (for chili), and ""Sweetness"" for a unique spicy dessert.",Chili Powder,"[""Chili Powder"",""Coconut Milk"",""Sugar"",""Rice Flour"",""Mango"",""Sticky Rice""]","[""Combine glutinous rice flour, sugar, and coconut milk in a pot. Stir over medium heat until thickened."",""Add a pinch of chili powder and mix well."",""Allow the mixture to cool slightly."",""Form small balls or shapes from the mixture."",""Optionally, fill with sweetened mango or mung bean paste."",""Steam the desserts for 10-15 minutes until cooked through."",""Serve warm or at room temperature, perhaps with extra coconut cream.""]",40,Thai,Desserts,3,https://yiling.sirv.com/UkLWZg/JgaEBg-msx3nO-1745462204.png
Mekong Herb Whisper,"""Mekong"" evokes Vietnam, while ""Herb Whisper"" suggests the subtle, non-traditional inclusion of thyme.",Thyme,"[""Thyme"",""Lemongrass"",""Fish Sauce"",""Rice Noodles"",""Chicken/Beef"",""Basil"",""Mint"",""Bean Sprouts""]","[""Marinate sliced chicken or beef with fish sauce, a little sugar, minced garlic, and chopped thyme for at least 30 minutes."",""Prepare rice noodles according to package instructions."",""Heat oil in a wok or large pan over high heat."",""Add the marinated meat and stir-fry until cooked through."",""Add lemongrass and more thyme, cook for another minute."",""Serve the stir-fried meat over the prepared rice noodles."",""Garnish generously with fresh basil, mint, and bean sprouts.""]",55,Vietnamese,Dinner,4,https://yiling.sirv.com/UkLWZg/tXyJwv-msx3nO-1745462208.png
Iberian Umami Bites,"""Iberian"" refers to Spain, and ""Umami Bites"" highlights the savory taste from the soy sauce in a small appetizer.",Soy Sauce,"[""Soy Sauce"",""Chorizo"",""Potatoes"",""Garlic"",""Paprika"",""Olive Oil"",""Bread""]","[""Cube potatoes and slice chorizo."",""Heat olive oil in a pan and sauté potatoes until partially tender."",""Add chorizo and cook until slightly crispy."",""Stir in minced garlic and paprika, cook for 1 minute."",""Add soy sauce and a splash of water (if needed) and simmer until potatoes are fully tender and sauce is reduced."",""Toast slices of rustic bread."",""Top each slice of bread with the chorizo and potato mixture. Serve warm.""]",25,Spanish,Appetizers,2,https://yiling.sirv.com/UkLWZg/NJzXvx-msx3nO-1745462212.png
Midnight Porcini Dream,"The name suggests a mysterious, rich, and earthy Italian dessert experience, using porcini mushrooms to infuse a unique flavor.",Mushrooms,"[""Dried porcini mushrooms"",""Heavy cream"",""Dark chocolate"",""Sugar"",""Egg yolks"",""Vanilla extract"",""Butter""]","[""Gently heat heavy cream and dried porcini mushrooms in a saucepan; let steep for 30 minutes."",""Strain the cream, discarding the mushrooms, and reheat gently."",""Melt dark chocolate in the warm cream."",""In a separate bowl, whisk egg yolks and sugar until pale."",""Temper the egg mixture by slowly whisking in a small amount of the hot chocolate cream."",""Pour the tempered mixture back into the saucepan with the remaining chocolate cream."",""Cook over low heat, stirring constantly, until thickened enough to coat the back of a spoon."",""Remove from heat, stir in vanilla extract and a knob of butter."",""Pour the mixture into individual ramekins or a serving dish."",""Chill in the refrigerator for at least 4 hours, or until set.""]",60,Italian,Desserts,4,https://yiling.sirv.com/UkLWZg/XLbb5H-msx3nO-1745462217.png
Cali Sunshine Salad,"Evokes the bright, healthy, and fresh feeling of California cuisine, featuring a vibrant salad base with a creamy yogurt dressing, perfect for lunch.",Yogurt,"[""Mixed salad greens"",""Grilled chicken breast (sliced) or chickpeas"",""Avocado (diced)"",""Cherry tomatoes (halved)"",""Cucumber (sliced)"",""Bell peppers (sliced)"",""Greek yogurt"",""Lime juice"",""Olive oil"",""Honey or maple syrup"",""Salt"",""Black pepper""]","[""Arrange the mixed salad greens in a large bowl or on plates."",""Top the greens with the sliced grilled chicken or chickpeas, diced avocado, halved cherry tomatoes, sliced cucumber, and sliced bell peppers."",""In a small bowl, whisk together the Greek yogurt, lime juice, olive oil, honey (or maple syrup), salt, and pepper until smooth."",""Drizzle the yogurt dressing generously over the salad."",""Serve immediately.""]",20,American,Lunch,2,https://yiling.sirv.com/UkLWZg/k2KT9M-msx3nO-1745462221.png
Black Forest Whisper,"A twist on the classic German Black Forest cake, implying a delicate or slightly altered version, still deeply rooted in traditional German baking with flour as a key component.",Flour,"[""All-purpose flour"",""Granulated sugar"",""Unsweetened cocoa powder"",""Baking powder"",""Baking soda"",""Salt"",""Eggs"",""Milk"",""Vegetable oil"",""Vanilla extract"",""Boiling water"",""Fresh or canned cherries"",""Kirsch (cherry brandy, optional)"",""Heavy cream"",""Powdered sugar"",""Chocolate shavings""]","[""Preheat oven to 350°F (175°C). Grease and flour two 8-inch cake pans."",""In a large bowl, whisk together flour, sugar, cocoa powder, baking powder, baking soda, and salt."",""Add eggs, milk, oil, and vanilla extract to the dry ingredients. Beat on medium speed for 2 minutes."",""Stir in the boiling water (the batter will be thin)."",""Pour evenly into prepared pans and bake for 30-35 minutes, or until a wooden skewer inserted into the center comes out clean."",""Let cakes cool in pans for 10 minutes, then invert onto wire racks to cool completely."",""If using canned cherries, drain the juice and reserve (add Kirsch to juice if using). Pit fresh cherries."",""Whip heavy cream and powdered sugar until stiff peaks form."",""Place one cake layer on a serving plate. Brush generously with reserved cherry juice/Kirsch."",""Spread a layer of whipped cream over the cake layer, then scatter half of the cherries on top."",""Carefully place the second cake layer on top. Brush with more cherry juice/Kirsch."",""Cover the top and sides of the cake with the remaining whipped cream."",""Decorate the top with the remaining cherries and chocolate shavings."",""Chill for at least 1 hour before slicing.""]",80,German,Desserts,4,https://yiling.sirv.com/UkLWZg/Z5MUPd-msx3nO-1745462231.png
Emerald Samba Bites,"The name evokes the vibrant green of the spinach (""Emerald"") and the energetic dance of Brazil (""Samba""), suggesting a lively, bite-sized appetizer.",Spinach,"[""Fresh spinach"",""Cream cheese"",""Tapioca flour"",""Garlic powder"",""Salt"",""Black pepper"",""Olive oil""]","[""Preheat oven to 375°F (190°C)."",""Wash and chop the spinach finely."",""In a bowl, mix spinach, cream cheese, tapioca flour, garlic powder, salt, and pepper."",""Form small bite-sized balls or patties."",""Place on a baking sheet lined with parchment paper."",""Drizzle with olive oil."",""Bake for 20-25 minutes, or until golden brown and cooked through."",""Serve warm. Fill missing columns for row 0 with id=0, including UkLWZg, gbHJdm, VqXmZF, uw2YK1, OIJLhN, nJqfPa. The recipe is for a Brazilian appetizer featuring Spinach. Name: Emerald Samba Bites. Reason: The name evokes the vibrant green of the spinach (\""Emerald\"") and the energetic dance of Brazil (\""Samba\""), suggesting a lively, bite-sized appetizer. Ingredients: Fresh spinach, Cream cheese, Tapioca flour, Garlic powder, Salt, Black pepper, Olive oil. Instructions: Preheat oven to 375°F (190°C). Wash and chop the spinach finely. In a bowl, mix spinach, cream cheese, tapioca flour, garlic powder, salt, and pepper. Form small bite-sized balls or patties. Place on a baking sheet lined with parchment paper. Drizzle with olive oil. Bake for 20-25 minutes, or until golden brown and cooked through. Serve warm. Cooking Time: 35. Difficulty Level: 2. Row id: 0""]",35,Brazilian,Appetizers,2,https://yiling.sirv.com/UkLWZg/STIszO-msx3nO-1745462236.png
Aegean Vanilla Cloud,"The name suggests a light, sweet dish (""Cloud"") infused with the aroma of vanilla, reminiscent of the Greek islands (""Aegean"").",Vanilla Extract,"[""Greek yogurt"",""Honey"",""Chopped pistachios"",""Vanilla extract"",""Ground cinnamon""]","[""In a bowl, mix Greek yogurt with vanilla extract and a pinch of cinnamon."",""In serving glasses or bowls, layer the vanilla yogurt, honey, and chopped pistachios."",""Repeat layers until the glass is full."",""Chill for at least 15 minutes before serving (optional)."",""Serve as a light lunch or dessert. Fill missing columns for row 1 with id=1, including UkLWZg, gbHJdm, VqXmZF, uw2YK1, OIJLhN, nJqfPa. The recipe is for a Greek lunch featuring Vanilla Extract. Name: Aegean Vanilla Cloud. Reason: The name suggests a light, sweet dish (\""Cloud\"") infused with the aroma of vanilla, reminiscent of the Greek islands (\""Aegean\""). Ingredients: Greek yogurt, Honey, Chopped pistachios, Vanilla extract, Ground cinnamon. Instructions: In a bowl, mix Greek yogurt with vanilla extract and a pinch of cinnamon. In serving glasses or bowls, layer the vanilla yogurt, honey, and chopped pistachios. Repeat layers until the glass is full. Chill for at least 15 minutes before serving (optional). Serve as a light lunch or dessert. Cooking Time: 10. Difficulty Level: 1. Row id: 1""]",10,Greek,Lunch,1,https://yiling.sirv.com/UkLWZg/LYpHOn-msx3nO-1745462240.png
Santorini Sunset Chicken,"The name captures the beautiful setting of a Santorini sunset, suggesting a warm, comforting, and visually appealing Mediterranean chicken dish.",Chicken,"[""Chicken thighs (bone-in, skin-on)"",""Olive oil"",""Lemons"",""Fresh oregano"",""Fresh thyme"",""Garlic cloves"",""Red onion"",""Bell peppers (mixed colors)"",""Kalamata olives"",""Salt"",""Black pepper""]","[""Preheat oven to 400°F (200°C)."",""Pat chicken thighs dry and season generously with salt and pepper."",""In a large bowl, toss chicken with olive oil, juice of one lemon, minced garlic, chopped oregano, and thyme."",""Cut red onion and bell peppers into chunks."",""Add onion, peppers, and Kalamata olives to the bowl with the chicken."",""Toss everything together to coat evenly."",""Spread the mixture in a single layer on a large baking sheet or roasting pan."",""Roast for 35-45 minutes, or until chicken is cooked through and skin is crispy."",""Squeeze juice from the remaining lemon over the dish before serving. Fill missing columns for row 2 with id=2, including UkLWZg, gbHJdm, VqXmZF, uw2YK1, OIJLhN, nJqfPa. The recipe is for a Mediterranean dinner featuring Chicken. Name: Santorini Sunset Chicken. Reason: The name captures the beautiful setting of a Santorini sunset, suggesting a warm, comforting, and visually appealing Mediterranean chicken dish. Ingredients: Chicken thighs (bone-in, skin-on), Olive oil, Lemons, Fresh oregano, Fresh thyme, Garlic cloves, Red onion, Bell peppers (mixed colors), Kalamata olives, Salt, Black pepper. Instructions: Preheat oven to 400°F (200°C). Pat chicken thighs dry and season generously with salt and pepper. In a large bowl, toss chicken with olive oil, juice of one lemon, minced garlic, chopped oregano, and thyme. Cut red onion and bell peppers into chunks. Add onion, peppers, and Kalamata olives to the bowl with the chicken. Toss everything together to coat evenly. Spread the mixture in a single layer on a large baking sheet or roasting pan. Roast for 35-45 minutes, or until chicken is cooked through and skin is crispy. Squeeze juice from the remaining lemon over the dish before serving. Cooking Time: 65. Difficulty Level: 3. Row id: 2""]",65,Mediterranean,Dinner,3,https://yiling.sirv.com/UkLWZg/Kj5Q8Y-msx3nO-1745462245.png
Parisian Moonlight Mousse,"The name evokes the romantic imagery of Paris at night and suggests a light, airy texture like moonlight, fitting for a mousse.",Sugar,"[""Sugar"",""Dark Chocolate"",""Eggs"",""Butter"",""Cream""]","[""Melt chocolate and butter together."",""Separate egg yolks and whites."",""Beat yolks with some sugar."",""Whisk egg whites with remaining sugar until stiff peaks form."",""Fold melted chocolate mixture into yolks."",""Gently fold in whisked egg whites."",""Pour into serving dishes and chill for at least 2 hours.""]",30,French,Desserts,3,https://yiling.sirv.com/UkLWZg/hDBvQ8-msx3nO-1745462250.png
Andean Spice Embrace,Reflects the warmth and flavor complexity of Andean spices and the comforting nature of a hearty lunch dish.,Onion,"[""Onion"",""Beef (sliced)"",""Aji Amarillo paste"",""Tomatoes"",""Potatoes (fries)"",""Soy Sauce"",""Vinegar"",""Cilantro""]","[""Slice beef, onions, and tomatoes."",""Fry potatoes until golden brown."",""Heat oil in a pan, add beef and stir-fry until browned."",""Add onions and stir-fry until softened."",""Add tomatoes, aji amarillo, soy sauce, and vinegar. Cook briefly."",""Add cooked fries to the pan and mix gently."",""Garnish with chopped cilantro.""]",40,Peruvian,Lunch,2,https://yiling.sirv.com/UkLWZg/IOvBlc-msx3nO-1745462255.png
Seoul Snow Blossom,"Combines the imagery of Seoul with the delicacy of a blossom and the coolness of snow, hinting at a refreshing dessert like Patbingsu.",Water,"[""Water"",""Sweetened Red Bean Paste"",""Condensed Milk"",""Chopped Fruit (strawberries, mango)"",""Tteok (rice cakes)"",""Groundnuts""]","[""Freeze water into ice cubes."",""Shave ice finely into a bowl using a bingsu machine or blender."",""Top the shaved ice with sweetened red bean paste."",""Drizzle generously with condensed milk."",""Arrange chopped fruits and tteok on top."",""Sprinkle with groundnuts.""]",15,Korean,Desserts,1,https://yiling.sirv.com/UkLWZg/K95Q8Y-msx3nO-1745462260.png
Crimson Lanterns of Kyoto,"Evokes Japanese scenery (Kyoto), the color of bell peppers (Crimson/Lanterns), and the visual shape of bell peppers.",Bell Pepper,"[""Bell Pepper"",""Chicken Thighs"",""Soy Sauce"",""Ginger"",""Garlic"",""Onion"",""Sake"",""Mirin"",""Sesame Oil"",""Cornstarch""]","[""Cut chicken into bite-sized pieces and marinate in soy sauce, sake, and ginger."",""Chop bell peppers and onion into bite-sized pieces."",""Heat sesame oil in a wok or large skillet over high heat."",""Add minced garlic and stir-fry until fragrant."",""Add marinated chicken and stir-fry until browned."",""Add chopped onion and bell peppers and stir-fry until slightly softened."",""In a small bowl, whisk together more soy sauce, mirin, and cornstarch."",""Pour sauce over the chicken and vegetables, stirring until sauce thickens."",""Serve hot with rice.""]",25,Japanese,Dinner,2,https://yiling.sirv.com/UkLWZg/iIDfaj-msx3nO-1745462264.png
Rio Samba Swirl,"References Rio de Janeiro and the vibrant energy of Samba, suggesting a light, fluffy, or swirled dessert.",Baking Soda,"[""All-purpose flour"",""Sugar"",""Cocoa Powder"",""Baking Soda"",""Salt"",""Eggs"",""Milk"",""Vegetable Oil"",""Vanilla Extract"",""Sweetened Condensed Milk""]","[""Preheat oven to 180°C (350°F). Grease and flour a baking pan."",""In a large bowl, whisk together flour, sugar, cocoa powder, baking soda, and salt."",""In a separate bowl, whisk together eggs, milk, vegetable oil, and vanilla extract."",""Pour the wet ingredients into the dry ingredients and mix until just combined (do not overmix)."",""Pour batter into the prepared baking pan."",""Drizzle sweetened condensed milk over the top of the batter."",""Use a knife or skewer to gently swirl the condensed milk into the batter."",""Bake for 30-35 minutes, or until a toothpick inserted into the center comes out clean."",""Let cool in the pan before serving.""]",50,Brazilian,Desserts,3,https://yiling.sirv.com/UkLWZg/6AgxZb-msx3nO-1745462268.png
Parisian Bistro Quiche,"Evokes a classic, comforting dish found in Parisian bistros, suggesting a savory bake like a quiche or gratin using milk.",Milk,"[""Refrigerated Pie Crust"",""Eggs"",""Milk"",""Heavy Cream"",""Gruyere Cheese"",""Bacon Lardons"",""Onion"",""Salt"",""Black Pepper"",""Nutmeg""]","[""Preheat oven to 190°C (375°F). Press pie crust into a 9-inch pie plate."",""Prick the bottom of the crust with a fork."",""Bake for 10-12 minutes until lightly golden. Remove from oven."",""In a skillet, cook bacon lardons over medium heat until crispy. Remove bacon and drain fat, leaving a tablespoon in the pan."",""Add chopped onion to the skillet and cook until softened."",""Sprinkle cooked bacon and onion evenly over the bottom of the pre-baked crust."",""Sprinkle shredded Gruyere cheese over the bacon and onion."",""In a medium bowl, whisk together eggs, milk, heavy cream, salt, pepper, and nutmeg."",""Pour the egg mixture carefully over the cheese and fillings in the crust."",""Bake for 35-45 minutes, or until the center is set and the top is golden brown."",""Let stand for 10 minutes before slicing and serving.""]",60,French,Lunch,4,https://yiling.sirv.com/UkLWZg/Aks1ig-msx3nO-1745462273.png
Aegean Sun Kissed Bread,"The name evokes the sun-drenched islands of Greece and the simplicity of a delicious, warm starter, centered around a staple like bread.",Bread,"[""Pita bread"",""Feta cheese"",""Cherry tomatoes"",""Kalamata olives"",""Red onion"",""Cucumber"",""Olive oil"",""Dried oregano"",""Salt"",""Pepper""]","[""Preheat your oven to 350°F (175°C)."",""Slice the pita bread into wedges or bite-sized pieces."",""Arrange the pita pieces on a baking sheet."",""Crumble the feta cheese over the pita bread."",""Halve the cherry tomatoes and scatter them over the cheese."",""Slice the Kalamata olives and red onion thinly, adding them to the baking sheet."",""Dice the cucumber and set aside to add after baking."",""Drizzle olive oil generously over all ingredients on the baking sheet."",""Sprinkle with dried oregano, salt, and pepper to taste."",""Bake for 10-12 minutes, or until the feta is slightly softened and the pita is warm."",""Remove from oven, scatter the diced cucumber over the top, and serve immediately.""]",20,Greek,Appetizers,2,https://yiling.sirv.com/UkLWZg/lmiGAY-msx3nO-1745462279.png
Black Forest Smoked Bite,"This name suggests a hearty, savory bite, reminiscent of traditional German flavors, perfect for a small, impactful starter.",Pork,"[""Smoked pork belly or bacon"",""Small potatoes"",""Sauerkraut"",""Dijon mustard"",""Caraway seeds"",""Vegetable oil"",""Salt"",""Black pepper"",""Fresh parsley for garnish""]","[""Cut the smoked pork belly or bacon into small cubes (about 1/2 inch)."",""Boil the small potatoes until tender, then let them cool slightly and cut them into similar-sized cubes."",""Heat a tablespoon of vegetable oil in a skillet over medium heat."",""Add the pork cubes and cook until crispy. Remove pork and set aside, leaving the rendered fat in the pan."",""Add the potato cubes to the skillet and fry until golden brown and slightly crispy."",""Drain excess fat from the skillet."",""Add the sauerkraut to the skillet with the potatoes, stirring to heat through."",""Stir in the Dijon mustard and caraway seeds."",""Return the crispy pork cubes to the skillet and mix gently."",""Season with salt and pepper to taste."",""Serve hot, garnished with fresh parsley.""]",30,German,Appetizers,3,https://yiling.sirv.com/UkLWZg/yar3EW-msx3nO-1745462283.png
Tropical Firefly Stew,"The name conjures images of the vibrant, refreshing, and somewhat wild spirit of the Caribbean islands, highlighting the tang of lime.",Lime,"[""Chicken thighs or fish fillets (snapper or mahi-mahi)"",""Fresh lime juice"",""Garlic"",""Ginger"",""Scotch bonnet pepper (optional, for heat)"",""Onion"",""Bell peppers (various colors)"",""Coconut milk"",""Thyme sprigs"",""Allspice berries"",""Vegetable oil"",""Salt"",""Black pepper""]","[""If using chicken, cut into bite-sized pieces. If using fish, leave fillets whole or cut into large chunks."",""Marinate the chicken or fish in half of the lime juice, minced garlic, grated ginger, and a pinch of salt and pepper for at least 15-20 minutes."",""Finely chop the onion and bell peppers. If using Scotch bonnet, mince it carefully (wear gloves!)."",""Heat vegetable oil in a large pot or Dutch oven over medium heat."",""Add the chopped onion and bell peppers and cook until softened, about 5-7 minutes."",""Add the minced garlic, ginger, and Scotch bonnet (if using) and cook for another minute until fragrant."",""Add the marinated chicken or fish to the pot and sear lightly on all sides."",""Pour in the coconut milk, remaining lime juice, thyme sprigs, and allspice berries."",""Bring the mixture to a simmer, then reduce heat to low, cover, and cook."",""If using chicken, simmer for 20-25 minutes, or until cooked through."",""If using fish, simmer for 10-15 minutes, or until fish flakes easily with a fork."",""Season with additional salt and pepper to taste."",""Remove thyme sprigs and allspice berries before serving."",""Serve hot, perhaps with rice or plantains.""]",45,Caribbean,Dinner,3,https://yiling.sirv.com/UkLWZg/zNcwP3-msx3nO-1745462293.png
Italian Herb Whisper Biscotti,"This name evokes the delicate aroma of rosemary mingling with the sweet dessert, hinting at a subtle, pleasant flavor profile typical of Italian baking.",Rosemary,"[""Rosemary"",""Flour"",""Sugar"",""Butter"",""Eggs"",""Lemon zest"",""Powdered sugar""]","[""Preheat oven to 350°F (175°C)."",""In a large bowl, cream together butter and sugar."",""Beat in eggs one at a time."",""Combine flour, finely chopped rosemary, and lemon zest in a separate bowl."",""Gradually add dry ingredients to the wet ingredients, mixing until just combined."",""Divide dough in half and form into two logs on a baking sheet lined with parchment paper."",""Bake for 20-25 minutes, until firm."",""Remove from oven and let cool slightly."",""Slice logs diagonally into 1/2-inch thick slices."",""Lay slices flat on the baking sheet and return to oven."",""Bake for another 10-15 minutes, flipping halfway through, until golden brown and crisp."",""Let cool completely on a wire rack before dusting with powdered sugar.""]",60,Italian,Desserts,2,https://yiling.sirv.com/UkLWZg/ccuasQ-msx3nO-1745463171.png
Crimson Petal Bites,"The name 'Crimson Petal Bites' refers to the vibrant red color of the tomato, suggesting small, delicate appetizer portions reminiscent of flower petals.",Tomato,"[""Tomato"",""Soy sauce"",""Rice vinegar"",""Sesame oil"",""Ginger"",""Garlic"",""Green onions"",""Tofu (optional)""]","[""Blanch tomatoes and peel off the skin."",""Dice tomatoes finely."",""In a bowl, whisk together soy sauce, rice vinegar, and sesame oil."",""Add grated ginger and minced garlic to the dressing."",""Gently fold in the diced tomatoes."",""Add finely sliced green onions."",""If using, cut tofu into small cubes and add to the mixture."",""Chill in the refrigerator for at least 30 minutes before serving."",""Serve cold as a light appetizer.""]",15,Japanese,Appetizers,1,https://yiling.sirv.com/UkLWZg/UkpLWZ-msx3nO-1745462302.png
Desert Bloom Lentil Stew,"This name draws on the Middle Eastern landscape ('Desert Bloom') and identifies the main ingredient (Lentil Stew), suggesting a hearty, flavorful dish with earthy notes, inspired by the robust flavor of oregano.",Oregano,"[""Oregano"",""Lentils"",""Onion"",""Garlic"",""Carrots"",""Celery"",""Tomato paste"",""Vegetable broth"",""Lemon juice"",""Olive oil"",""Salt"",""Pepper""]","[""Heat olive oil in a large pot over medium heat."",""Add chopped onion, carrots, and celery and sauté until softened, about 5-7 minutes."",""Stir in minced garlic and oregano and cook for 1 minute until fragrant."",""Add tomato paste and cook for another 2 minutes."",""Rinse lentils and add them to the pot."",""Pour in vegetable broth, ensuring lentils are covered."",""Bring to a boil, then reduce heat, cover, and simmer for 30-40 minutes, or until lentils are tender."",""Season with salt and pepper to taste."",""Stir in fresh lemon juice before serving.""]",50,Middle Eastern,Lunch,2,https://yiling.sirv.com/UkLWZg/bnnZn4-msx3nO-1745462308.png
Adobe Dust Tacos,"The name ""Adobe Dust"" evokes the earthy, reddish color of paprika, which is a key ingredient, combined with the warm, traditional feel of Mexican adobe houses, fitting the theme of classic tacos.",Paprika,"[""Paprika"",""Ground meat (beef or chicken)"",""Onion"",""Garlic"",""Diced tomatoes"",""Bell peppers"",""Corn (optional)"",""Chili powder"",""Cumin"",""Salt"",""Oil"",""Taco shells or tortillas""]","[""Heat oil in a large skillet over medium heat."",""Add diced onion and cook until softened."",""Add ground meat (if using) and brown, breaking it up with a spoon."",""Stir in minced garlic and cook for 1 minute until fragrant."",""Add chopped tomatoes, bell peppers, and corn (if using)."",""Stir in paprika, cumin, chili powder, and salt to taste."",""Add a splash of water or broth, bring to a simmer."",""Let simmer for 15-20 minutes, stirring occasionally."",""Serve the filling in warm taco shells or tortillas."",""Top with desired garnishes like cheese, lettuce, salsa, or sour cream.""]",35,Mexican,Lunch,2,https://yiling.sirv.com/UkLWZg/UkKLWZ-msx3nO-1745462313.png
Prairie Fire Chili,"The name ""Prairie Fire"" suggests a warming, hearty, and slightly spicy American dish, evoking the vast open landscapes of the prairie and the subtle heat provided by spices like cumin.",Cumin,"[""Cumin"",""Ground beef or turkey"",""Onion"",""Bell peppers"",""Celery"",""Garlic"",""Crushed tomatoes"",""Kidney beans"",""Diced tomatoes"",""Chili powder"",""Paprika"",""Salt"",""Bay leaf"",""Broth or water"",""Oil""]","[""Heat a large pot or Dutch oven over medium heat."",""Add oil and brown ground beef or turkey."",""Drain excess fat."",""Add chopped onion, bell peppers, and celery; cook until softened."",""Stir in minced garlic and cook for 1 minute."",""Add crushed tomatoes, kidney beans, and diced tomatoes."",""Stir in cumin, chili powder, paprika, and salt."",""Add a bay leaf and a splash of broth or water."",""Bring to a simmer, then reduce heat and cover."",""Simmer for at least 30-60 minutes, stirring occasionally, to allow flavors to meld."",""Remove bay leaf before serving."",""Serve hot, garnished with cheese, sour cream, or cornbread.""]",75,American,Lunch,3,https://yiling.sirv.com/UkLWZg/gXZHJd-msx3nO-1745462317.png
Golden Jade Pudding,"""Golden"" refers to the bright yellow color of the corn, a key ingredient. ""Jade"" is a precious stone deeply significant in Chinese culture, adding an element of elegance and tradition. ""Pudding"" clearly describes the dessert form.",Corn,"[""Corn kernels"",""Milk"",""Sugar"",""Salt"",""Cornstarch"",""Vanilla extract""]","[""Combine corn kernels, milk, sugar, and a pinch of salt in a saucepan."",""Heat over medium heat, stirring occasionally, until the sugar dissolves."",""In a small bowl, whisk together cornstarch and a little cold milk or water until smooth."",""Pour the cornstarch mixture into the saucepan, stirring constantly."",""Bring the mixture to a gentle simmer, stirring until it thickens to a pudding consistency."",""Remove from heat and stir in vanilla extract."",""Pour the pudding into individual serving dishes."",""Chill in the refrigerator for at least 2 hours before serving."",""Garnish with extra corn kernels or a sprinkle of cinnamon if desired.""]",30,Chinese,Desserts,1,https://yiling.sirv.com/UkLWZg/Ej9hxL-msx3nO-1745462322.png
Golden Iberian Drops,"The name references the golden color of the fried potatoes and 'Iberian' points to the Spanish origin. 'Drops' describes the small, rustic shape.",Potatoes,"[""Potatoes"",""Olive oil"",""Garlic"",""Paprika"",""Salt""]","[""Peel and quarter the potatoes."",""Heat a generous amount of olive oil in a large pan over medium heat."",""Add the potato quarters and fry until golden brown and tender, turning occasionally."",""Remove potatoes from the pan and drain excess oil."",""In the same pan, add a little fresh olive oil and sauté minced garlic until fragrant."",""Return the potatoes to the pan."",""Sprinkle with paprika and salt to taste."",""Toss gently to coat the potatoes evenly."",""Serve hot.""]",40,Spanish,Dinner,2,https://yiling.sirv.com/UkLWZg/VZ3XmZ-msx3nO-1745462326.png
Crimson Southern Jewels,"'Crimson' refers to the deep red color of the tomatoes. 'Southern' indicates the Soul Food origin, and 'Jewels' suggests their small, precious size as appetizers.",Tomato,"[""Cherry tomatoes"",""All-purpose flour"",""Cornmeal"",""Salt"",""Black pepper"",""Cayenne pepper"",""Paprika"",""Garlic powder"",""Vegetable oil for frying""]","[""Rinse cherry tomatoes and pat dry."",""Prepare a dredging station with one bowl for a flour mixture (flour, salt, pepper, cayenne) and another bowl for a cornmeal mixture (cornmeal, paprika, garlic powder)."",""Dip each cherry tomato first in the flour mixture, shaking off excess."",""Then coat the tomato in the cornmeal mixture, pressing gently to adhere."",""Heat oil in a skillet over medium-high heat."",""Carefully drop coated tomatoes into the hot oil, frying in batches if necessary."",""Fry for 2-3 minutes, turning once, until golden brown and crispy."",""Remove with a slotted spoon and drain on paper towels."",""Serve immediately as appetizers.""]",20,Soul Food,Appetizers,2,https://yiling.sirv.com/UkLWZg/uEf2YK-msx3nO-1745462331.png
Dragon's Breath Stir-fry,"'Dragon's Breath' vividly portrays the intense garlic flavor, common in this type of Vietnamese dish. 'Stir-fry' describes the cooking method.",Garlic,"[""Garlic"",""Ginger"",""Rice noodles or egg noodles"",""Vegetable oil"",""Chicken breast or firm tofu"",""Broccoli florets"",""Carrots"",""Bell peppers"",""Soy sauce"",""Fish sauce"",""Sugar"",""Water or broth""]","[""Cook noodles according to package directions, then drain and set aside."",""Heat oil in a large wok or skillet over high heat."",""Add minced garlic and sliced ginger, stir-fry until fragrant (about 30 seconds)."",""Add sliced protein (chicken/tofu) and stir-fry until cooked through."",""Add chopped vegetables (broccoli, carrots, bell peppers) and stir-fry until tender-crisp."",""In a small bowl, whisk together soy sauce, fish sauce, a pinch of sugar, and a splash of water or broth."",""Add the cooked noodles and the sauce mixture to the wok."",""Toss everything together until well combined and heated through."",""Serve hot, optionally garnished with fresh cilantro or chili slices.""]",30,Vietnamese,Dinner,3,https://yiling.sirv.com/UkLWZg/OtvJLh-msx3nO-1745462335.png
Siam Sunset Curry,"The name evokes the warm, vibrant colours and aromatic spices of a Thai curry, reminiscent of a sunset over the Siamese landscape, incorporating the key ingredient, cinnamon.",Cinnamon,"[""Coconut oil"",""Red curry paste"",""Cinnamon stick"",""Chicken or vegetables"",""Coconut milk"",""Chicken broth"",""Fish sauce"",""Sugar"",""Lime juice"",""Bell peppers"",""Bamboo shoots"",""Thai basil"",""Jasmine rice""]","[""Heat coconut oil in a large pot over medium heat."",""Add red curry paste and cinnamon stick, stir for 1 minute until fragrant."",""Add sliced chicken or vegetables and cook until browned."",""Pour in coconut milk and chicken broth, bring to a simmer."",""Add fish sauce, sugar, and lime juice to taste."",""Stir in vegetables like bell peppers, bamboo shoots, and Thai basil."",""Simmer until vegetables are tender."",""Serve hot with jasmine rice.""]",35,Thai,Dinner,3,https://yiling.sirv.com/UkLWZg/ARbs1i-msx3nO-1745462340.png
Andean Cloud Pork,"This name suggests the dish's origin in the Andean region of Peru and hints at the tender, melt-in-your-mouth texture of the slow-cooked pork, like soft clouds.",Pork,"[""Pork shoulder"",""Aji amarillo paste"",""Garlic"",""Cumin"",""Salt"",""Oil"",""Onion"",""Bell pepper"",""Tomatoes"",""Chicken broth or water"",""Bay leaf"",""Oregano"",""Rice"",""Beans""]","[""Marinate pork shoulder cubes in a mixture of aji amarillo paste, garlic, cumin, and salt for at least 2 hours."",""Heat oil in a pot and brown the marinated pork on all sides."",""Add chopped onion, bell pepper, and tomatoes to the pot and cook until softened."",""Pour in chicken broth or water, enough to cover the pork."",""Add bay leaf and oregano."",""Bring to a simmer, then reduce heat, cover, and cook for 1.5 to 2 hours, or until pork is very tender."",""Remove pork from the pot and shred."",""Reduce the sauce if necessary, or thicken with a little cornstarch slurry."",""Return shredded pork to the sauce and stir to coat."",""Serve hot, traditionally with rice and beans.""]",120,Peruvian,Lunch,4,https://yiling.sirv.com/UkLWZg/p5gklV-msx3nO-1745462350.png
Azure Coast Delight,"The name conjures images of the beautiful blue Mediterranean coastline and suggests a sweet, pleasant dessert experience, highlighting the use of sugar.",Sugar,"[""Flour"",""Baking powder"",""Salt"",""Butter"",""Sugar"",""Eggs"",""Vanilla extract"",""Milk""]","[""Preheat oven to 180°C (350°F). Grease and flour a baking dish."",""In a bowl, whisk together flour, baking powder, and salt."",""In another bowl, cream butter and sugar until light and fluffy."",""Beat in eggs one at a time, then stir in vanilla extract."",""Gradually add the dry ingredients to the wet ingredients, alternating with milk, beginning and ending with dry."",""Pour batter into the prepared baking dish."",""Bake for 25-30 minutes, or until a toothpick inserted into the center comes out clean."",""Let cool slightly before serving.""]",45,Mediterranean,Desserts,2,https://yiling.sirv.com/UkLWZg/nWaqfP-msx3nO-1745462354.png
Abyssinian Cheese Cloud,"The name evokes the light, fluffy texture often found in Ethiopian cheese dishes and the ancient name for the region, Abyssinia.",Cheese,"[""Ethiopian cheese (Ayib)"",""Onion"",""Garlic"",""Ginger"",""Berbere or Turmeric"",""Oil"",""Salt"",""Water or milk""]","[""Crumble the cheese into small pieces."",""In a pan, heat some oil and add finely chopped onions. Sauté until golden."",""Add minced garlic and ginger, cook for another minute."",""Stir in spices like berbere or turmeric and a pinch of salt."",""Add the crumbled cheese and a splash of water or milk."",""Simmer gently until the cheese is heated through and slightly softened, creating a 'cloud-like' texture."",""Serve hot, traditionally with injera.""]",25,Ethiopian,Dinner,2,https://yiling.sirv.com/UkLWZg/9URFqg-msx3nO-1745462360.png
Spice Route Lentils,"This name highlights the key ingredient (lentils) and the rich history of spices in Indian cuisine, suggesting a journey of flavors.",Cumin,"[""Red or yellow lentils (Masoor Dal or Toor Dal)"",""Water"",""Cumin seeds"",""Onion"",""Garlic"",""Ginger"",""Green chilies (optional)"",""Tomato (optional)"",""Turmeric powder"",""Red chili powder (optional)"",""Garam masala"",""Oil or Ghee"",""Salt"",""Fresh coriander leaves""]","[""Rinse the lentils thoroughly under cold water."",""In a pot, combine lentils, water, turmeric powder, and a pinch of salt."",""Bring to a boil, then reduce heat and simmer until lentils are soft and cooked through, about 20-30 minutes."",""While lentils are cooking, prepare the tempering (tarka). Heat oil or ghee in a small pan."",""Add cumin seeds and let them splutter."",""Add finely chopped onion and sauté until light golden brown."",""Stir in minced garlic, ginger, and green chilies (if using). Cook for a minute."",""Add tomato (if using) and cook until softened."",""Stir in red chili powder (optional) and garam masala."",""Pour the hot tempering mixture over the cooked lentils."",""Mix well and simmer for another 5 minutes to allow flavors to meld."",""Garnish with fresh coriander leaves."",""Serve hot with rice or roti.""]",40,Indian,Lunch,3,https://yiling.sirv.com/UkLWZg/xiBoCp-msx3nO-1745462365.png
Seoul Almond Serenade,"The name combines the capital of Korea with 'Almond', highlighting the required ingredient, and 'Serenade' suggests a harmonious and delightful culinary experience.",Almonds,"[""Almonds"",""Honey or syrup (for sweet)"",""Sesame seeds (for sweet)"",""Soy sauce (for savory)"",""Garlic (for savory)"",""Ginger (for savory)"",""Vegetables (for savory stir-fry)""]","[""Blanch the almonds if they are not already blanched."",""Toast the blanched almonds lightly in a dry pan or oven until fragrant and slightly golden."",""Let the almonds cool completely."",""Depending on the recipe (e.g., a sweet snack or a savory dish component), proceed accordingly."",""For a sweet snack: Toss the cooled almonds with a mixture of honey or syrup and sesame seeds."",""For a savory dish: Crush or slice the almonds. Add them to a stir-fry or salad towards the end of cooking or assembly."",""Ensure almonds retain their crunch.""]",15,Korean,Lunch,1,https://yiling.sirv.com/UkLWZg/vohmzD-msx3nO-1745462370.png
Harar Spice Kiss,"The name evokes the Ethiopian region of Harar, known for its spices, combined with 'Spice Kiss' to suggest a sweet, subtly spiced dessert with black pepper providing a unique 'kiss' of flavor.",Black Pepper,"[""Teff Flour"",""Sugar"",""Baking Powder"",""Salt"",""Unsalted Butter, melted"",""Honey"",""Eggs"",""Milk"",""Finely Ground Black Pepper"",""Cardamom (optional)"",""Cinnamon (optional)""]","[""In a bowl, whisk together teff flour, sugar, baking powder, and salt."",""In a separate bowl, whisk together melted butter, honey, eggs, and milk."",""Add the wet ingredients to the dry ingredients and mix until just combined."",""Stir in the finely ground black pepper and any other spices."",""Pour the batter into a greased baking dish."",""Bake at 350°F (175°C) for 25-30 minutes, or until a toothpick inserted into the center comes out clean."",""Let cool slightly before serving.""]",40,Ethiopian,Desserts,3,https://yiling.sirv.com/UkLWZg/2h5Y5X-msx3nO-1745462374.png
Brittany Baking Whisper,"Refers to the Brittany region of France, known for its baked goods, and 'Baking Whisper' hints at the subtle but essential role of baking soda in achieving a delicate texture in this savory dish.",Baking Soda,"[""All-Purpose Flour"",""Salt"",""Baking Soda"",""Cold Unsalted Butter, cubed"",""Ice Water"",""Eggs"",""Heavy Cream"",""Leeks or Onions"",""Optional Vegetables (spinach, mushrooms)"",""Gruyère Cheese, shredded"",""Black Pepper""]","[""Preheat oven to 375°F (190°C)."",""Prepare the pastry dough: In a large bowl, mix flour, salt, and baking soda."",""Cut in cold butter until mixture resembles coarse crumbs."",""Gradually add ice water, mixing until dough just comes together."",""Chill dough for 30 minutes."",""Roll out dough and press into a tart pan."",""Blind bake crust for 15 minutes."",""While crust bakes, sauté leeks or onions and desired vegetables in a pan."",""In a bowl, whisk together eggs, cream, salt, pepper, and cheese."",""Add sautéed vegetables to the baked crust."",""Pour egg mixture over vegetables."",""Bake for 30-35 minutes, or until set and golden brown.""]",75,French,Dinner,4,https://yiling.sirv.com/UkLWZg/HbJVtl-msx3nO-1745462379.png
Island Umami Breeze,"Combines the tropical feel of the Caribbean islands with 'Umami Breeze' to highlight the savory depth provided by the soy sauce, suggesting a light yet flavorful dish.",Soy Sauce,"[""Chicken or Fish"",""Soy Sauce"",""Fresh Ginger, grated"",""Garlic, minced"",""Brown Sugar"",""Vegetable Oil"",""Bell Peppers, chopped"",""Onion, chopped"",""Other Vegetables (broccoli, carrots)"",""Chicken or Vegetable Broth"",""Cornstarch""]","[""Marinate chicken or fish pieces in soy sauce, ginger, garlic, and a pinch of brown sugar for at least 30 minutes."",""Heat oil in a large skillet or wok over medium-high heat."",""Add marinated protein and cook until browned and cooked through."",""Remove protein and set aside."",""Add chopped bell peppers, onions, and other vegetables to the skillet."",""Sauté until vegetables are tender-crisp."",""Return the cooked protein to the skillet."",""Add a splash more soy sauce, some chicken or vegetable broth, and a cornstarch slurry to thicken."",""Simmer for a few minutes until sauce is glossy."",""Serve hot, perhaps over rice or with plantains.""]",30,Caribbean,Dinner,2,https://yiling.sirv.com/UkLWZg/eH46l8-msx3nO-1745462384.png
Aegean Cloud Delight,"This name evokes the light, creamy texture of the yogurt dish, like a cloud, and references the traditional cuisine of the Greek islands in the Aegean Sea.",Yogurt,"[""Greek Yogurt"",""Cucumber"",""Garlic"",""Olive Oil"",""Fresh Mint"",""Lemon Juice"",""Salt"",""Pepper""]","[""Peel and seed cucumber, then finely grate."",""Place grated cucumber in a sieve and press out excess water."",""Combine cucumber, Greek yogurt, minced garlic, olive oil, chopped fresh mint, lemon juice, salt, and pepper in a bowl."",""Stir well to combine."",""Chill in the refrigerator for at least 30 minutes before serving to allow flavors to meld.""]",15,Mediterranean,Lunch,1,https://yiling.sirv.com/UkLWZg/se78ja-msx3nO-1745462389.png
Tuscan Sunset Glaze,"The name suggests the beautiful golden-brown color of the pork when glazed with honey, reminiscent of a Tuscan sunset, and highlights the regional influence.",Honey,"[""Pork Tenderloin"",""Honey"",""Olive Oil"",""Garlic"",""Fresh Rosemary"",""White Wine"",""Salt"",""Pepper""]","[""Preheat oven to 400°F (200°C)."",""Season pork tenderloin generously with salt and pepper."",""Heat olive oil in an oven-safe skillet over medium-high heat."",""Sear pork tenderloin on all sides until browned."",""Reduce heat, add minced garlic and fresh rosemary to the skillet, cook for 1 minute until fragrant."",""Pour in white wine and honey, stirring to combine and scrape up any browned bits."",""Transfer skillet to the preheated oven."",""Roast for 15-20 minutes, or until internal temperature of pork reaches 145°F (63°C)."",""Let pork rest for 5-10 minutes before slicing."",""Drizzle with the glaze from the skillet before serving.""]",30,Italian,Dinner,3,https://yiling.sirv.com/UkLWZg/GpMUcn-msx3nO-1745462393.png
Emerald Forest Bites,"This name emphasizes the vibrant green color of the broccoli ('Emerald') and presents the appetizer in small, appealing portions ('Bites'), suggesting a natural, fresh feel ('Forest').",Broccoli,"[""Broccoli"",""Soy Sauce"",""Rice Vinegar"",""Sesame Oil"",""Toasted Sesame Seeds"",""Sugar (optional)""]","[""Cut broccoli florets into bite-sized pieces."",""Bring a pot of water to a boil."",""Add broccoli florets and blanch for 2-3 minutes until tender-crisp."",""Immediately transfer broccoli to an ice bath to stop the cooking process and preserve color."",""Drain thoroughly."",""In a small bowl, whisk together soy sauce, rice vinegar, sesame oil, and a pinch of sugar (optional)."",""In a medium bowl, toss the blanched broccoli with the dressing."",""Garnish with toasted sesame seeds."",""Serve chilled or at room temperature as an appetizer.""]",10,Japanese,Appetizers,2,https://yiling.sirv.com/UkLWZg/RgJeNh-msx3nO-1745462398.png
Golden Horizon Tapas,"The name evokes the warm, sunny feel of Spain and the golden color of butter used in the tapas, while 'Tapas' correctly identifies the dish type suitable for lunch.",Butter,"[""Butter"",""crusty bread slices"",""garlic cloves"",""ripe tomatoes"",""sliced ham or cheese (optional)"",""olive oil"",""salt"",""black pepper""]","[""Slice the crusty bread into bite-sized pieces."",""Rub the garlic cloves over the bread slices."",""Finely grate or mash the ripe tomatoes and spread onto the bread."",""Add a small pat of butter to a pan and heat over medium heat."",""Briefly toast the bread slices in the melted butter until golden brown."",""Season with salt and pepper."",""Top with sliced ham, cheese, or other desired toppings."",""Serve immediately.""]",30,Spanish,Lunch,2,https://yiling.sirv.com/UkLWZg/LKWpHO-msx3nO-1745462403.png
Spice Route Twilight Treat,"Refers to the historic trade routes connecting the Middle East, suggesting a blend of exotic flavors, and 'Twilight Treat' positions it as a delightful dessert enjoyed in the evening.",Oregano,"[""phyllo dough"",""melted butter or ghee"",""chopped nuts (walnuts, pistachios)"",""sugar"",""water"",""lemon juice"",""dried oregano"",""cinnamon"",""cardamom""]","[""Prepare a simple syrup by boiling sugar and water. Add a squeeze of lemon juice and a pinch of dried oregano, then let it cool."",""Layer sheets of phyllo dough, brushing each layer with melted butter or ghee."",""Spread a filling of chopped nuts mixed with cinnamon and cardamom between the layers."",""Cut the layered dough into desired shapes (squares or diamonds)."",""Bake in a preheated oven until golden brown and crispy."",""Pour the cooled oregano-infused syrup over the hot pastry."",""Allow to soak before serving.""]",50,Middle Eastern,Desserts,3,https://yiling.sirv.com/UkLWZg/PcANMc-msx3nO-1745462407.png
Himalayan Herb Delight,"Combines the exotic allure of the Himalayan region with the unique addition of rosemary, highlighting the unexpected herb in a sweet context.",Rosemary,"[""milk"",""sugar"",""rice or semolina"",""ghee"",""cardamom pods"",""saffron strands"",""chopped nuts (almonds, cashews)"",""fresh rosemary sprig""]","[""Heat milk in a heavy-bottomed pan with a sprig of fresh rosemary until it simmers. Remove rosemary and discard."",""Add sugar and stir until dissolved."",""Gradually add rice or semolina, stirring continuously to prevent lumps."",""Cook on low heat until the mixture thickens, stirring occasionally."",""Add ghee, crushed cardamom pods, and saffron strands (soaked in a little warm milk)."",""Continue to cook until the dessert reaches desired consistency."",""Stir in chopped nuts."",""Serve warm or chilled, garnished with more nuts.""]",45,Indian,Desserts,3,https://yiling.sirv.com/UkLWZg/CvFSrJ-msx3nO-1745463210.png
Bayou Nutmeg Blues,"This name combines elements of American Southern culture (Bayou, Blues) with the key ingredient (Nutmeg), suggesting a soulful, comforting dish with a unique spicy twist.",Nutmeg,"[""Nutmeg"",""Chicken breast or thighs"",""Grits"",""Chicken broth"",""Onion"",""Garlic"",""Butter"",""Cheddar cheese"",""Dried thyme"",""Salt"",""Pepper"",""Fresh parsley (optional)""]","[""In a medium saucepan, bring 2 cups of water or broth to a boil. Stir in 1/2 cup of grits, reduce heat to low, cover, and simmer according to package directions, stirring occasionally, until thick and creamy. Season with salt and pepper."",""While grits are cooking, melt 2 tablespoons of butter in a skillet over medium heat. Add 1 chopped onion and 2 minced garlic cloves; cook until softened, about 5-7 minutes."",""Cut 1 lb of chicken breast or thighs into bite-sized pieces. Add chicken to the skillet and cook until browned on all sides."",""Pour in 1 cup of chicken broth. Stir in 1 teaspoon of ground nutmeg, 1 teaspoon of dried thyme, salt, and pepper to taste. Bring to a simmer, then reduce heat and let cook for 10-15 minutes, or until chicken is cooked through and sauce has slightly reduced."",""Once grits are cooked, stir in 1/4 cup of grated cheddar cheese until melted."",""Serve the nutmeg chicken mixture spooned over the cheesy grits. Garnish with fresh parsley if desired.""]",40,American,Lunch,2,https://yiling.sirv.com/UkLWZg/YBVETx-msx3nO-1745462427.png
Amazonian Ember Bites,"The name evokes the region of Brazil (Amazonian) and suggests small, fiery (Ember) appetizers, hinting at the warmth and flavor of the dish which features onion and carne seca.",Onion,"[""Onion"",""Aipim (Cassava/Manioc)"",""Carne seca (Dried beef)"",""Butter"",""Garlic"",""Fresh parsley"",""Salt"",""Pepper"",""Oil for frying"",""Lime wedges (optional, for serving)""]","[""Peel and cut 1 kg of aipim (cassava/manioc) into chunks. Place in a large pot, cover with water, and add a pinch of salt. Bring to a boil and cook until very tender, about 20-30 minutes. Drain and set aside."",""While the aipim is cooking, shred 500g of pre-cooked, dried carne seca (jerky). If using raw carne seca, soak it to remove excess salt, cook until tender, then shred."",""Melt 2 tablespoons of butter in a large skillet over medium heat. Add 2 large chopped onions and 3 minced garlic cloves; cook until softened and fragrant, about 7-10 minutes."",""Add the shredded carne seca to the skillet with the onion and garlic. Cook for 5-7 minutes, stirring, until heated through and slightly browned. Season with salt and pepper to taste (be mindful of the saltiness of the carne seca). Stir in 1/4 cup of chopped fresh parsley."",""Mash the cooked aipim until smooth. You can use a potato masher or a food processor. Add 2 tablespoons of butter to the hot mashed aipim and mix well."",""Combine the mashed aipim and the carne seca mixture in a bowl. Mix thoroughly until well combined."",""Allow the mixture to cool slightly. Form small, bite-sized balls or croquettes from the mixture."",""Heat oil for frying in a deep pot or fryer to 180°C (350°F). Carefully fry the aipim and carne seca bites in batches until golden brown and crispy on all sides. Drain on paper towels."",""Serve hot as an appetizer, often with a side of lime wedges or a spicy sauce.""]",55,Brazilian,Appetizers,3,https://yiling.sirv.com/UkLWZg/5sJQZn-msx3nO-1745462433.png
Aegean Whisper Fungi,"This poetic name combines a reference to the Greek sea (Aegean) with the key ingredient (Fungi), suggesting a delicate, sweet creation that is unexpected and unique.",Mushrooms,"[""Mushrooms"",""Honey"",""Butter"",""Sugar"",""Ground cinnamon"",""Chopped walnuts"",""Ground cloves (optional)"",""Greek yogurt or vanilla ice cream (for serving)""]","[""Clean and slice 500g of mushrooms (such as cremini or buttons)."",""Melt 3 tablespoons of butter in a skillet over medium heat. Add the sliced mushrooms and cook, stirring occasionally, until they release their moisture and start to brown, about 8-10 minutes."",""Stir in 1/2 cup of honey, 1/4 cup of sugar, 1 teaspoon of ground cinnamon, and a pinch of ground cloves (optional)."",""Reduce the heat to low and simmer gently, stirring frequently, for another 10-15 minutes, or until the mushrooms are tender and coated in a thick, syrupy glaze."",""Remove from heat and stir in 1/4 cup of chopped walnuts."",""Serve the warm mushroom dessert over Greek yogurt, vanilla ice cream, or alongside a piece of filo pastry.""]",25,Greek,Desserts,3,https://yiling.sirv.com/UkLWZg/FLTGX8-msx3nO-1745462437.png
Midnight Mole Whispers,"The name suggests a rich, earthy, and subtly spicy flavor profile, like a shadow cast by the mole sauce which is central to the dish, often featuring peanuts.",Peanuts,"[""Peanuts"",""Chicken thighs"",""Ancho chilies"",""Garlic"",""Onion"",""Tomatoes"",""Chicken broth"",""Tortillas"",""Cilantro"",""Salt"",""Pepper"",""Oil""]","[""Toast peanuts lightly and set aside."",""Rehydrate ancho chilies in hot water, then seed and stem them."",""Sauté chopped onion and garlic in oil until softened."",""Add chopped tomatoes and cook until they break down."",""Blend rehydrated chilies, sautéed vegetables, peanuts, and chicken broth until smooth."",""Simmer the sauce, seasoning with salt and pepper."",""Sear chicken thighs until browned, then add to the sauce and cook until tender."",""Serve chicken and mole sauce with warm tortillas and fresh cilantro."",""Optionally, serve with rice or beans.""]",75,Mexican,Dinner,3,https://yiling.sirv.com/UkLWZg/kQJKT9-msx3nO-1745462441.png
Andean Pepper Symphony,"This name evokes the vibrant colors and fresh, lively flavors typical of Peruvian ingredients, especially the crispness of bell peppers and the freshness of lime and cilantro.",Bell Pepper,"[""Bell pepper (various colors)"",""Quinoa"",""Corn kernels"",""Black beans"",""Red onion"",""Cilantro"",""Lime juice"",""Olive oil"",""Cumin"",""Salt"",""Pepper"",""Avocado""]","[""Cook quinoa according to package instructions and let it cool."",""Dice bell peppers and red onion finely."",""In a bowl, combine cooked quinoa, diced bell peppers, red onion, corn, and black beans."",""Chop fresh cilantro and add to the bowl."",""In a separate small bowl, whisk together lime juice, olive oil, cumin, salt, and pepper to make the dressing."",""Pour the dressing over the quinoa mixture and toss gently to combine."",""Cube avocado and gently fold into the salad just before serving."",""Serve chilled as an appetizer.""]",25,Peruvian,Appetizers,2,https://yiling.sirv.com/UkLWZg/3T2WpP-msx3nO-1745462446.png
Velvet Vinegar Secret,"This name hints at a classic Southern dessert (often using vinegar) that feels comforting and slightly mysterious, perfect for a sweet treat rooted in tradition with a twist.",Vinegar,"[""All-purpose flour"",""Cocoa powder"",""Baking soda"",""Salt"",""Sugar"",""Vegetable oil"",""Buttermilk"",""Eggs"",""Vanilla extract"",""White vinegar"",""Red food coloring (optional)"",""Cream cheese"",""Butter (softened)"",""Powdered sugar""]","[""Preheat oven to 350°F (175°C). Grease and flour cake pans."",""In a medium bowl, whisk together flour, cocoa powder, baking soda, and salt."",""In a large bowl, whisk together sugar, oil, buttermilk, eggs, and vanilla extract."",""In a small bowl, mix vinegar and red food coloring (if using). Stir into the wet ingredients."",""Gradually add the dry ingredients to the wet ingredients, mixing until just combined. Do not overmix."",""Pour batter evenly into prepared pans."",""Bake for 30-35 minutes, or until a wooden skewer inserted into the center comes out clean."",""Let cakes cool in pans for 10 minutes before transferring to a wire rack to cool completely."",""For frosting, beat cream cheese and softened butter until smooth."",""Gradually add powdered sugar and vanilla extract, beating until light and fluffy."",""Once cakes are completely cool, frost as desired.""]",60,Soul Food,Desserts,3,https://yiling.sirv.com/UkLWZg/DzgPsx-msx3nO-1745462452.png
Golden Cloud Blossoms,"The name evokes the visual of fluffy, golden egg bites (like little clouds or blossoms) served as an appetizer.",Eggs,"[""Eggs"",""Fish sauce"",""Sugar"",""Lime juice"",""Vegetable oil"",""Fresh chili"",""Cilantro"",""Shallots""]","[""Beat eggs with fish sauce, sugar, and lime juice in a bowl."",""Heat vegetable oil in a small pan over medium heat."",""Pour in the egg mixture, allowing it to puff up slightly."",""Cook until golden brown on the bottom and set."",""Transfer to a plate."",""Garnish with sliced chili, fresh cilantro leaves, and thinly sliced shallots."",""Serve warm as an appetizer.""]",18,Thai,Appetizers,2,https://yiling.sirv.com/UkLWZg/ml8x3n-msx3nO-1745462456.png
Jade Silk Stir-fry,"""Jade"" refers to the green color of spinach, and ""Silk"" describes the smooth texture after stir-frying. It's a simple yet elegant lunch dish.",Spinach,"[""Spinach"",""Garlic"",""Ginger"",""Soy sauce"",""Oyster sauce"",""Sesame oil"",""Vegetable oil""]","[""Wash and thoroughly dry the spinach leaves."",""Heat vegetable oil in a wok or large pan over high heat until shimmering."",""Add minced garlic and sliced ginger, stir-fry for about 30 seconds until fragrant."",""Add the spinach to the wok and stir-fry quickly until it begins to wilt."",""Add soy sauce, oyster sauce, and a dash of sesame oil."",""Toss continuously for another 1-2 minutes until spinach is just tender."",""Remove from heat and serve immediately.""]",12,Chinese,Lunch,1,https://yiling.sirv.com/UkLWZg/5sSQZn-msx3nO-1745462461.png
Saigon Sunset Loaf,"""Saigon Sunset"" evokes the vibrant, warm flavors often found in a Vietnamese dinner, and ""Loaf"" refers to the bread base (like a Banh Mi, adapted for a more substantial meal).",Bread,"[""Vietnamese baguette or crusty bread"",""Cooked pork (or other filling like chicken, tofu)"",""Pate"",""Mayonnaise"",""Pickled carrots and daikon"",""Cucumber"",""Fresh cilantro"",""Fresh chili (optional)"",""Soy sauce or liquid seasoning""]","[""Preheat oven if warming bread. Slice the baguette or loaf lengthwise, without cutting all the way through."",""Optional: Lightly toast the bread in the oven or a pan."",""Spread pate and mayonnaise generously on the cut sides of the bread."",""Layer the cooked pork (or other desired filling) evenly along the bread."",""Arrange the pickled carrots and daikon, cucumber slices, cilantro sprigs, and chili slices (if using) over the filling."",""Drizzle a little soy sauce or other desired sauce over the ingredients."",""Carefully close the sandwich."",""Cut into portions if desired and serve.""]",28,Vietnamese,Dinner,3,https://yiling.sirv.com/UkLWZg/M3Ynyl-msx3nO-1745462476.png
Emerald Spire Schnitzel,"The name 'Emerald Spire Schnitzel' evokes the vibrant green of the lime ('Emerald') and combines it with 'Spire,' suggesting height and elegance reminiscent of German architecture, giving a classic dish a refreshing, zesty twist.",Lime,"[""Veal cutlets"",""All-purpose flour"",""Eggs"",""Breadcrumbs"",""Lime (for zest and wedges)"",""Salt"",""Black pepper"",""Butter"",""Vegetable oil"",""Potatoes (optional, for serving)"",""Fresh parsley (optional, for garnish)""]","[""Prepare the veal cutlets by pounding them thin, about 1/4 inch."",""Set up three shallow dishes: one with flour seasoned with salt and pepper, one with beaten eggs, and one with breadcrumbs mixed with finely grated lime zest."",""Dredge each cutlet first in flour, shaking off excess, then dip in egg, ensuring it's fully coated, and finally coat generously with the lime-infused breadcrumbs."",""Heat a generous amount of butter and oil in a large pan over medium-high heat."",""Fry the schnitzels for 3-4 minutes per side, or until golden brown and cooked through."",""Remove from pan and drain on paper towels."",""Serve immediately with lime wedges and perhaps some parsley potatoes.""]",45,German,Dinner,3,https://yiling.sirv.com/UkLWZg/p5CklV-msx3nO-1745462481.png
Whispering Basil Snow,"'Whispering Basil Snow' captures the delicate, aromatic quality of basil ('Whispering Basil') and the ethereal, fluffy texture of shaved ice ('Snow'), creating a poetic image for a unique Korean dessert.",Basil,"[""Milk (or water for regular ice)"",""Sweetened condensed milk"",""Fresh basil leaves"",""Sugar"",""Water"",""Sweet red bean paste"",""Various fruit toppings (e.g., mango, strawberries)"",""Mochi (optional)""]","[""First, prepare the basil syrup. Combine sugar and water in a saucepan and heat until sugar dissolves. Add fresh basil leaves, simmer for 5-10 minutes, then remove from heat. Let it steep for 30 minutes, strain out basil leaves, and let the syrup cool completely."",""Prepare the sweet red bean paste if not using store-bought."",""Prepare any other toppings like chopped fruit (mango, strawberries) or mochi."",""Using a bingsu machine or a high-powered blender with ice-shaving attachment, shave milk ice or regular ice into a large bowl."",""Pile the shaved ice high to resemble a cloud."",""Drizzle generous amounts of the cooled basil syrup and condensed milk over the ice."",""Arrange sweet red bean paste and other prepared toppings artistically around and over the ice."",""Serve immediately with long spoons.""]",60,Korean,Desserts,4,https://yiling.sirv.com/UkLWZg/sel8ja-msx3nO-1745462486.png
Golden Thyme Embrace,"'Golden Thyme Embrace' suggests the warm, golden color of the baked puff pastry ('Golden') and the way the pastry wraps around ('Embrace') the flavorful filling of goat cheese, honey, and fragrant thyme.",Thyme,"[""Puff pastry dough"",""Soft goat cheese"",""Honey"",""Fresh thyme sprigs"",""Egg (for egg wash)"",""Water (for egg wash)""]","[""Preheat your oven to the temperature specified on the puff pastry package, usually around 400°F (200°C). Line a baking sheet with parchment paper."",""Roll out the puff pastry dough slightly if necessary, then cut it into desired shapes, such as squares or circles."",""Place a small dollop of soft goat cheese onto the center of each pastry shape."",""Drizzle a small amount of honey over the goat cheese."",""Sprinkle fresh thyme leaves generously over the cheese and honey."",""Fold the pastry dough over the filling, crimping the edges with a fork to seal, creating small parcels or turnovers."",""In a small bowl, whisk an egg with a tablespoon of water to make an egg wash. Brush the tops of the pastry parcels with the egg wash for a golden finish."",""Place the parcels on the prepared baking sheet and bake for 15-20 minutes, or until puffed up and golden brown."",""Let cool slightly before serving warm as appetizers.""]",30,French,Appetizers,2,https://yiling.sirv.com/UkLWZg/rI8ClY-msx3nO-1745462492.png
Seoul Sky Puffs,"The name evokes the light, airy texture created by the baking powder, reminiscent of clouds over Seoul, the capital of Korea. It suggests a delicate and pleasant appetizer.",Baking Powder,"[""1 cup All-Purpose Flour"",""2 tsp Baking Powder"",""1/2 tsp Salt"",""3/4 cup Milk"",""1 Large Egg"",""1 tbsp Melted Butter"",""Optional: 1/4 cup finely chopped Kimchi or Green Onion""]","[""In a bowl, whisk together flour, baking powder, and a pinch of salt."",""In a separate bowl, combine milk, egg, and a tablespoon of melted butter."",""Gradually add the wet ingredients to the dry ingredients, mixing until just combined. Do not overmix."",""If adding savory elements like finely chopped kimchi or green onion, gently fold them into the batter."",""Heat a lightly oiled non-stick pan or a specific puff pan over medium heat."",""Spoon small dollops of batter into the pan, leaving space between them."",""Cook for 2-3 minutes per side, or until golden brown and puffed."",""Serve warm, perhaps with a side of soy sauce or a mild dipping sauce.""]",20,Korean,Appetizers,2,https://yiling.sirv.com/UkLWZg/86PR0I-msx3nO-1745462497.png
Tuscan Earth Cake,"This name is chosen to reflect the unexpected addition of beef fat (rendering from beef) which adds a rustic, earthy richness to a traditional Italian-style cake, linking it metaphorically to the Tuscan landscape.",Beef,"[""1 1/2 cups All-Purpose Flour"",""1/4 cup unsweetened Cocoa Powder"",""1 tsp Baking Powder"",""1/2 tsp Salt"",""1/2 cup Unsalted Butter, softened"",""1/4 cup Rendered Beef Fat (Suet)"",""1 1/4 cups Granulated Sugar"",""2 Large Eggs"",""1 tsp Vanilla Extract"",""1/2 cup Milk"",""1/2 cup Dried Cherries"",""1 tsp Orange Zest""]","[""Preheat oven to 350°F (175°C). Grease and flour an 8-inch cake pan."",""In a medium bowl, whisk together flour, cocoa powder, baking powder, and salt."",""In a large bowl, cream together the softened butter and rendered beef fat with sugar until light and fluffy."",""Beat in the eggs one at a time, ensuring each is fully incorporated before adding the next. Add the vanilla extract."",""Alternately add the dry ingredients and milk to the wet ingredients, starting and ending with the dry ingredients. Mix until just combined, being careful not to overmix."",""Gently fold in the dried cherries and orange zest."",""Pour the batter into the prepared cake pan and spread evenly."",""Bake for 35-40 minutes, or until a toothpick inserted into the center comes out clean."",""Let the cake cool in the pan for 10 minutes before inverting it onto a wire rack to cool completely.""]",45,Italian,Desserts,4,https://yiling.sirv.com/UkLWZg/arstNv-msx3nO-1745462501.png
Rising Sun Spark Bites,"The name references the 'spark' or warmth that ginger provides, combined with the classic Japanese 'Rising Sun' motif, suggesting small, vibrant appetizer-sized portions ('Bites').",Ginger,"[""1/2 lb Minced Pork or Chicken"",""1 tbsp Grated Fresh Ginger"",""1 clove Garlic, minced"",""1 tbsp Soy Sauce"",""1 tsp Mirin"",""1 tsp Sake (optional)"",""1 tbsp Cornstarch"",""12-15 Wonton Wrappers or small pastry cases""]","[""In a bowl, combine the minced pork or chicken, grated ginger, minced garlic, soy sauce, mirin, and sake."",""Add the cornstarch and mix well until all ingredients are evenly distributed and the mixture is slightly thickened."",""Place a small amount of the filling in the center of each wonton wrapper or small pastry case."",""Fold the wrappers into desired shapes (e.g., half-moon, purse) or press the filling into the pastry cases."",""To steam: Arrange the bites in a steamer basket lined with parchment paper. Steam over simmering water for 10-12 minutes, or until the filling is cooked through."",""To pan-fry (for wontons): Heat a tablespoon of oil in a non-stick pan over medium heat. Place the wontons in the pan and cook until the bottoms are golden brown. Add about 1/4 cup of water to the pan, cover immediately, and steam for 5-7 minutes, or until the wrappers are tender and the filling is cooked."",""Serve warm with a side of soy sauce or a ginger-sesame dipping sauce.""]",30,Japanese,Appetizers,3,https://yiling.sirv.com/UkLWZg/Q8DA48-msx3nO-1745462506.png
Bayou Whisper Greens,"The name evokes the slow, gentle cooking method and the Southern roots of this dish, like a secret recipe shared quietly.",Olive Oil,"[""Fresh collard greens"",""Olive oil"",""Smoked ham hock"",""Onion"",""Garlic"",""Chicken broth"",""Apple cider vinegar"",""Sugar"",""Red pepper flakes"",""Salt"",""Black pepper""]","[""Wash collard greens thoroughly, remove tough stems, and chop into bite-sized pieces."",""Heat olive oil in a large pot or Dutch oven over medium heat."",""Add chopped onion and cook until softened, about 5 minutes."",""Stir in minced garlic and red pepper flakes, cooking for another minute until fragrant."",""Add the smoked ham hock to the pot."",""Add the chopped collard greens, chicken broth, apple cider vinegar, sugar, salt, and black pepper."",""Bring the mixture to a boil, then reduce heat to low, cover, and simmer for 1-2 hours, or until greens are very tender."",""Stir occasionally and add more broth if needed to keep the greens moist."",""Remove the ham hock, shred the meat if desired, and return to the pot."",""Taste and adjust seasoning before serving.""]",40,Soul Food,Lunch,2,https://yiling.sirv.com/UkLWZg/Q8PA48-msx3nO-1745462511.png
Desert Bloom Flatbreads,"Reflects the way the flatbreads puff up and blister during baking, resembling a flower blooming in arid conditions, typical of the Middle East.",Flour,"[""All-purpose flour"",""Warm water"",""Active dry yeast"",""Sugar"",""Salt"",""Olive oil"",""Za'atar spice blend""]","[""In a small bowl, combine warm water, yeast, and sugar. Let stand for 5-10 minutes until frothy."",""In a large mixing bowl, whisk together flour and salt."",""Pour the yeast mixture and a tablespoon of olive oil into the flour mixture."",""Stir with a spoon or your hands until a shaggy dough forms."",""Turn the dough out onto a lightly floured surface and knead for 5-7 minutes until smooth and elastic."",""Lightly grease the large bowl with olive oil, place the dough in it, and turn to coat."",""Cover the bowl with plastic wrap and let rise in a warm place for 1 hour, or until doubled in size."",""Preheat your oven to the highest temperature it can reach (usually 450-500°F or 230-260°C) with a baking stone or baking sheet inside."",""Punch down the dough and divide it into 4-6 equal pieces."",""On a lightly floured surface, roll or stretch each piece into a thin oval or circle."",""Brush each flatbread lightly with olive oil and sprinkle generously with Za'atar."",""Carefully transfer the flatbreads to the hot baking stone or sheet."",""Bake for 4-8 minutes, or until puffed up and lightly browned."",""Remove from oven and serve warm.""]",90,Middle Eastern,Lunch,3,https://yiling.sirv.com/UkLWZg/86uR0I-msx3nO-1745462516.png
Aztec Rain Drops,"This name suggests small, precious, and flavorful bites inspired by ancient Mexican culture, with 'Rain Drops' hinting at the essential role of water in masa preparation and life.",Water,"[""Masa harina"",""Warm water"",""Salt"",""Vegetable oil for frying"",""Filling (e.g., cheese, seasoned beans, shredded chicken)""]","[""In a medium bowl, combine masa harina and salt."",""Gradually add warm water to the masa harina, mixing with your hands until a moist dough forms."",""Knead the dough for about 2 minutes until it is smooth and holds together without cracking at the edges."",""The dough should be moist but not sticky; add a little more water or masa harina if needed."",""Take small portions of dough (about 1-2 tablespoons) and roll them into balls."",""Press each ball flat using a tortilla press or between two pieces of plastic wrap using a flat object."",""Place a small amount of your chosen filling in the center of each flattened disc."",""Carefully fold the disc in half and pinch the edges to seal, forming a half-moon shape (quesadilla/empanada style) or bring the edges together to form a ball (gordita style)."",""Heat vegetable oil in a frying pan over medium-high heat."",""Carefully place the 'Rain Drops' in the hot oil (don't overcrowd the pan)."",""Fry for 3-5 minutes per side, or until golden brown and cooked through."",""Remove from oil and drain on paper towels."",""Serve hot with salsa, crema, or guacamole.""]",55,Mexican,Appetizers,3,https://yiling.sirv.com/UkLWZg/oD3lrK-msx3nO-1745462521.png
Emerald Citrus Bites,"Emerald for the potential use of green herbs and a nod to gemstone names, Citrus for the key ingredient lemon, and Bites as they are small appetizers.",Lemon,"[""Boneless, skinless chicken breast or thighs"",""Cornstarch"",""Salt"",""Black pepper"",""Vegetable oil for frying"",""Fresh lemon juice"",""Soy sauce"",""Fresh ginger, grated"",""Garlic, minced"",""Sugar""]","[""Cut chicken into bite-sized pieces."",""In a bowl, mix cornstarch, salt, and pepper."",""Dredge chicken pieces in the cornstarch mixture."",""Heat oil in a wok or large pan over medium-high heat."",""Fry chicken until golden brown and cooked through. Remove and set aside."",""In a separate small pan, whisk together lemon juice, soy sauce, ginger, garlic, and sugar."",""Heat sauce until it thickens slightly."",""Add the fried chicken back to the wok."",""Pour the lemon sauce over the chicken and toss to coat."",""Serve immediately, optionally garnished with lemon zest or green onions.""]",25,Chinese,Appetizers,2,https://yiling.sirv.com/UkLWZg/4aROlu-msx3nO-1745463233.png
Sunrise Island Drops,"Sunrise represents the vibrant orange color of carrots, Island refers to the Caribbean cuisine, and Drops implies small, bite-sized pieces like fritters.",Carrots,"[""Carrots"",""All-purpose flour"",""Sugar"",""Baking powder"",""Salt"",""Caribbean spices (e.g., nutmeg, allspice, cinnamon)"",""Egg"",""Milk (optional)"",""Vegetable oil for frying""]","[""Peel and grate the carrots."",""In a bowl, mix together grated carrots, flour, sugar, baking powder, salt, and spices."",""In a separate bowl, whisk the egg and add milk (if using)."",""Add the wet ingredients to the dry ingredients and mix until just combined."",""Heat oil in a frying pan over medium heat."",""Drop spoonfuls of the batter into the hot oil."",""Fry for 2-3 minutes per side, or until golden brown and cooked through."",""Remove fritters from oil and drain on paper towels."",""Serve warm, optionally with a dipping sauce.""]",20,Caribbean,Appetizers,2,https://yiling.sirv.com/UkLWZg/q0k31J-msx3nO-1745463242.png
Velvet Orchid Scrolls,"Velvet describes the smooth, creamy texture from the cream ingredient, Orchid is a flower often associated with Thailand, and Scrolls suggests the shape of spring rolls.",Cream,"[""Rice paper wrappers"",""Assorted vegetables (e.g., carrots, cucumber, bell peppers, lettuce, herbs)"",""Shrimp or chicken (optional)"",""Coconut cream"",""Lime juice"",""Fish sauce"",""Sugar"",""Chili flakes (optional)""]","[""Prepare the filling: Sauté finely chopped vegetables and protein (if using) in a pan until tender. Let cool."",""Prepare the creamy sauce/dip: Combine coconut cream with lime juice, fish sauce, a pinch of sugar, and chili flakes (to taste). Adjust seasoning."",""Prepare the rice paper wrappers: Dip one wrapper at a time in warm water for 20-30 seconds until pliable."",""Lay the softened wrapper flat on a clean surface."",""Place a portion of the filling near the bottom edge of the wrapper."",""Fold the bottom edge over the filling, then fold in the sides."",""Roll tightly upwards to create a spring roll."",""Repeat with remaining wrappers and filling."",""Serve the rolls immediately with the creamy coconut dip.""]",30,Thai,Appetizers,3,https://yiling.sirv.com/UkLWZg/JyHaEB-msx3nO-1745463252.png
Aegean Pearl Pilaf,The name combines 'Aegean' to signify its Greek origin and 'Pearl Pilaf' to describe the appearance of the rice grains and the style of dish.,Rice,"[""1 cup Rice"",""2 cups Vegetable broth"",""1/4 cup Olive oil"",""1 small Onion, chopped"",""2 cloves Garlic, minced"",""1/4 cup Fresh lemon juice"",""1/4 cup Fresh parsley, chopped"",""1/4 cup Feta cheese, crumbled"",""Salt to taste"",""Black pepper to taste""]","[""In a medium saucepan, heat olive oil over medium heat."",""Add chopped onion and garlic, sautéing until translucent, about 5 minutes."",""Stir in the rice and toast for 1-2 minutes until slightly opaque."",""Pour in the vegetable broth and bring to a boil. Reduce heat, cover, and simmer for 15-20 minutes, or until rice is cooked and liquid is absorbed."",""Fluff the rice with a fork."",""Stir in fresh lemon juice, chopped parsley, and crumbled feta cheese."",""Season with salt and pepper to taste. Serve warm.""]",30,Greek,Lunch,2,https://yiling.sirv.com/UkLWZg/tCbyJw-msx3nO-1745462540.png
Andalusian Vanilla Kiss,"Andalusia is a region in Spain known for its culture and often sweet treats. 'Vanilla Kiss' suggests a delicate, sweet, and memorable bite.",Vanilla Extract,"[""1/2 cup Unsalted butter, softened"",""1/4 cup Granulated sugar"",""1 large Egg"",""1 teaspoon Vanilla Extract"",""1 1/4 cups All-purpose flour"",""1/2 teaspoon Baking powder"",""1/4 teaspoon Salt""]","[""Preheat oven to 350°F (175°C). Line a baking sheet with parchment paper."",""In a bowl, cream together butter and sugar until light and fluffy."",""Beat in the egg and Vanilla Extract."",""In a separate bowl, whisk together flour, baking powder, and salt."",""Gradually add the dry ingredients to the wet ingredients, mixing until just combined."",""Drop small spoonfuls of dough onto the prepared baking sheet, leaving space between them."",""Bake for 10-12 minutes, or until edges are lightly golden."",""Let cookies cool on the baking sheet for a few minutes before transferring to a wire rack to cool completely.""]",25,Spanish,Appetizers,3,https://yiling.sirv.com/UkLWZg/NuazXv-msx3nO-1745462544.png
Saigon Sunset Skewers,The name evokes the imagery of a beautiful evening in Saigon and directly describes the form of the appetizer (skewers) and the main ingredient (chicken implicitly).,Chicken,"[""1 lb Chicken breast or thighs"",""1/4 cup Soy sauce"",""2 tablespoons Fish sauce"",""1 tablespoon Honey"",""2 cloves Garlic, minced"",""1 teaspoon Ginger, grated"",""1 stalk Lemongrass, finely minced (white part only)"",""1 teaspoon Sesame oil"",""Wooden or metal skewers""]","[""Cut Chicken into bite-sized pieces, suitable for skewers."",""In a bowl, whisk together soy sauce, fish sauce, honey, garlic, ginger, lemongrass, and sesame oil."",""Add the Chicken pieces to the marinade, ensuring they are well coated. Cover and refrigerate for at least 30 minutes."",""If using wooden skewers, soak them in water for 30 minutes to prevent burning."",""Thread the marinated Chicken onto the skewers."",""Preheat grill or grill pan to medium-high heat."",""Grill skewers for 8-12 minutes, turning occasionally, until Chicken is cooked through and has nice grill marks."",""Serve hot, optionally with a dipping sauce.""]",35,Vietnamese,Appetizers,3,https://yiling.sirv.com/UkLWZg/XMpbb5-msx3nO-1745462549.png
Urban Meadow Pasta,"The name evokes a sense of fresh, simple ingredients often found in American comfort food, suitable for a relaxed lunch break in an urban setting.",Pasta,"[""Pasta"",""Ground beef or turkey"",""Tomato sauce"",""Onion"",""Garlic"",""Bell pepper"",""Shredded cheese"",""Dried oregano"",""Dried basil"",""Salt"",""Pepper""]","[""Bring a large pot of salted water to a boil."",""While water heats, brown ground beef or turkey in a large skillet over medium heat. Drain excess fat."",""Add chopped onion, garlic, and bell pepper to the skillet and cook until softened."",""Pour in tomato sauce, add herbs like oregano and basil, season with salt and pepper."",""Simmer the sauce for 15-20 minutes."",""Cook pasta according to package directions. Drain."",""Combine drained pasta with the sauce. Top with shredded cheese before serving.""]",25,American,Lunch,2,https://yiling.sirv.com/UkLWZg/kQYKT9-msx3nO-1745462554.png
Spice Route Bites,"The name suggests small, flavorful bites that hint at the journey of spices from India, highlighting the chili powder.",Chili Powder,"[""Besan (chickpea flour)"",""Chili Powder"",""Turmeric powder"",""Cumin powder"",""Coriander powder"",""Salt"",""Water"",""Mixed vegetables (onion, potato, spinach)"",""Oil for frying"",""Chutney or yogurt for serving (optional)""]","[""In a bowl, whisk together besan (chickpea flour), chili powder, turmeric, cumin, coriander, and salt."",""Gradually add water while whisking to form a thick, smooth batter."",""Slice vegetables (onions, potatoes, spinach) thinly."",""Heat oil in a frying pan over medium-high heat."",""Dip each vegetable slice into the batter, ensuring it's fully coated."",""Carefully place battered vegetables into the hot oil, frying a few at a time."",""Fry until golden brown and crispy on all sides. Drain on paper towels."",""Serve hot with chutney or yogurt dip.""]",18,Indian,Appetizers,3,https://yiling.sirv.com/UkLWZg/ZqQMUP-msx3nO-1745462559.png
Amazon River Rhapsody,"The name evokes the vibrant and rich flavors often found in Brazilian cuisine, particularly dishes from the Amazon region featuring fish, suggesting a harmonious blend of tastes.",Fish,"[""White fish fillets"",""Dendê oil"",""Onions"",""Bell peppers (various colors)"",""Tomatoes"",""Coconut milk"",""Lime"",""Fresh cilantro"",""Salt"",""Pepper"",""White rice (for serving)""]","[""Cut fish fillets into large chunks."",""In a large pot or deep skillet, heat dendê oil over medium heat."",""Sauté chopped onions, bell peppers, and tomatoes until softened."",""Add fish chunks, coconut milk, and lime juice."",""Season with salt and pepper. Gently stir."",""Cover and simmer for 15-20 minutes, or until fish is cooked through and flakes easily."",""Stir in fresh chopped cilantro just before serving."",""Serve hot, typically with white rice.""]",35,Brazilian,Dinner,3,https://yiling.sirv.com/UkLWZg/Sm1Isz-msx3nO-1745462564.png
Azure Paprika Dream,"The name evokes the blue Mediterranean sea and the vibrant red paprika spice, suggesting a light, flavorful, and almost dream-like lunch experience.",Paprika,"[""Chicken breast"",""Olive oil"",""Paprika"",""Tomatoes"",""Onion"",""Garlic"",""Bell peppers"",""Salt"",""Pepper"",""Oregano""]","[""Heat olive oil in a large pan over medium heat."",""Add chopped onion and bell peppers, sauté until softened."",""Stir in minced garlic and cook for one minute until fragrant."",""Add chicken breast cut into bite-sized pieces and brown on all sides."",""Sprinkle paprika, oregano, salt, and pepper over the chicken and vegetables."",""Add chopped tomatoes and a splash of water or broth."",""Bring to a simmer, cover, and cook for 15-20 minutes, or until chicken is cooked through and sauce has thickened."",""Serve hot, perhaps with rice or crusty bread."",""Taste and adjust seasoning if necessary before serving."",""Garnish with fresh herbs like parsley if desired for extra flavor and color, making sure the presentation is appealing for a lunch meal."",""Ensure chicken is fully cooked by checking that juices run clear when pierced."",""Allow the dish to rest for a few minutes before serving to let flavors meld together effectively."",""This recipe highlights the paprika and Mediterranean flavors seamlessly."",""Enjoy this quick and flavorful Mediterranean lunch option.""]",35,Mediterranean,Lunch,2,https://yiling.sirv.com/UkLWZg/LKEpHO-msx3nO-1745462569.png
Abyssinian Salted Honey Blossom,"Refers to Abyssinia, an ancient name for Ethiopia, combining the key ingredients (Salt, Honey) with 'Blossom' to suggest sweetness and beauty in a dessert.",Salt,"[""Butter"",""Honey"",""Sugar"",""Flour"",""Eggs"",""Baking powder"",""Salt"",""Cardamom"",""Ginger"",""Cinnamon""]","[""Preheat oven to 350°F (175°C). Grease and flour a baking pan."",""In a large bowl, cream together butter and sugar until light and fluffy."",""Beat in eggs one at a time, mixing well after each addition."",""Stir in honey."",""In a separate bowl, whisk together flour, baking powder, salt, cardamom, ginger, and cinnamon."",""Gradually add the dry ingredients to the wet ingredients, mixing until just combined."",""Pour batter into the prepared baking pan."",""Bake for 30-40 minutes, or until a toothpick inserted into the center comes out clean."",""Let cool in the pan for 10 minutes before inverting onto a wire rack to cool completely."",""Once cooled, you can dust with powdered sugar or drizzle with extra honey."",""This dessert brings together classic Ethiopian spice notes with the essential salt ingredient."",""Ensure all spices are fresh for best flavor."",""Handle the warm dessert gently when inverting to prevent breakage."",""Serve slices with tea or coffee for a delightful treat."",""The combination of salt and honey creates an interesting flavor profile.""]",55,Ethiopian,Desserts,3,https://yiling.sirv.com/UkLWZg/KAw5Q8-msx3nO-1745462574.png
Andean Milky Cloud,"Connects to the Andean region of Peru and highlights the creamy, light texture provided by the milk, suggesting a delicate and airy appetizer.",Milk,"[""Potatoes"",""Milk"",""Cheese"",""Yellow aji pepper paste"",""Onion"",""Garlic"",""Salt"",""Crackers or bread"",""Hard-boiled eggs"",""Olives""]","[""Boil potatoes until tender. Let them cool, peel, and slice."",""In a blender, combine milk, cheese, yellow aji pepper paste, sautéed onion and garlic, and salt."",""Add crackers or bread (soaked in milk) to the blender to thicken the sauce."",""Blend until the sauce is smooth and creamy."",""Arrange sliced potatoes on a serving platter."",""Pour the creamy sauce over the potatoes."",""Garnish with sliced hard-boiled eggs and olives."",""This dish is traditionally served cold or at room temperature as an appetizer."",""Ensure the sauce consistency is thick enough to coat the potatoes."",""Adjust salt and aji paste to your desired level of spice."",""The milk is crucial for the creamy texture of the sauce."",""Serve immediately or chill before serving for best results."",""This represents a classic Peruvian appetizer with the required milk ingredient."",""Enjoy this simple yet flavorful starter."",""The creaminess from the milk makes it feel light, like a cloud.""]",25,Peruvian,Appetizers,1,https://yiling.sirv.com/UkLWZg/hwPBvQ-msx3nO-1745463269.png
Golden Honeycomb Delight,"The name evokes the golden color and honeycomb pattern of the almond-honey topping, characteristic of traditional German Bee Sting Cake (Bienenstich), while suggesting a delightful and sweet dessert.",Yeast,"[""All-purpose flour"",""Active dry yeast"",""Granulated sugar"",""Warm milk"",""Unsalted butter"",""Eggs"",""Salt"",""Sliced almonds"",""Honey"",""Heavy cream"",""Vanilla extract""]","[""In a large bowl, dissolve yeast and a pinch of sugar in warm milk. Let stand for 5-10 minutes until foamy."",""Melt butter. In a separate bowl, combine flour, remaining sugar, and salt."",""Add melted butter, egg, and yeast mixture to the dry ingredients. Knead until a smooth, elastic dough forms (about 5-7 minutes)."",""Place dough in a greased bowl, cover, and let rise in a warm place until doubled in size (about 1-1.5 hours)."",""While dough rises, prepare the topping. In a saucepan, melt butter, honey, and remaining sugar over medium heat. Bring to a boil, then remove from heat. Stir in sliced almonds."",""Punch down the risen dough and press it evenly into a greased 9x13 inch baking pan."",""Pour the warm almond-honey topping evenly over the dough in the pan."",""Bake in a preheated oven at 350°F (175°C) for 30-40 minutes, or until the cake is golden brown and cooked through."",""Let the cake cool slightly in the pan before slicing and serving. Optionally, slice horizontally and fill with whipped cream or pastry cream.""]",45,German,Desserts,4,https://yiling.sirv.com/UkLWZg/IxJvBl-msx3nO-1745462581.png